date,brand,racquet,grade,grip,used_price,new_price,sku
2026-08-06,Wilson,Wilson Blade Pro 100 v10 Racquet,Grade A,"4 1/4""",259.0,299.0,UR8A09E
2026-08-06,Wilson,Wilson Blade Pro 100 v10 Racquet,Grade B,"4 3/8""",249.0,299.0,UR0B23E
2026-08-06,Wilson,Wilson Blade Pro 100 v10 Racquet,Grade B,"4 1/2""",249.0,299.0,URD0E01B
2026-08-06,Wilson,Wilson Blade 100 v10 Racquet,Grade A,"4 1/4""",239.0,299.0,UR8A16E
2026-08-06,Wilson,Wilson Blade 98 16x19 v9 Racquet,Grade A,"4 3/8""",209.0,249.0,UR8B18G
2026-08-06,Wilson,Wilson Blade 98 16x19 v9 Racquet,Grade B,"4 3/8""",199.0,249.0,UR8B08G
2026-08-06,Wilson,Wilson Blade 98 18x20 v9 Racquet,Grade C,"4 3/8""",189.0,249.0,UR8B07A
2026-08-06,Wilson,Wilson Blade 98S v9 Racquet,Grade A,"4 1/8""",209.0,249.0,UR8A15A
2026-08-06,Wilson,Wilson Blade 98S v9 Racquet,Grade A,"4 1/8""",209.0,249.0,UR8A11A
2026-08-06,Wilson,Wilson Blade 100 v9 Racquet,Grade B,"4 1/4""",199.0,249.0,UR0B21C
2026-08-06,Wilson,Wilson Blade 100UL v9 Racquet,Grade B,"4 3/8""",159.0,229.0,UR0C31B
2026-08-06,Wilson,Wilson Blade 104 v9 Racquet,Grade B,"4 1/4""",199.0,249.0,UR8B15D
2026-08-06,Wilson,Wilson Blade 104 v9 Racquet,Grade C,"4 1/4""",179.0,249.0,UR0C05F
2026-08-06,Wilson,Wilson Blade 104 v9 Racquet,Grade B,"4 3/8""",199.0,249.0,UR8A15C
2026-08-06,Wilson,Wilson RF 01 Pro Racquet,Grade B,"4 3/8""",259.0,349.0,UR0C17C
2026-08-06,Wilson,Wilson RF 01 Pro Racquet,Grade B,"4 1/2""",259.0,349.0,UR0C29A
2026-08-06,Wilson,Wilson RF 01 Pro Racquet,Grade B,"4 1/2""",259.0,349.0,UR8A13B
2026-08-06,Wilson,Wilson RF 01 Pro Racquet,Grade B,"4 1/2""",259.0,349.0,UR8A06B
2026-08-06,Wilson,Wilson RF 01 Pro Racquet,Grade B,"4 1/2""",259.0,349.0,UR8A17B
2026-08-06,Wilson,Wilson RF 01 Pro Racquet,Grade B,"4 1/2""",259.0,349.0,UR8A18A
2026-08-06,Wilson,Wilson RF 01 Pro Racquet,Grade B,"4 1/2""",259.0,349.0,UR8A05G
2026-08-06,Wilson,Wilson RF 01 Racquet,Grade B,"4 1/8""",249.0,329.0,UR8A20E
2026-08-06,Wilson,Wilson RF 01 Racquet,Grade B,"4 1/4""",249.0,329.0,UR8A13D
2026-08-06,Wilson,Wilson RF 01 Racquet,Grade A,"4 3/8""",259.0,329.0,UR8A10F
2026-08-06,Wilson,Wilson RF 01 Racquet,Grade B,"4 3/8""",249.0,329.0,UR8B14G
2026-08-06,Wilson,Wilson RF 01 Racquet,Grade B,"4 3/8""",249.0,329.0,UR8A03G
2026-08-06,Wilson,Wilson RF 01 Future Racquet,Grade B,"4 1/4""",229.0,309.0,UR8B12D
2026-08-06,Wilson,Wilson Blade Pro 98 16x19 v9 Racquet,Grade B,"4 1/2""",199.0,269.0,UR8B05B
2026-08-06,Wilson,Wilson Blade Pro 98 16x19 v9 Racquet,Grade C,"4 1/2""",199.0,269.0,UR0C17D
2026-08-06,Wilson,Wilson Blade Pro 98 16x19 v9 Racquet,Grade C,"4 1/2""",199.0,269.0,UR0C17B
2026-08-06,Wilson,Wilson Blade Pro 98 16x19 v9 Racquet,Grade C,"4 1/2""",199.0,269.0,UR0C17F
2026-08-06,Wilson,Wilson Blade Pro 98 18x20 v9 Racquet,Grade B,"4 3/8""",189.0,269.0,UR0C11E
2026-08-06,Wilson,Wilson Blade Pro 98 18x20 v9 Racquet,Grade B,"4 3/8""",189.0,269.0,UR8A02B
2026-08-06,Wilson,Wilson Blade Pro 98 18x20 v9 Racquet,Grade B,"4 3/8""",189.0,269.0,UR8A02C
2026-08-06,Wilson,Wilson Ultra Pro 18x20 v4 Racquet,Grade B,"4 1/4""",119.0,159.0,UR8B04A
2026-08-06,Wilson,Wilson Ultra 99 Pro v5 Racquet,Grade B,"4 1/4""",229.0,299.0,UR8A06A
2026-08-06,Wilson,Wilson Ultra 99 Pro v5 Racquet,Grade B,"4 3/8""",229.0,299.0,UR8A17G
2026-08-06,Wilson,Wilson Clash 100 v3 Racquet,Grade B,"4 1/2""",229.0,299.0,URD0D07C
2026-08-06,Wilson,Wilson Clash 100 Pro v3 Racquet,Grade B,"4 1/4""",189.0,299.0,UR0C05B
2026-08-06,Wilson,Wilson Clash 100L v3 Racquet,Grade B,"4 1/8""",219.0,289.0,UR8A08F
2026-08-06,Wilson,Wilson Clash 100L v3 Racquet,Grade C,"4 1/4""",199.0,289.0,UR8B13F
2026-08-06,Wilson,Wilson Clash 100L v3 Reverse Racquet,Grade B,"4 3/8""",219.0,289.0,UR8A11C
2026-08-06,Wilson,Wilson Clash 108 v3 Racquet,Grade B,"4 3/8""",209.0,299.0,UR0C23C
2026-08-06,Wilson,Wilson Clash 108 v3 Racquet,Grade B,"4 1/2""",209.0,299.0,UR8A12E
2026-08-06,Wilson,Wilson Clash 108 v3 Racquet,Grade B,"4 1/2""",209.0,299.0,UR0C03F
2026-08-06,Wilson,Wilson Ultra 100 v5 Racquet,Grade B,"4 1/8""",229.0,299.0,UR8B08F
2026-08-06,Wilson,Wilson Ultra 100 v5 Racquet,Grade A,"4 1/4""",239.0,299.0,UR8A05B
2026-08-06,Wilson,Wilson Ultra 100UL v5 Racquet,Grade B,"4 3/8""",209.0,279.0,UR0B25F
2026-08-06,Wilson,Wilson Ultra 111 v5 Racquet,Grade A,"4 3/8""",229.0,289.0,UR8A03A
2026-08-06,Wilson,Wilson Ultra 111 v5 Racquet,Grade A,"4 3/8""",229.0,289.0,UR8A07E
2026-08-06,Wilson,Wilson Ultra 111 v5 Racquet,Grade A,"4 3/8""",229.0,289.0,UR8A03F
2026-08-06,Wilson,Wilson Shift 99 Roland Garros Session Soiree Racquet,Grade C,,89.0,149.0,UR0C31C
2026-08-06,Wilson,Wilson Labs Project Shift 99 300g Racquet,Grade A,"4 1/4""",209.0,269.0,UR0B29D
2026-08-06,Wilson,Wilson Triad Three Racquet,Grade B,"4 1/4""",219.0,269.0,UR0C01B
2026-08-06,Head,Head Speed Tour 2026 Racquet,Grade A,"4 1/4""",209.0,269.0,UR0C19C
2026-08-06,Head,Head Speed Tour 2026 Racquet,Grade B,"4 3/8""",199.0,269.0,UR0C07F
2026-08-06,Head,Head Speed Tour 2026 Racquet,Grade C,"4 3/8""",189.0,269.0,UR0C35E
2026-08-06,Head,Head Speed MP 2026 Racquet,Grade A,"4 1/4""",209.0,259.0,UR8B03G
2026-08-06,Head,Head Speed MP 2026 Racquet,Grade A,"4 1/4""",209.0,259.0,UR8B05C
2026-08-06,Head,Head Speed Pro 2026 Racquet,Grade A,"4 1/2""",229.0,269.0,URD0E01E
2026-08-06,Head,Head Speed Team 2026 Racquet,Grade A,"4 1/4""",189.0,239.0,UR8B11G
2026-08-06,Head,Head Speed MP L 2026 Racquet,Grade A,"4 1/4""",199.0,249.0,UR8A13C
2026-08-06,Head,Head Speed Pro Legend 2025 Racquet,Grade B,"4 1/4""",219.0,269.0,UR0C29B
2026-08-06,Head,Head Speed Pro Legend 2025 Racquet,Grade C,"4 1/4""",199.0,269.0,UR0C29C
2026-08-06,Head,Head Speed MP Legend 2025 Racquet,Grade A,"4 3/8""",209.0,259.0,UR8B13B
2026-08-06,Head,Head Speed MP Legend Racquet,Grade C,"4 1/8""",99.0,169.0,UR8B01G
2026-08-06,Head,Head Speed Team Racquet,Grade B,"4 1/8""",109.0,149.0,UR8B16C
2026-08-06,Head,Head Extreme Pro 2024 Racquet,Grade B,"4 1/2""",219.0,199.0,UR0C15A
2026-08-06,Head,Head Extreme Team 2024 Racquet,Grade A,"4 3/8""",149.0,169.0,UR8A17D
2026-08-06,Head,Head Extreme Tour Racquet,Grade A,"4 3/8""",109.0,159.0,UR0C03C
2026-08-06,Head,Head Extreme Tour Racquet,Grade A,"4 5/8""",159.0,159.0,UR0C15F
2026-08-06,Head,Head Extreme Team Racquet,Grade C,"4 1/4""",119.0,179.0,UR0C29F
2026-08-06,Head,Head Boom MP 2026 Racquet,Grade A,"4 3/8""",219.0,259.0,UR0C03E
2026-08-06,Head,Head Boom Pro Racquet,Grade B,"4 3/8""",139.0,159.0,UR8B18F
2026-08-06,Head,Head Boom Pro Racquet,Grade B,"4 1/2""",139.0,159.0,UR0B37C
2026-08-06,Head,Head Gravity Pro 2025 Racquet,Grade B,"4 1/4""",199.0,269.0,UR0C07D
2026-08-06,Head,Head Gravity Pro 2025 Racquet,Grade B,"4 1/4""",199.0,269.0,UR0C25A
2026-08-06,Head,Head Gravity Pro 2025 Racquet,Grade B,"4 1/4""",199.0,269.0,UR0C09A
2026-08-06,Head,Head Gravity Pro 2025 Racquet,Grade B,"4 1/4""",199.0,269.0,UR0C29D
2026-08-06,Head,Head Gravity Pro 2025 Racquet,Grade C,"4 1/4""",179.0,269.0,UR0B37E
2026-08-06,Head,Head Gravity Pro 2025 Racquet,Grade B,"4 3/8""",199.0,269.0,URD0D03D
2026-08-06,Head,Head Gravity Pro 2025 Racquet,Grade B,"4 1/2""",199.0,269.0,UR0C31F
2026-08-06,Head,Head Gravity Pro 2025 Racquet,Grade B,"4 1/2""",199.0,269.0,UR8A04G
2026-08-06,Head,Head Gravity Tour 2025 Racquet,Grade A,"4 3/8""",219.0,269.0,UR0B39F
2026-08-06,Head,Head Gravity Tour 2025 Racquet,Grade B,"4 3/8""",209.0,269.0,URD0D01E
2026-08-06,Head,Head Gravity Tour 2025 Racquet,Grade C,"4 3/8""",199.0,269.0,UR0C11B
2026-08-06,Head,Head Gravity MP 2025 Racquet,Grade B,"4 1/4""",199.0,259.0,UR0B27A
2026-08-06,Head,Head Gravity MP 2025 Racquet,Grade B,"4 3/8""",199.0,259.0,URD0E01D
2026-08-06,Head,Head Gravity MP L 2025 Racquet,Grade A,"4 1/4""",199.0,239.0,UR8A01C
2026-08-06,Head,Head Gravity MP L 2025 Racquet,Grade A,"4 1/4""",199.0,239.0,UR8A04C
2026-08-06,Head,Head Gravity Team 2025 Racquet,Grade A,"4 3/8""",189.0,229.0,UR8B20C
2026-08-06,Head,Head Gravity Team 2025 Racquet,Grade A,"4 3/8""",189.0,229.0,UR8B01D
2026-08-06,Head,Head Gravity Team 2025 Racquet,Grade C,"4 3/8""",169.0,229.0,URD0D09B
2026-08-06,Head,Head Radical Pro 2025 Racquet,Grade B,"4 1/4""",219.0,269.0,UR0C31E
2026-08-06,Head,Head Radical Pro 2025 Racquet,Grade B,"4 1/2""",219.0,269.0,UR0B25E
2026-08-06,Head,Head Prestige Pro Racquet,Grade C,"4 3/8""",159.0,269.0,URD0E05B
2026-08-06,Head,Head Prestige Tour Racquet,Grade B,"4 1/2""",199.0,269.0,UR0C03A
2026-08-06,Head,Head Prestige MP L Racquet,Grade B,"4 1/4""",189.0,259.0,UR0B27F
2026-08-06,Head,Head Prestige MP L Racquet,Grade A,"4 3/8""",209.0,259.0,UR8A01D
2026-08-06,Head,Head Prestige MP L Racquet,Grade B,"4 3/8""",189.0,259.0,UR0B29B
2026-08-06,Head,Head Prestige MP L Racquet,Grade B,"4 3/8""",189.0,259.0,URD0D11E
2026-08-06,Head,Head PWR 110 Racquet,Grade A,"4 1/8""",159.0,199.0,UR0C05C
2026-08-06,Yonex,Yonex VCORE 98 Tour 8th Gen Racquet,Grade A,"4 1/4""",239.0,305.0,UR8A09F
2026-08-06,Yonex,Yonex VCORE 98 Tour 8th Gen Racquet,Grade A,"4 1/4""",239.0,305.0,UR8A16F
2026-08-06,Yonex,Yonex VCORE 98 Tour 8th Gen Racquet,Grade A,"4 1/4""",239.0,305.0,UR8A19E
2026-08-06,Yonex,Yonex EZONE 98+ (2025) Racquet,Grade C,"4 1/4""",229.0,305.0,UR0B29F
2026-08-06,Yonex,Yonex EZONE 100L Aqua Night Black Racquet,Grade C,,119.0,169.0,UR8B03F
2026-08-06,Yonex,Yonex Percept 97D Racquet,Grade A,"4 3/8""",239.0,305.0,UR8B18E
2026-08-06,Tecnifibre,Tecnifibre TFight 300S IG Racquet,Grade B,"4 1/4""",219.0,269.0,UR0B23F
2026-08-06,Tecnifibre,Tecnifibre TFight 305S Racquet,Grade B,"4 1/4""",229.0,279.0,URD0E03D
2026-08-06,Tecnifibre,Tecnifibre TFight 305S Racquet,Grade C,"4 3/8""",189.0,279.0,UR8B19E
2026-08-06,Tecnifibre,Tecnifibre TFight 305S Racquet,Grade C,"4 3/8""",189.0,279.0,UR8B18C
2026-08-06,Tecnifibre,Tecnifibre TFight 305S Racquet,Grade C,"4 1/2""",229.0,279.0,UR0C39A
2026-08-06,Tecnifibre,Tecnifibre TFight 315S Racquet,Grade B,"4 1/4""",209.0,279.0,UR8A20F
2026-08-06,Tecnifibre,Tecnifibre TFight 315S Racquet,Grade B,"4 1/2""",209.0,279.0,UR0B35D
2026-08-06,Tecnifibre,Tecnifibre TFight 300 Racquet,Grade B,"4 1/2""",189.0,269.0,UR0C25D
2026-08-06,Tecnifibre,Tecnifibre TFight 300 Racquet,Grade B,"4 1/2""",189.0,269.0,UR0B25C
2026-08-06,Tecnifibre,Tecnifibre Fire 300 Racquet,Grade A,"4 1/4""",219.0,259.0,UR0B29E
2026-08-06,Tecnifibre,Tecnifibre Fire 285 Racquet,Grade A,"4 3/8""",209.0,249.0,UR0C23B
2026-08-06,Tecnifibre,Tecnifibre Fire 285 Racquet,Grade B,"4 3/8""",199.0,249.0,UR0B27B
2026-08-06,Tecnifibre,Tecnifibre Fire 260 OS Racquet,Grade A,"4 1/4""",209.0,249.0,UR0C01E
2026-08-06,Tecnifibre,Tecnifibre TF40 315g (16x19) Racquet 2024,Grade A,"4 1/4""",239.0,199.0,UR0C01F
2026-08-06,Tecnifibre,Tecnifibre TF40 315g (16x19) Racquet 2024,Grade A,"4 3/8""",239.0,199.0,UR0C05A
2026-08-06,Tecnifibre,Tecnifibre TF40 315g (16x19) Racquet 2024,Grade B,"4 3/8""",229.0,199.0,UR0B35F
2026-08-06,Tecnifibre,Tecnifibre TF40 305g (16x19) Racquet 2024,Grade A,"4 1/2""",159.0,199.0,URD0D07E
2026-08-06,Tecnifibre,Tecnifibre TF40 305g (16x19) Racquet 2024,Grade A,"4 1/2""",159.0,199.0,UR0C25E
2026-08-06,Tecnifibre,Tecnifibre TF40 290g (16x19) Racquet 2024,Grade B,"4 1/4""",209.0,199.0,UR0C07C
2026-08-06,Wilson,Wilson Blade 98 16x19 v9 Racquet,Grade A,"4 3/8""",209.0,249.0,UR8B13E
2026-08-06,Wilson,Wilson Ultra Pro 16x19 v4 Racquet,Grade A,"4 1/4""",119.0,159.0,UR8B20D
2026-08-06,Wilson,Wilson Ultra Pro 16x19 v4 Racquet,Grade B,"4 1/4""",109.0,159.0,UR8B06E
2026-08-06,Wilson,Wilson Clash 100 v3 Racquet,Grade B,"4 1/8""",229.0,299.0,UR8B12E
2026-08-06,Head,Head Speed MP Racquet,Grade B,"4 1/2""",119.0,164.0,UR8B19C
2026-08-06,Head,Head Radical Pro 2023 Racquet,Grade B,"4 1/4""",109.0,149.0,UR8B14D
2026-08-07,Wilson,Wilson Blade Pro 100 v10 Racquet,Grade A,"4 1/4""",259.0,299.0,UR8A09E
2026-08-07,Wilson,Wilson Blade Pro 100 v10 Racquet,Grade B,"4 3/8""",249.0,299.0,UR0B23E
2026-08-07,Wilson,Wilson Blade Pro 100 v10 Racquet,Grade B,"4 1/2""",249.0,299.0,URD0E01B
2026-08-07,Wilson,Wilson Blade 100 v10 Racquet,Grade A,"4 1/4""",239.0,299.0,UR8A16E
2026-08-07,Wilson,Wilson Blade 98 16x19 v9 Racquet,Grade A,"4 3/8""",209.0,249.0,UR8B13E
2026-08-07,Wilson,Wilson Blade 98 16x19 v9 Racquet,Grade A,"4 3/8""",209.0,249.0,UR8B18G
2026-08-07,Wilson,Wilson Blade 98 16x19 v9 Racquet,Grade B,"4 3/8""",199.0,249.0,UR8B08G
2026-08-07,Wilson,Wilson Blade 98 18x20 v9 Racquet,Grade C,"4 3/8""",189.0,249.0,UR8B07A
2026-08-07,Wilson,Wilson Blade 98S v9 Racquet,Grade A,"4 1/8""",209.0,249.0,UR8A15A
2026-08-07,Wilson,Wilson Blade 98S v9 Racquet,Grade A,"4 1/8""",209.0,249.0,UR8A11A
2026-08-07,Wilson,Wilson Blade 100 v9 Racquet,Grade B,"4 1/4""",199.0,249.0,UR0B21C
2026-08-07,Wilson,Wilson Blade 100UL v9 Racquet,Grade B,"4 3/8""",159.0,229.0,UR0C31B
2026-08-07,Wilson,Wilson Blade 104 v9 Racquet,Grade B,"4 1/4""",199.0,249.0,UR8B15D
2026-08-07,Wilson,Wilson Blade 104 v9 Racquet,Grade C,"4 1/4""",179.0,249.0,UR0C05F
2026-08-07,Wilson,Wilson Blade 104 v9 Racquet,Grade B,"4 3/8""",199.0,249.0,UR8A15C
2026-08-07,Wilson,Wilson RF 01 Pro Racquet,Grade B,"4 3/8""",259.0,349.0,UR0C17C
2026-08-07,Wilson,Wilson RF 01 Pro Racquet,Grade B,"4 1/2""",259.0,349.0,UR0C29A
2026-08-07,Wilson,Wilson RF 01 Pro Racquet,Grade B,"4 1/2""",259.0,349.0,UR8A13B
2026-08-07,Wilson,Wilson RF 01 Pro Racquet,Grade B,"4 1/2""",259.0,349.0,UR8A06B
2026-08-07,Wilson,Wilson RF 01 Pro Racquet,Grade B,"4 1/2""",259.0,349.0,UR8A17B
2026-08-07,Wilson,Wilson RF 01 Pro Racquet,Grade B,"4 1/2""",259.0,349.0,UR8A18A
2026-08-07,Wilson,Wilson RF 01 Pro Racquet,Grade B,"4 1/2""",259.0,349.0,UR8A05G
2026-08-07,Wilson,Wilson RF 01 Racquet,Grade B,"4 1/8""",249.0,329.0,UR8A20E
2026-08-07,Wilson,Wilson RF 01 Racquet,Grade B,"4 1/4""",249.0,329.0,UR8A13D
2026-08-07,Wilson,Wilson RF 01 Racquet,Grade A,"4 3/8""",259.0,329.0,UR8A10F
2026-08-07,Wilson,Wilson RF 01 Racquet,Grade B,"4 3/8""",249.0,329.0,UR8B14G
2026-08-07,Wilson,Wilson RF 01 Racquet,Grade B,"4 3/8""",249.0,329.0,UR8A03G
2026-08-07,Wilson,Wilson RF 01 Future Racquet,Grade B,"4 1/4""",229.0,309.0,UR8B12D
2026-08-07,Wilson,Wilson Blade Pro 98 16x19 v9 Racquet,Grade B,"4 1/2""",199.0,269.0,UR8B05B
2026-08-07,Wilson,Wilson Blade Pro 98 16x19 v9 Racquet,Grade C,"4 1/2""",199.0,269.0,UR0C17D
2026-08-07,Wilson,Wilson Blade Pro 98 16x19 v9 Racquet,Grade C,"4 1/2""",199.0,269.0,UR0C17B
2026-08-07,Wilson,Wilson Blade Pro 98 16x19 v9 Racquet,Grade C,"4 1/2""",199.0,269.0,UR0C17F
2026-08-07,Wilson,Wilson Blade Pro 98 18x20 v9 Racquet,Grade B,"4 3/8""",189.0,269.0,UR0C11E
2026-08-07,Wilson,Wilson Blade Pro 98 18x20 v9 Racquet,Grade B,"4 3/8""",189.0,269.0,UR8A02B
2026-08-07,Wilson,Wilson Blade Pro 98 18x20 v9 Racquet,Grade B,"4 3/8""",189.0,269.0,UR8A02C
2026-08-07,Wilson,Wilson Ultra Pro 16x19 v4 Racquet,Grade A,"4 1/4""",119.0,159.0,UR8B20D
2026-08-07,Wilson,Wilson Ultra Pro 16x19 v4 Racquet,Grade B,"4 1/4""",109.0,159.0,UR8B06E
2026-08-07,Wilson,Wilson Ultra Pro 18x20 v4 Racquet,Grade B,"4 1/4""",119.0,159.0,UR8B04A
2026-08-07,Wilson,Wilson Ultra 99 Pro v5 Racquet,Grade B,"4 1/4""",229.0,299.0,UR8A06A
2026-08-07,Wilson,Wilson Ultra 99 Pro v5 Racquet,Grade B,"4 3/8""",229.0,299.0,UR8A17G
2026-08-07,Wilson,Wilson Labs Project Shift 99 300g Racquet,Grade A,"4 1/4""",209.0,269.0,UR0B29D
2026-08-07,Wilson,Wilson Clash 100 v3 Racquet,Grade B,"4 1/8""",229.0,299.0,UR8B12E
2026-08-07,Wilson,Wilson Clash 100 v3 Racquet,Grade B,"4 1/2""",229.0,299.0,URD0D07C
2026-08-07,Wilson,Wilson Clash 100 Pro v3 Racquet,Grade B,"4 1/4""",189.0,299.0,UR0C05B
2026-08-07,Wilson,Wilson Clash 100L v3 Racquet,Grade B,"4 1/8""",219.0,289.0,UR8A08F
2026-08-07,Wilson,Wilson Clash 100L v3 Racquet,Grade C,"4 1/4""",199.0,289.0,UR8B13F
2026-08-07,Wilson,Wilson Clash 100L v3 Reverse Racquet,Grade B,"4 3/8""",219.0,289.0,UR8A11C
2026-08-07,Wilson,Wilson Clash 108 v3 Racquet,Grade B,"4 3/8""",209.0,299.0,UR0C23C
2026-08-07,Wilson,Wilson Clash 108 v3 Racquet,Grade B,"4 1/2""",209.0,299.0,UR8A12E
2026-08-07,Wilson,Wilson Clash 108 v3 Racquet,Grade B,"4 1/2""",209.0,299.0,UR0C03F
2026-08-07,Wilson,Wilson Ultra 100 v5 Racquet,Grade B,"4 1/8""",229.0,299.0,UR8B08F
2026-08-07,Wilson,Wilson Ultra 100 v5 Racquet,Grade A,"4 1/4""",239.0,299.0,UR8A05B
2026-08-07,Wilson,Wilson Ultra 100UL v5 Racquet,Grade B,"4 3/8""",209.0,279.0,UR0B25F
2026-08-07,Wilson,Wilson Ultra 111 v5 Racquet,Grade A,"4 3/8""",229.0,289.0,UR8A03A
2026-08-07,Wilson,Wilson Ultra 111 v5 Racquet,Grade A,"4 3/8""",229.0,289.0,UR8A07E
2026-08-07,Wilson,Wilson Ultra 111 v5 Racquet,Grade A,"4 3/8""",229.0,289.0,UR8A03F
2026-08-07,Wilson,Wilson Triad Three Racquet,Grade B,"4 1/4""",219.0,269.0,UR0C01B
2026-08-07,Head,Head Speed Tour 2026 Racquet,Grade A,"4 1/4""",209.0,269.0,UR0C19C
2026-08-07,Head,Head Speed Tour 2026 Racquet,Grade B,"4 3/8""",199.0,269.0,UR0C07F
2026-08-07,Head,Head Speed Tour 2026 Racquet,Grade C,"4 3/8""",189.0,269.0,UR0C35E
2026-08-07,Head,Head Speed MP 2026 Racquet,Grade A,"4 1/4""",209.0,259.0,UR8B03G
2026-08-07,Head,Head Speed MP 2026 Racquet,Grade A,"4 1/4""",209.0,259.0,UR8B05C
2026-08-07,Head,Head Speed Pro 2026 Racquet,Grade A,"4 1/2""",229.0,269.0,URD0E01E
2026-08-07,Head,Head Speed Team 2026 Racquet,Grade A,"4 1/4""",189.0,239.0,UR8B11G
2026-08-07,Head,Head Speed MP L 2026 Racquet,Grade A,"4 1/4""",199.0,249.0,UR8A13C
2026-08-07,Head,Head Speed Pro Legend 2025 Racquet,Grade B,"4 1/4""",219.0,269.0,UR0C29B
2026-08-07,Head,Head Speed Pro Legend 2025 Racquet,Grade C,"4 1/4""",199.0,269.0,UR0C29C
2026-08-07,Head,Head Speed MP Legend 2025 Racquet,Grade A,"4 3/8""",209.0,259.0,UR8B13B
2026-08-07,Head,Head Speed MP Racquet,Grade B,"4 1/2""",119.0,164.0,UR8B19C
2026-08-07,Head,Head Extreme Pro 2024 Racquet,Grade B,"4 1/2""",219.0,199.0,UR0C15A
2026-08-07,Head,Head Extreme Team 2024 Racquet,Grade A,"4 3/8""",149.0,169.0,UR8A17D
2026-08-07,Head,Head Extreme Tour Racquet,Grade A,"4 3/8""",109.0,159.0,UR0C03C
2026-08-07,Head,Head Extreme Tour Racquet,Grade A,"4 5/8""",159.0,159.0,UR0C15F
2026-08-07,Head,Head Extreme Team Racquet,Grade C,"4 1/4""",119.0,179.0,UR0C29F
2026-08-07,Head,Head Boom MP 2026 Racquet,Grade A,"4 3/8""",219.0,259.0,UR0C03E
2026-08-07,Head,Head Boom Pro Racquet,Grade B,"4 3/8""",139.0,159.0,UR8B18F
2026-08-07,Head,Head Boom Pro Racquet,Grade B,"4 1/2""",139.0,159.0,UR0B37C
2026-08-07,Head,Head Gravity Pro 2025 Racquet,Grade B,"4 1/4""",199.0,269.0,UR0C07D
2026-08-07,Head,Head Gravity Pro 2025 Racquet,Grade B,"4 1/4""",199.0,269.0,UR0C25A
2026-08-07,Head,Head Gravity Pro 2025 Racquet,Grade B,"4 1/4""",199.0,269.0,UR0C09A
2026-08-07,Head,Head Gravity Pro 2025 Racquet,Grade B,"4 1/4""",199.0,269.0,UR0C29D
2026-08-07,Head,Head Gravity Pro 2025 Racquet,Grade C,"4 1/4""",179.0,269.0,UR0B37E
2026-08-07,Head,Head Gravity Pro 2025 Racquet,Grade B,"4 3/8""",199.0,269.0,URD0D03D
2026-08-07,Head,Head Gravity Pro 2025 Racquet,Grade B,"4 1/2""",199.0,269.0,UR0C31F
2026-08-07,Head,Head Gravity Pro 2025 Racquet,Grade B,"4 1/2""",199.0,269.0,UR8A04G
2026-08-07,Head,Head Gravity Tour 2025 Racquet,Grade A,"4 3/8""",219.0,269.0,UR0B39F
2026-08-07,Head,Head Gravity Tour 2025 Racquet,Grade B,"4 3/8""",209.0,269.0,URD0D01E
2026-08-07,Head,Head Gravity Tour 2025 Racquet,Grade C,"4 3/8""",199.0,269.0,UR0C11B
2026-08-07,Head,Head Gravity MP 2025 Racquet,Grade B,"4 1/4""",199.0,259.0,UR0B27A
2026-08-07,Head,Head Gravity MP 2025 Racquet,Grade B,"4 3/8""",199.0,259.0,URD0E01D
2026-08-07,Head,Head Gravity MP L 2025 Racquet,Grade A,"4 1/4""",199.0,239.0,UR8A01C
2026-08-07,Head,Head Gravity MP L 2025 Racquet,Grade A,"4 1/4""",199.0,239.0,UR8A04C
2026-08-07,Head,Head Gravity Team 2025 Racquet,Grade A,"4 3/8""",189.0,229.0,UR8B20C
2026-08-07,Head,Head Gravity Team 2025 Racquet,Grade A,"4 3/8""",189.0,229.0,UR8B01D
2026-08-07,Head,Head Gravity Team 2025 Racquet,Grade C,"4 3/8""",169.0,229.0,URD0D09B
2026-08-07,Head,Head Radical Pro 2025 Racquet,Grade B,"4 1/4""",219.0,269.0,UR0C31E
2026-08-07,Head,Head Radical Pro 2025 Racquet,Grade B,"4 1/2""",219.0,269.0,UR0B25E
2026-08-07,Head,Head Radical Pro 2023 Racquet,Grade B,"4 1/4""",109.0,149.0,UR8B14D
2026-08-07,Head,Head Prestige Pro Racquet,Grade C,"4 3/8""",159.0,269.0,URD0E05B
2026-08-07,Head,Head Prestige Tour Racquet,Grade B,"4 1/2""",199.0,269.0,UR0C03A
2026-08-07,Head,Head Prestige MP L Racquet,Grade B,"4 1/4""",189.0,259.0,UR0B27F
2026-08-07,Head,Head Prestige MP L Racquet,Grade A,"4 3/8""",209.0,259.0,UR8A01D
2026-08-07,Head,Head Prestige MP L Racquet,Grade B,"4 3/8""",189.0,259.0,UR0B29B
2026-08-07,Head,Head Prestige MP L Racquet,Grade B,"4 3/8""",189.0,259.0,URD0D11E
2026-08-07,Head,Head PWR 110 Racquet,Grade A,"4 1/8""",159.0,199.0,UR0C05C
2026-08-07,Yonex,Yonex VCORE 98 Tour 8th Gen Racquet,Grade A,"4 1/4""",239.0,305.0,UR8A09F
2026-08-07,Yonex,Yonex VCORE 98 Tour 8th Gen Racquet,Grade A,"4 1/4""",239.0,305.0,UR8A16F
2026-08-07,Yonex,Yonex VCORE 98 Tour 8th Gen Racquet,Grade A,"4 1/4""",239.0,305.0,UR8A19E
2026-08-07,Yonex,Yonex EZONE 98+ (2025) Racquet,Grade C,"4 1/4""",229.0,305.0,UR0B29F
2026-08-07,Yonex,Yonex Percept 97D Racquet,Grade A,"4 3/8""",239.0,305.0,UR8B18E
2026-08-07,Tecnifibre,Tecnifibre TFight 300S IG Racquet,Grade B,"4 1/4""",219.0,269.0,UR0B23F
2026-08-07,Tecnifibre,Tecnifibre TFight 305S Racquet,Grade B,"4 1/4""",229.0,279.0,URD0E03D
2026-08-07,Tecnifibre,Tecnifibre TFight 305S Racquet,Grade C,"4 3/8""",189.0,279.0,UR8B19E
2026-08-07,Tecnifibre,Tecnifibre TFight 305S Racquet,Grade C,"4 3/8""",189.0,279.0,UR8B18C
2026-08-07,Tecnifibre,Tecnifibre TFight 305S Racquet,Grade C,"4 1/2""",229.0,279.0,UR0C39A
2026-08-07,Tecnifibre,Tecnifibre TFight 315S Racquet,Grade B,"4 1/4""",209.0,279.0,UR8A20F
2026-08-07,Tecnifibre,Tecnifibre TFight 315S Racquet,Grade B,"4 1/2""",209.0,279.0,UR0B35D
2026-08-07,Tecnifibre,Tecnifibre TFight 300 Racquet,Grade B,"4 1/2""",189.0,269.0,UR0C25D
2026-08-07,Tecnifibre,Tecnifibre TFight 300 Racquet,Grade B,"4 1/2""",189.0,269.0,UR0B25C
2026-08-07,Tecnifibre,Tecnifibre Fire 300 Racquet,Grade A,"4 1/4""",219.0,259.0,UR0B29E
2026-08-07,Tecnifibre,Tecnifibre Fire 285 Racquet,Grade A,"4 3/8""",209.0,249.0,UR0C23B
2026-08-07,Tecnifibre,Tecnifibre Fire 285 Racquet,Grade B,"4 3/8""",199.0,249.0,UR0B27B
2026-08-07,Tecnifibre,Tecnifibre Fire 260 OS Racquet,Grade A,"4 1/4""",209.0,249.0,UR0C01E
2026-08-07,Tecnifibre,Tecnifibre TF40 315g (16x19) Racquet 2024,Grade A,"4 1/4""",239.0,199.0,UR0C01F
2026-08-07,Tecnifibre,Tecnifibre TF40 315g (16x19) Racquet 2024,Grade A,"4 3/8""",239.0,199.0,UR0C05A
2026-08-07,Tecnifibre,Tecnifibre TF40 315g (16x19) Racquet 2024,Grade B,"4 3/8""",229.0,199.0,UR0B35F
2026-08-07,Tecnifibre,Tecnifibre TF40 305g (16x19) Racquet 2024,Grade A,"4 1/2""",159.0,199.0,URD0D07E
2026-08-07,Tecnifibre,Tecnifibre TF40 305g (16x19) Racquet 2024,Grade A,"4 1/2""",159.0,199.0,UR0C25E
2026-08-07,Tecnifibre,Tecnifibre TF40 290g (16x19) Racquet 2024,Grade B,"4 1/4""",209.0,199.0,UR0C07C
2026-08-08,Wilson,Wilson Blade Pro 100 v10 Racquet,Grade A,"4 1/4""",259.0,299.0,UR8A09E
2026-08-08,Wilson,Wilson Blade Pro 100 v10 Racquet,Grade B,"4 3/8""",249.0,299.0,UR0B23E
2026-08-08,Wilson,Wilson Blade Pro 100 v10 Racquet,Grade B,"4 1/2""",249.0,299.0,URD0E01B
2026-08-08,Wilson,Wilson Blade 98 16x19 v9 Racquet,Grade A,"4 3/8""",209.0,249.0,UR8B13E
2026-08-08,Wilson,Wilson Blade 98 16x19 v9 Racquet,Grade A,"4 3/8""",209.0,249.0,UR8B18G
2026-08-08,Wilson,Wilson Blade 98 16x19 v9 Racquet,Grade B,"4 3/8""",199.0,249.0,UR8B08G
2026-08-08,Wilson,Wilson Blade 98 18x20 v9 Racquet,Grade C,"4 3/8""",189.0,249.0,UR8B07A
2026-08-08,Wilson,Wilson Blade 98S v9 Racquet,Grade A,"4 1/8""",209.0,249.0,UR8A15A
2026-08-08,Wilson,Wilson Blade 98S v9 Racquet,Grade A,"4 1/8""",209.0,249.0,UR8A11A
2026-08-08,Wilson,Wilson Blade 100 v9 Racquet,Grade B,"4 1/4""",199.0,249.0,UR0B21C
2026-08-08,Wilson,Wilson Blade 100UL v9 Racquet,Grade B,"4 3/8""",159.0,229.0,UR0C31B
2026-08-08,Wilson,Wilson Blade 104 v9 Racquet,Grade B,"4 1/4""",199.0,249.0,UR8B15D
2026-08-08,Wilson,Wilson Blade 104 v9 Racquet,Grade C,"4 1/4""",179.0,249.0,UR0C05F
2026-08-08,Wilson,Wilson Blade 104 v9 Racquet,Grade B,"4 3/8""",199.0,249.0,UR8A15C
2026-08-08,Wilson,Wilson RF 01 Pro Racquet,Grade B,"4 3/8""",259.0,349.0,UR0C17C
2026-08-08,Wilson,Wilson RF 01 Pro Racquet,Grade B,"4 1/2""",259.0,349.0,UR0C29A
2026-08-08,Wilson,Wilson RF 01 Pro Racquet,Grade B,"4 1/2""",259.0,349.0,UR8A13B
2026-08-08,Wilson,Wilson RF 01 Pro Racquet,Grade B,"4 1/2""",259.0,349.0,UR8A06B
2026-08-08,Wilson,Wilson RF 01 Pro Racquet,Grade B,"4 1/2""",259.0,349.0,UR8A17B
2026-08-08,Wilson,Wilson RF 01 Pro Racquet,Grade B,"4 1/2""",259.0,349.0,UR8A18A
2026-08-08,Wilson,Wilson RF 01 Pro Racquet,Grade B,"4 1/2""",259.0,349.0,UR8A05G
2026-08-08,Wilson,Wilson RF 01 Racquet,Grade B,"4 1/8""",249.0,329.0,UR8A20E
2026-08-08,Wilson,Wilson RF 01 Racquet,Grade B,"4 1/4""",249.0,329.0,UR8A13D
2026-08-08,Wilson,Wilson RF 01 Racquet,Grade A,"4 3/8""",259.0,329.0,UR8A10F
2026-08-08,Wilson,Wilson RF 01 Racquet,Grade B,"4 3/8""",249.0,329.0,UR8B14G
2026-08-08,Wilson,Wilson RF 01 Racquet,Grade B,"4 3/8""",249.0,329.0,UR8A03G
2026-08-08,Wilson,Wilson RF 01 Future Racquet,Grade B,"4 1/4""",229.0,309.0,UR8B12D
2026-08-08,Wilson,Wilson Blade Pro 98 16x19 v9 Racquet,Grade B,"4 1/2""",199.0,269.0,UR8B05B
2026-08-08,Wilson,Wilson Blade Pro 98 16x19 v9 Racquet,Grade C,"4 1/2""",199.0,269.0,UR0C17D
2026-08-08,Wilson,Wilson Blade Pro 98 16x19 v9 Racquet,Grade C,"4 1/2""",199.0,269.0,UR0C17B
2026-08-08,Wilson,Wilson Blade Pro 98 16x19 v9 Racquet,Grade C,"4 1/2""",199.0,269.0,UR0C17F
2026-08-08,Wilson,Wilson Blade Pro 98 18x20 v9 Racquet,Grade B,"4 3/8""",189.0,269.0,UR0C11E
2026-08-08,Wilson,Wilson Blade Pro 98 18x20 v9 Racquet,Grade B,"4 3/8""",189.0,269.0,UR8A02B
2026-08-08,Wilson,Wilson Blade Pro 98 18x20 v9 Racquet,Grade B,"4 3/8""",189.0,269.0,UR8A02C
2026-08-08,Wilson,Wilson Ultra Pro 18x20 v4 Racquet,Grade B,"4 1/4""",119.0,159.0,UR8B04A
2026-08-08,Wilson,Wilson Ultra 99 Pro v5 Racquet,Grade B,"4 1/4""",229.0,299.0,UR8A06A
2026-08-08,Wilson,Wilson Ultra 99 Pro v5 Racquet,Grade B,"4 3/8""",229.0,299.0,UR8A17G
2026-08-08,Wilson,Wilson Labs Project Shift 99 300g Racquet,Grade A,"4 1/4""",209.0,269.0,UR0B29D
2026-08-08,Wilson,Wilson Clash 100 v3 Racquet,Grade B,"4 1/8""",229.0,299.0,UR8B12E
2026-08-08,Wilson,Wilson Clash 100 v3 Racquet,Grade B,"4 1/2""",229.0,299.0,URD0D07C
2026-08-08,Wilson,Wilson Clash 100 Pro v3 Racquet,Grade B,"4 1/4""",189.0,299.0,UR0C05B
2026-08-08,Wilson,Wilson Clash 100L v3 Racquet,Grade B,"4 1/8""",219.0,289.0,UR8A08F
2026-08-08,Wilson,Wilson Clash 100L v3 Racquet,Grade C,"4 1/4""",199.0,289.0,UR8B13F
2026-08-08,Wilson,Wilson Clash 100L v3 Reverse Racquet,Grade B,"4 3/8""",219.0,289.0,UR8A11C
2026-08-08,Wilson,Wilson Clash 108 v3 Racquet,Grade B,"4 3/8""",209.0,299.0,UR0C23C
2026-08-08,Wilson,Wilson Clash 108 v3 Racquet,Grade B,"4 1/2""",209.0,299.0,UR8A12E
2026-08-08,Wilson,Wilson Clash 108 v3 Racquet,Grade B,"4 1/2""",209.0,299.0,UR0C03F
2026-08-08,Wilson,Wilson Ultra 100 v5 Racquet,Grade B,"4 1/8""",229.0,299.0,UR8B08F
2026-08-08,Wilson,Wilson Ultra 100 v5 Racquet,Grade A,"4 1/4""",239.0,299.0,UR8A05B
2026-08-08,Wilson,Wilson Ultra 100UL v5 Racquet,Grade B,"4 3/8""",209.0,279.0,UR0B25F
2026-08-08,Wilson,Wilson Ultra 111 v5 Racquet,Grade A,"4 3/8""",229.0,289.0,UR8A03A
2026-08-08,Wilson,Wilson Ultra 111 v5 Racquet,Grade A,"4 3/8""",229.0,289.0,UR8A07E
2026-08-08,Wilson,Wilson Ultra 111 v5 Racquet,Grade A,"4 3/8""",229.0,289.0,UR8A03F
2026-08-08,Wilson,Wilson Triad Three Racquet,Grade B,"4 1/4""",219.0,269.0,UR0C01B
2026-08-08,Head,Head Speed Tour 2026 Racquet,Grade A,"4 1/4""",209.0,269.0,UR0C19C
2026-08-08,Head,Head Speed Tour 2026 Racquet,Grade B,"4 3/8""",199.0,269.0,UR0C07F
2026-08-08,Head,Head Speed Tour 2026 Racquet,Grade C,"4 3/8""",189.0,269.0,UR0C35E
2026-08-08,Head,Head Speed MP 2026 Racquet,Grade A,"4 1/4""",209.0,259.0,UR8B03G
2026-08-08,Head,Head Speed MP 2026 Racquet,Grade A,"4 1/4""",209.0,259.0,UR8B05C
2026-08-08,Head,Head Speed Pro 2026 Racquet,Grade A,"4 1/2""",229.0,269.0,URD0E01E
2026-08-08,Head,Head Speed Team 2026 Racquet,Grade A,"4 1/4""",189.0,239.0,UR8B11G
2026-08-08,Head,Head Speed MP L 2026 Racquet,Grade A,"4 1/4""",199.0,249.0,UR8A13C
2026-08-08,Head,Head Speed Pro Legend 2025 Racquet,Grade C,"4 1/4""",199.0,269.0,UR0C29C
2026-08-08,Head,Head Speed MP Legend 2025 Racquet,Grade A,"4 3/8""",209.0,259.0,UR8B13B
2026-08-08,Head,Head Extreme Pro 2024 Racquet,Grade B,"4 1/2""",219.0,199.0,UR0C15A
2026-08-08,Head,Head Extreme Team 2024 Racquet,Grade A,"4 3/8""",149.0,169.0,UR8A17D
2026-08-08,Head,Head Extreme Tour Racquet,Grade A,"4 5/8""",159.0,159.0,UR0C15F
2026-08-08,Head,Head Extreme Team Racquet,Grade C,"4 1/4""",119.0,179.0,UR0C29F
2026-08-08,Head,Head Boom MP 2026 Racquet,Grade A,"4 3/8""",219.0,259.0,UR0C03E
2026-08-08,Head,Head Boom Pro Racquet,Grade B,"4 3/8""",139.0,159.0,UR8B18F
2026-08-08,Head,Head Boom Pro Racquet,Grade B,"4 1/2""",139.0,159.0,UR0B37C
2026-08-08,Head,Head Gravity Pro 2025 Racquet,Grade B,"4 1/4""",199.0,269.0,UR0C07D
2026-08-08,Head,Head Gravity Pro 2025 Racquet,Grade B,"4 1/4""",199.0,269.0,UR0C25A
2026-08-08,Head,Head Gravity Pro 2025 Racquet,Grade B,"4 1/4""",199.0,269.0,UR0C09A
2026-08-08,Head,Head Gravity Pro 2025 Racquet,Grade B,"4 1/4""",199.0,269.0,UR0C29D
2026-08-08,Head,Head Gravity Pro 2025 Racquet,Grade C,"4 1/4""",179.0,269.0,UR0B37E
2026-08-08,Head,Head Gravity Pro 2025 Racquet,Grade B,"4 3/8""",199.0,269.0,URD0D03D
2026-08-08,Head,Head Gravity Pro 2025 Racquet,Grade B,"4 1/2""",199.0,269.0,UR0C31F
2026-08-08,Head,Head Gravity Pro 2025 Racquet,Grade B,"4 1/2""",199.0,269.0,UR8A04G
2026-08-08,Head,Head Gravity Tour 2025 Racquet,Grade A,"4 3/8""",219.0,269.0,UR0B39F
2026-08-08,Head,Head Gravity Tour 2025 Racquet,Grade B,"4 3/8""",209.0,269.0,URD0D01E
2026-08-08,Head,Head Gravity Tour 2025 Racquet,Grade C,"4 3/8""",199.0,269.0,UR0C11B
2026-08-08,Head,Head Gravity MP 2025 Racquet,Grade B,"4 1/4""",199.0,259.0,UR0B27A
2026-08-08,Head,Head Gravity MP 2025 Racquet,Grade B,"4 3/8""",199.0,259.0,URD0E01D
2026-08-08,Head,Head Gravity MP L 2025 Racquet,Grade A,"4 1/4""",199.0,239.0,UR8A01C
2026-08-08,Head,Head Gravity MP L 2025 Racquet,Grade A,"4 1/4""",199.0,239.0,UR8A04C
2026-08-08,Head,Head Gravity Team 2025 Racquet,Grade A,"4 3/8""",189.0,229.0,UR8B20C
2026-08-08,Head,Head Gravity Team 2025 Racquet,Grade A,"4 3/8""",189.0,229.0,UR8B01D
2026-08-08,Head,Head Gravity Team 2025 Racquet,Grade C,"4 3/8""",169.0,229.0,URD0D09B
2026-08-08,Head,Head Radical Pro 2025 Racquet,Grade B,"4 1/4""",219.0,269.0,UR0C31E
2026-08-08,Head,Head Radical Pro 2025 Racquet,Grade B,"4 1/2""",219.0,269.0,UR0B25E
2026-08-08,Head,Head Radical Pro 2023 Racquet,Grade B,"4 1/4""",109.0,149.0,UR8B14D
2026-08-08,Head,Head Prestige Pro Racquet,Grade C,"4 3/8""",159.0,269.0,URD0E05B
2026-08-08,Head,Head Prestige Tour Racquet,Grade B,"4 1/2""",199.0,269.0,UR0C03A
2026-08-08,Head,Head Prestige MP L Racquet,Grade B,"4 1/4""",189.0,259.0,UR0B27F
2026-08-08,Head,Head Prestige MP L Racquet,Grade A,"4 3/8""",209.0,259.0,UR8A01D
2026-08-08,Head,Head Prestige MP L Racquet,Grade B,"4 3/8""",189.0,259.0,UR0B29B
2026-08-08,Head,Head Prestige MP L Racquet,Grade B,"4 3/8""",189.0,259.0,URD0D11E
2026-08-08,Head,Head PWR 110 Racquet,Grade A,"4 1/8""",159.0,199.0,UR0C05C
2026-08-08,Yonex,Yonex VCORE 98 Tour 8th Gen Racquet,Grade A,"4 1/4""",239.0,305.0,UR8A16F
2026-08-08,Yonex,Yonex VCORE 98 Tour 8th Gen Racquet,Grade A,"4 1/4""",239.0,305.0,UR8A19E
2026-08-08,Yonex,Yonex EZONE 98+ (2025) Racquet,Grade C,"4 1/4""",229.0,305.0,UR0B29F
2026-08-08,Tecnifibre,Tecnifibre TFight 300S IG Racquet,Grade B,"4 1/4""",219.0,269.0,UR0B23F
2026-08-08,Tecnifibre,Tecnifibre TFight 305S Racquet,Grade B,"4 1/4""",229.0,279.0,URD0E03D
2026-08-08,Tecnifibre,Tecnifibre TFight 305S Racquet,Grade C,"4 3/8""",189.0,279.0,UR8B19E
2026-08-08,Tecnifibre,Tecnifibre TFight 305S Racquet,Grade C,"4 3/8""",189.0,279.0,UR8B18C
2026-08-08,Tecnifibre,Tecnifibre TFight 305S Racquet,Grade C,"4 1/2""",229.0,279.0,UR0C39A
2026-08-08,Tecnifibre,Tecnifibre TFight 315S Racquet,Grade B,"4 1/2""",209.0,279.0,UR0B35D
2026-08-08,Tecnifibre,Tecnifibre TFight 300 Racquet,Grade B,"4 1/2""",189.0,269.0,UR0C25D
2026-08-08,Tecnifibre,Tecnifibre TFight 300 Racquet,Grade B,"4 1/2""",189.0,269.0,UR0B25C
2026-08-08,Tecnifibre,Tecnifibre Fire 300 Racquet,Grade A,"4 1/4""",219.0,259.0,UR0B29E
2026-08-08,Tecnifibre,Tecnifibre Fire 285 Racquet,Grade A,"4 3/8""",209.0,249.0,UR0C23B
2026-08-08,Tecnifibre,Tecnifibre Fire 285 Racquet,Grade B,"4 3/8""",199.0,249.0,UR0B27B
2026-08-08,Tecnifibre,Tecnifibre Fire 260 OS Racquet,Grade A,"4 1/4""",209.0,249.0,UR0C01E
2026-08-08,Tecnifibre,Tecnifibre TF40 315g (16x19) Racquet 2024,Grade A,"4 1/4""",239.0,279.0,UR0C01F
2026-08-08,Tecnifibre,Tecnifibre TF40 315g (16x19) Racquet 2024,Grade A,"4 3/8""",239.0,279.0,UR0C05A
2026-08-08,Tecnifibre,Tecnifibre TF40 315g (16x19) Racquet 2024,Grade B,"4 3/8""",229.0,279.0,UR0B35F
2026-08-08,Tecnifibre,Tecnifibre TF40 305g (16x19) Racquet 2024,Grade A,"4 1/2""",159.0,279.0,URD0D07E
2026-08-08,Tecnifibre,Tecnifibre TF40 305g (16x19) Racquet 2024,Grade A,"4 1/2""",159.0,279.0,UR0C25E
2026-08-08,Tecnifibre,Tecnifibre TF40 290g (16x19) Racquet 2024,Grade B,"4 1/4""",209.0,249.0,UR0C07C
2026-08-09,Wilson,Wilson Blade Pro 100 v10 Racquet,Grade A,"4 1/4""",259.0,299.0,UR8A09E
2026-08-09,Wilson,Wilson Blade Pro 100 v10 Racquet,Grade B,"4 3/8""",249.0,299.0,UR0B23E
2026-08-09,Wilson,Wilson Blade Pro 100 v10 Racquet,Grade B,"4 1/2""",249.0,299.0,URD0E01B
2026-08-09,Wilson,Wilson Blade 98 16x19 v9 Racquet,Grade A,"4 3/8""",209.0,249.0,UR8B13E
2026-08-09,Wilson,Wilson Blade 98 16x19 v9 Racquet,Grade A,"4 3/8""",209.0,249.0,UR8B18G
2026-08-09,Wilson,Wilson Blade 98 16x19 v9 Racquet,Grade B,"4 3/8""",199.0,249.0,UR8B08G
2026-08-09,Wilson,Wilson Blade 98 18x20 v9 Racquet,Grade C,"4 3/8""",189.0,249.0,UR8B07A
2026-08-09,Wilson,Wilson Blade 98S v9 Racquet,Grade A,"4 1/8""",209.0,249.0,UR8A15A
2026-08-09,Wilson,Wilson Blade 98S v9 Racquet,Grade A,"4 1/8""",209.0,249.0,UR8A11A
2026-08-09,Wilson,Wilson Blade 100 v9 Racquet,Grade B,"4 1/4""",199.0,249.0,UR0B21C
2026-08-09,Wilson,Wilson Blade 100UL v9 Racquet,Grade B,"4 3/8""",159.0,229.0,UR0C31B
2026-08-09,Wilson,Wilson Blade 104 v9 Racquet,Grade B,"4 1/4""",199.0,249.0,UR8B15D
2026-08-09,Wilson,Wilson Blade 104 v9 Racquet,Grade C,"4 1/4""",179.0,249.0,UR0C05F
2026-08-09,Wilson,Wilson Blade 104 v9 Racquet,Grade B,"4 3/8""",199.0,249.0,UR8A15C
2026-08-09,Wilson,Wilson RF 01 Pro Racquet,Grade B,"4 3/8""",259.0,349.0,UR0C17C
2026-08-09,Wilson,Wilson RF 01 Pro Racquet,Grade B,"4 1/2""",259.0,349.0,UR0C29A
2026-08-09,Wilson,Wilson RF 01 Pro Racquet,Grade B,"4 1/2""",259.0,349.0,UR8A13B
2026-08-09,Wilson,Wilson RF 01 Pro Racquet,Grade B,"4 1/2""",259.0,349.0,UR8A06B
2026-08-09,Wilson,Wilson RF 01 Pro Racquet,Grade B,"4 1/2""",259.0,349.0,UR8A17B
2026-08-09,Wilson,Wilson RF 01 Pro Racquet,Grade B,"4 1/2""",259.0,349.0,UR8A18A
2026-08-09,Wilson,Wilson RF 01 Pro Racquet,Grade B,"4 1/2""",259.0,349.0,UR8A05G
2026-08-09,Wilson,Wilson RF 01 Racquet,Grade B,"4 1/8""",249.0,329.0,UR8A20E
2026-08-09,Wilson,Wilson RF 01 Racquet,Grade B,"4 1/4""",249.0,329.0,UR8A13D
2026-08-09,Wilson,Wilson RF 01 Racquet,Grade A,"4 3/8""",259.0,329.0,UR8A10F
2026-08-09,Wilson,Wilson RF 01 Racquet,Grade B,"4 3/8""",249.0,329.0,UR8B14G
2026-08-09,Wilson,Wilson RF 01 Racquet,Grade B,"4 3/8""",249.0,329.0,UR8A03G
2026-08-09,Wilson,Wilson RF 01 Future Racquet,Grade B,"4 1/4""",229.0,309.0,UR8B12D
2026-08-09,Wilson,Wilson Blade Pro 98 16x19 v9 Racquet,Grade B,"4 1/2""",199.0,269.0,UR8B05B
2026-08-09,Wilson,Wilson Blade Pro 98 16x19 v9 Racquet,Grade C,"4 1/2""",199.0,269.0,UR0C17D
2026-08-09,Wilson,Wilson Blade Pro 98 16x19 v9 Racquet,Grade C,"4 1/2""",199.0,269.0,UR0C17B
2026-08-09,Wilson,Wilson Blade Pro 98 16x19 v9 Racquet,Grade C,"4 1/2""",199.0,269.0,UR0C17F
2026-08-09,Wilson,Wilson Blade Pro 98 18x20 v9 Racquet,Grade B,"4 3/8""",189.0,269.0,UR0C11E
2026-08-09,Wilson,Wilson Blade Pro 98 18x20 v9 Racquet,Grade B,"4 3/8""",189.0,269.0,UR8A02B
2026-08-09,Wilson,Wilson Blade Pro 98 18x20 v9 Racquet,Grade B,"4 3/8""",189.0,269.0,UR8A02C
2026-08-09,Wilson,Wilson Ultra Pro 18x20 v4 Racquet,Grade B,"4 1/4""",119.0,159.0,UR8B04A
2026-08-09,Wilson,Wilson Ultra 99 Pro v5 Racquet,Grade B,"4 1/4""",229.0,299.0,UR8A06A
2026-08-09,Wilson,Wilson Ultra 99 Pro v5 Racquet,Grade B,"4 3/8""",229.0,299.0,UR8A17G
2026-08-09,Wilson,Wilson Labs Project Shift 99 300g Racquet,Grade A,"4 1/4""",209.0,269.0,UR0B29D
2026-08-09,Wilson,Wilson Clash 100 v3 Racquet,Grade B,"4 1/8""",229.0,299.0,UR8B12E
2026-08-09,Wilson,Wilson Clash 100 v3 Racquet,Grade B,"4 1/2""",229.0,299.0,URD0D07C
2026-08-09,Wilson,Wilson Clash 100 Pro v3 Racquet,Grade B,"4 1/4""",189.0,299.0,UR0C05B
2026-08-09,Wilson,Wilson Clash 100L v3 Racquet,Grade B,"4 1/8""",219.0,289.0,UR8A08F
2026-08-09,Wilson,Wilson Clash 100L v3 Racquet,Grade C,"4 1/4""",199.0,289.0,UR8B13F
2026-08-09,Wilson,Wilson Clash 100L v3 Reverse Racquet,Grade B,"4 3/8""",219.0,289.0,UR8A11C
2026-08-09,Wilson,Wilson Clash 108 v3 Racquet,Grade B,"4 3/8""",209.0,299.0,UR0C23C
2026-08-09,Wilson,Wilson Clash 108 v3 Racquet,Grade B,"4 1/2""",209.0,299.0,UR8A12E
2026-08-09,Wilson,Wilson Clash 108 v3 Racquet,Grade B,"4 1/2""",209.0,299.0,UR0C03F
2026-08-09,Wilson,Wilson Ultra 100 v5 Racquet,Grade B,"4 1/8""",229.0,299.0,UR8B08F
2026-08-09,Wilson,Wilson Ultra 100 v5 Racquet,Grade A,"4 1/4""",239.0,299.0,UR8A05B
2026-08-09,Wilson,Wilson Ultra 100UL v5 Racquet,Grade B,"4 3/8""",209.0,279.0,UR0B25F
2026-08-09,Wilson,Wilson Ultra 111 v5 Racquet,Grade A,"4 3/8""",229.0,289.0,UR8A03A
2026-08-09,Wilson,Wilson Ultra 111 v5 Racquet,Grade A,"4 3/8""",229.0,289.0,UR8A07E
2026-08-09,Wilson,Wilson Ultra 111 v5 Racquet,Grade A,"4 3/8""",229.0,289.0,UR8A03F
2026-08-09,Wilson,Wilson Triad Three Racquet,Grade B,"4 1/4""",219.0,269.0,UR0C01B
2026-08-09,Head,Head Speed Tour 2026 Racquet,Grade A,"4 1/4""",209.0,269.0,UR0C19C
2026-08-09,Head,Head Speed Tour 2026 Racquet,Grade B,"4 3/8""",199.0,269.0,UR0C07F
2026-08-09,Head,Head Speed Tour 2026 Racquet,Grade C,"4 3/8""",189.0,269.0,UR0C35E
2026-08-09,Head,Head Speed MP 2026 Racquet,Grade A,"4 1/4""",209.0,259.0,UR8B03G
2026-08-09,Head,Head Speed MP 2026 Racquet,Grade A,"4 1/4""",209.0,259.0,UR8B05C
2026-08-09,Head,Head Speed Pro 2026 Racquet,Grade A,"4 1/2""",229.0,269.0,URD0E01E
2026-08-09,Head,Head Speed Team 2026 Racquet,Grade A,"4 1/4""",189.0,239.0,UR8B11G
2026-08-09,Head,Head Speed MP L 2026 Racquet,Grade A,"4 1/4""",199.0,249.0,UR8A13C
2026-08-09,Head,Head Speed Pro Legend 2025 Racquet,Grade C,"4 1/4""",199.0,269.0,UR0C29C
2026-08-09,Head,Head Speed MP Legend 2025 Racquet,Grade A,"4 3/8""",209.0,259.0,UR8B13B
2026-08-09,Head,Head Extreme Pro 2024 Racquet,Grade B,"4 1/2""",219.0,199.0,UR0C15A
2026-08-09,Head,Head Extreme Team 2024 Racquet,Grade A,"4 3/8""",149.0,169.0,UR8A17D
2026-08-09,Head,Head Extreme Tour Racquet,Grade A,"4 5/8""",159.0,159.0,UR0C15F
2026-08-09,Head,Head Extreme Team Racquet,Grade C,"4 1/4""",119.0,179.0,UR0C29F
2026-08-09,Head,Head Boom MP 2026 Racquet,Grade A,"4 3/8""",219.0,259.0,UR0C03E
2026-08-09,Head,Head Boom Pro Racquet,Grade B,"4 3/8""",139.0,159.0,UR8B18F
2026-08-09,Head,Head Boom Pro Racquet,Grade B,"4 1/2""",139.0,159.0,UR0B37C
2026-08-09,Head,Head Gravity Pro 2025 Racquet,Grade B,"4 1/4""",199.0,269.0,UR0C07D
2026-08-09,Head,Head Gravity Pro 2025 Racquet,Grade B,"4 1/4""",199.0,269.0,UR0C25A
2026-08-09,Head,Head Gravity Pro 2025 Racquet,Grade B,"4 1/4""",199.0,269.0,UR0C09A
2026-08-09,Head,Head Gravity Pro 2025 Racquet,Grade B,"4 1/4""",199.0,269.0,UR0C29D
2026-08-09,Head,Head Gravity Pro 2025 Racquet,Grade C,"4 1/4""",179.0,269.0,UR0B37E
2026-08-09,Head,Head Gravity Pro 2025 Racquet,Grade B,"4 3/8""",199.0,269.0,URD0D03D
2026-08-09,Head,Head Gravity Pro 2025 Racquet,Grade B,"4 1/2""",199.0,269.0,UR0C31F
2026-08-09,Head,Head Gravity Pro 2025 Racquet,Grade B,"4 1/2""",199.0,269.0,UR8A04G
2026-08-09,Head,Head Gravity Tour 2025 Racquet,Grade A,"4 3/8""",219.0,269.0,UR0B39F
2026-08-09,Head,Head Gravity Tour 2025 Racquet,Grade B,"4 3/8""",209.0,269.0,URD0D01E
2026-08-09,Head,Head Gravity Tour 2025 Racquet,Grade C,"4 3/8""",199.0,269.0,UR0C11B
2026-08-09,Head,Head Gravity MP 2025 Racquet,Grade B,"4 1/4""",199.0,259.0,UR0B27A
2026-08-09,Head,Head Gravity MP 2025 Racquet,Grade B,"4 3/8""",199.0,259.0,URD0E01D
2026-08-09,Head,Head Gravity MP L 2025 Racquet,Grade A,"4 1/4""",199.0,239.0,UR8A01C
2026-08-09,Head,Head Gravity MP L 2025 Racquet,Grade A,"4 1/4""",199.0,239.0,UR8A04C
2026-08-09,Head,Head Gravity Team 2025 Racquet,Grade A,"4 3/8""",189.0,229.0,UR8B20C
2026-08-09,Head,Head Gravity Team 2025 Racquet,Grade A,"4 3/8""",189.0,229.0,UR8B01D
2026-08-09,Head,Head Gravity Team 2025 Racquet,Grade C,"4 3/8""",169.0,229.0,URD0D09B
2026-08-09,Head,Head Radical Pro 2025 Racquet,Grade B,"4 1/4""",219.0,269.0,UR0C31E
2026-08-09,Head,Head Radical Pro 2025 Racquet,Grade B,"4 1/2""",219.0,269.0,UR0B25E
2026-08-09,Head,Head Radical Pro 2023 Racquet,Grade B,"4 1/4""",109.0,149.0,UR8B14D
2026-08-09,Head,Head Prestige Pro Racquet,Grade C,"4 3/8""",159.0,269.0,URD0E05B
2026-08-09,Head,Head Prestige Tour Racquet,Grade B,"4 1/2""",199.0,269.0,UR0C03A
2026-08-09,Head,Head Prestige MP L Racquet,Grade B,"4 1/4""",189.0,259.0,UR0B27F
2026-08-09,Head,Head Prestige MP L Racquet,Grade A,"4 3/8""",209.0,259.0,UR8A01D
2026-08-09,Head,Head Prestige MP L Racquet,Grade B,"4 3/8""",189.0,259.0,UR0B29B
2026-08-09,Head,Head Prestige MP L Racquet,Grade B,"4 3/8""",189.0,259.0,URD0D11E
2026-08-09,Head,Head PWR 110 Racquet,Grade A,"4 1/8""",159.0,199.0,UR0C05C
2026-08-09,Yonex,Yonex VCORE 98 Tour 8th Gen Racquet,Grade A,"4 1/4""",239.0,305.0,UR8A16F
2026-08-09,Yonex,Yonex VCORE 98 Tour 8th Gen Racquet,Grade A,"4 1/4""",239.0,305.0,UR8A19E
2026-08-09,Yonex,Yonex EZONE 98+ (2025) Racquet,Grade C,"4 1/4""",229.0,305.0,UR0B29F
2026-08-09,Tecnifibre,Tecnifibre TFight 300S IG Racquet,Grade B,"4 1/4""",219.0,269.0,UR0B23F
2026-08-09,Tecnifibre,Tecnifibre TFight 305S Racquet,Grade B,"4 1/4""",229.0,279.0,URD0E03D
2026-08-09,Tecnifibre,Tecnifibre TFight 305S Racquet,Grade C,"4 3/8""",189.0,279.0,UR8B19E
2026-08-09,Tecnifibre,Tecnifibre TFight 305S Racquet,Grade C,"4 3/8""",189.0,279.0,UR8B18C
2026-08-09,Tecnifibre,Tecnifibre TFight 305S Racquet,Grade C,"4 1/2""",229.0,279.0,UR0C39A
2026-08-09,Tecnifibre,Tecnifibre TFight 315S Racquet,Grade B,"4 1/2""",209.0,279.0,UR0B35D
2026-08-09,Tecnifibre,Tecnifibre TFight 300 Racquet,Grade B,"4 1/2""",189.0,269.0,UR0B25C
2026-08-09,Tecnifibre,Tecnifibre Fire 300 Racquet,Grade A,"4 1/4""",219.0,259.0,UR0B29E
2026-08-09,Tecnifibre,Tecnifibre Fire 285 Racquet,Grade A,"4 3/8""",209.0,249.0,UR0C23B
2026-08-09,Tecnifibre,Tecnifibre Fire 285 Racquet,Grade B,"4 3/8""",199.0,249.0,UR0B27B
2026-08-09,Tecnifibre,Tecnifibre Fire 260 OS Racquet,Grade A,"4 1/4""",209.0,249.0,UR0C01E
2026-08-09,Tecnifibre,Tecnifibre TF40 315g (16x19) Racquet 2024,Grade A,"4 1/4""",239.0,279.0,UR0C01F
2026-08-09,Tecnifibre,Tecnifibre TF40 315g (16x19) Racquet 2024,Grade A,"4 3/8""",239.0,279.0,UR0C05A
2026-08-09,Tecnifibre,Tecnifibre TF40 315g (16x19) Racquet 2024,Grade B,"4 3/8""",229.0,279.0,UR0B35F
2026-08-09,Tecnifibre,Tecnifibre TF40 305g (16x19) Racquet 2024,Grade A,"4 1/2""",159.0,279.0,URD0D07E
2026-08-09,Tecnifibre,Tecnifibre TF40 305g (16x19) Racquet 2024,Grade A,"4 1/2""",159.0,279.0,UR0C25E
2026-08-09,Tecnifibre,Tecnifibre TF40 290g (16x19) Racquet 2024,Grade B,"4 1/4""",209.0,249.0,UR0C07C
2026-08-10,Wilson,Wilson Blade Pro 100 v10 Racquet,Grade A,"4 1/4""",259.0,299.0,UR8A09E
2026-08-10,Wilson,Wilson Blade Pro 100 v10 Racquet,Grade B,"4 3/8""",249.0,299.0,UR0B23E
2026-08-10,Wilson,Wilson Blade Pro 100 v10 Racquet,Grade B,"4 1/2""",249.0,299.0,URD0E01B
2026-08-10,Wilson,Wilson Blade 98 16x19 v9 Racquet,Grade A,"4 3/8""",209.0,249.0,UR8B13E
2026-08-10,Wilson,Wilson Blade 98 16x19 v9 Racquet,Grade A,"4 3/8""",209.0,249.0,UR8B18G
2026-08-10,Wilson,Wilson Blade 98 16x19 v9 Racquet,Grade B,"4 3/8""",199.0,249.0,UR8B08G
2026-08-10,Wilson,Wilson Blade 98 18x20 v9 Racquet,Grade C,"4 3/8""",189.0,249.0,UR8B07A
2026-08-10,Wilson,Wilson Blade 98S v9 Racquet,Grade A,"4 1/8""",209.0,249.0,UR8A15A
2026-08-10,Wilson,Wilson Blade 98S v9 Racquet,Grade A,"4 1/8""",209.0,249.0,UR8A11A
2026-08-10,Wilson,Wilson Blade 100 v9 Racquet,Grade B,"4 1/4""",199.0,249.0,UR0B21C
2026-08-10,Wilson,Wilson Blade 100UL v9 Racquet,Grade B,"4 3/8""",159.0,229.0,UR0C31B
2026-08-10,Wilson,Wilson Blade 104 v9 Racquet,Grade B,"4 1/4""",199.0,249.0,UR8B15D
2026-08-10,Wilson,Wilson Blade 104 v9 Racquet,Grade C,"4 1/4""",179.0,249.0,UR0C05F
2026-08-10,Wilson,Wilson Blade 104 v9 Racquet,Grade B,"4 3/8""",199.0,249.0,UR8A15C
2026-08-10,Wilson,Wilson RF 01 Pro Racquet,Grade B,"4 3/8""",259.0,349.0,UR0C17C
2026-08-10,Wilson,Wilson RF 01 Pro Racquet,Grade B,"4 1/2""",259.0,349.0,UR0C29A
2026-08-10,Wilson,Wilson RF 01 Pro Racquet,Grade B,"4 1/2""",259.0,349.0,UR8A13B
2026-08-10,Wilson,Wilson RF 01 Pro Racquet,Grade B,"4 1/2""",259.0,349.0,UR8A06B
2026-08-10,Wilson,Wilson RF 01 Pro Racquet,Grade B,"4 1/2""",259.0,349.0,UR8A17B
2026-08-10,Wilson,Wilson RF 01 Pro Racquet,Grade B,"4 1/2""",259.0,349.0,UR8A18A
2026-08-10,Wilson,Wilson RF 01 Pro Racquet,Grade B,"4 1/2""",259.0,349.0,UR8A05G
2026-08-10,Wilson,Wilson RF 01 Racquet,Grade B,"4 1/8""",249.0,329.0,UR8A20E
2026-08-10,Wilson,Wilson RF 01 Racquet,Grade B,"4 1/4""",249.0,329.0,UR8A13D
2026-08-10,Wilson,Wilson RF 01 Racquet,Grade A,"4 3/8""",259.0,329.0,UR8A10F
2026-08-10,Wilson,Wilson RF 01 Racquet,Grade B,"4 3/8""",249.0,329.0,UR8B14G
2026-08-10,Wilson,Wilson RF 01 Racquet,Grade B,"4 3/8""",249.0,329.0,UR8A03G
2026-08-10,Wilson,Wilson RF 01 Future Racquet,Grade B,"4 1/4""",229.0,309.0,UR8B12D
2026-08-10,Wilson,Wilson Blade Pro 98 16x19 v9 Racquet,Grade B,"4 1/2""",199.0,269.0,UR8B05B
2026-08-10,Wilson,Wilson Blade Pro 98 16x19 v9 Racquet,Grade C,"4 1/2""",199.0,269.0,UR0C17D
2026-08-10,Wilson,Wilson Blade Pro 98 16x19 v9 Racquet,Grade C,"4 1/2""",199.0,269.0,UR0C17B
2026-08-10,Wilson,Wilson Blade Pro 98 16x19 v9 Racquet,Grade C,"4 1/2""",199.0,269.0,UR0C17F
2026-08-10,Wilson,Wilson Blade Pro 98 18x20 v9 Racquet,Grade B,"4 3/8""",189.0,269.0,UR0C11E
2026-08-10,Wilson,Wilson Blade Pro 98 18x20 v9 Racquet,Grade B,"4 3/8""",189.0,269.0,UR8A02B
2026-08-10,Wilson,Wilson Blade Pro 98 18x20 v9 Racquet,Grade B,"4 3/8""",189.0,269.0,UR8A02C
2026-08-10,Wilson,Wilson Ultra 99 Pro v5 Racquet,Grade B,"4 1/4""",229.0,299.0,UR8A06A
2026-08-10,Wilson,Wilson Ultra 99 Pro v5 Racquet,Grade B,"4 3/8""",229.0,299.0,UR8A17G
2026-08-10,Wilson,Wilson Labs Project Shift 99 300g Racquet,Grade A,"4 1/4""",209.0,269.0,UR0B29D
2026-08-10,Wilson,Wilson Clash 100 v3 Racquet,Grade B,"4 1/8""",229.0,299.0,UR8B12E
2026-08-10,Wilson,Wilson Clash 100 v3 Racquet,Grade B,"4 1/2""",229.0,299.0,URD0D07C
2026-08-10,Wilson,Wilson Clash 100 Pro v3 Racquet,Grade B,"4 1/4""",189.0,299.0,UR0C05B
2026-08-10,Wilson,Wilson Clash 100L v3 Racquet,Grade B,"4 1/8""",219.0,289.0,UR8A08F
2026-08-10,Wilson,Wilson Clash 100L v3 Racquet,Grade C,"4 1/4""",199.0,289.0,UR8B13F
2026-08-10,Wilson,Wilson Clash 100L v3 Reverse Racquet,Grade B,"4 3/8""",219.0,289.0,UR8A11C
2026-08-10,Wilson,Wilson Clash 108 v3 Racquet,Grade B,"4 3/8""",209.0,299.0,UR0C23C
2026-08-10,Wilson,Wilson Clash 108 v3 Racquet,Grade B,"4 1/2""",209.0,299.0,UR8A12E
2026-08-10,Wilson,Wilson Clash 108 v3 Racquet,Grade B,"4 1/2""",209.0,299.0,UR0C03F
2026-08-10,Wilson,Wilson Ultra 100 v5 Racquet,Grade B,"4 1/8""",229.0,299.0,UR8B08F
2026-08-10,Wilson,Wilson Ultra 100 v5 Racquet,Grade A,"4 1/4""",239.0,299.0,UR8A05B
2026-08-10,Wilson,Wilson Ultra 100UL v5 Racquet,Grade B,"4 3/8""",209.0,279.0,UR0B25F
2026-08-10,Wilson,Wilson Ultra 111 v5 Racquet,Grade A,"4 3/8""",229.0,289.0,UR8A03A
2026-08-10,Wilson,Wilson Ultra 111 v5 Racquet,Grade A,"4 3/8""",229.0,289.0,UR8A07E
2026-08-10,Wilson,Wilson Ultra 111 v5 Racquet,Grade A,"4 3/8""",229.0,289.0,UR8A03F
2026-08-10,Wilson,Wilson Triad Three Racquet,Grade B,"4 1/4""",219.0,269.0,UR0C01B
2026-08-10,Head,Head Speed Tour 2026 Racquet,Grade A,"4 1/4""",209.0,269.0,UR0C19C
2026-08-10,Head,Head Speed Tour 2026 Racquet,Grade B,"4 3/8""",199.0,269.0,UR0C07F
2026-08-10,Head,Head Speed Tour 2026 Racquet,Grade C,"4 3/8""",189.0,269.0,UR0C35E
2026-08-10,Head,Head Speed MP 2026 Racquet,Grade A,"4 1/4""",209.0,259.0,UR8B05C
2026-08-10,Head,Head Speed Pro 2026 Racquet,Grade A,"4 1/2""",229.0,269.0,URD0E01E
2026-08-10,Head,Head Speed Team 2026 Racquet,Grade A,"4 1/4""",189.0,239.0,UR8B11G
2026-08-10,Head,Head Speed MP L 2026 Racquet,Grade A,"4 1/4""",199.0,249.0,UR8A13C
2026-08-10,Head,Head Speed Pro Legend 2025 Racquet,Grade C,"4 1/4""",199.0,269.0,UR0C29C
2026-08-10,Head,Head Speed MP Legend 2025 Racquet,Grade A,"4 3/8""",209.0,259.0,UR8B13B
2026-08-10,Head,Head Extreme Pro 2024 Racquet,Grade B,"4 1/2""",219.0,199.0,UR0C15A
2026-08-10,Head,Head Extreme Team 2024 Racquet,Grade A,"4 3/8""",149.0,169.0,UR8A17D
2026-08-10,Head,Head Extreme Tour Racquet,Grade A,"4 5/8""",159.0,159.0,UR0C15F
2026-08-10,Head,Head Extreme Team Racquet,Grade C,"4 1/4""",119.0,179.0,UR0C29F
2026-08-10,Head,Head Boom MP 2026 Racquet,Grade A,"4 3/8""",219.0,259.0,UR0C03E
2026-08-10,Head,Head Boom Pro Racquet,Grade B,"4 3/8""",139.0,159.0,UR8B18F
2026-08-10,Head,Head Boom Pro Racquet,Grade B,"4 1/2""",139.0,159.0,UR0B37C
2026-08-10,Head,Head Gravity Pro 2025 Racquet,Grade B,"4 1/4""",199.0,269.0,UR0C07D
2026-08-10,Head,Head Gravity Pro 2025 Racquet,Grade B,"4 1/4""",199.0,269.0,UR0C25A
2026-08-10,Head,Head Gravity Pro 2025 Racquet,Grade B,"4 1/4""",199.0,269.0,UR0C09A
2026-08-10,Head,Head Gravity Pro 2025 Racquet,Grade B,"4 1/4""",199.0,269.0,UR0C29D
2026-08-10,Head,Head Gravity Pro 2025 Racquet,Grade C,"4 1/4""",179.0,269.0,UR0B37E
2026-08-10,Head,Head Gravity Pro 2025 Racquet,Grade B,"4 3/8""",199.0,269.0,URD0D03D
2026-08-10,Head,Head Gravity Pro 2025 Racquet,Grade B,"4 1/2""",199.0,269.0,UR0C31F
2026-08-10,Head,Head Gravity Pro 2025 Racquet,Grade B,"4 1/2""",199.0,269.0,UR8A04G
2026-08-10,Head,Head Gravity Tour 2025 Racquet,Grade A,"4 3/8""",219.0,269.0,UR0B39F
2026-08-10,Head,Head Gravity Tour 2025 Racquet,Grade B,"4 3/8""",209.0,269.0,URD0D01E
2026-08-10,Head,Head Gravity Tour 2025 Racquet,Grade C,"4 3/8""",199.0,269.0,UR0C11B
2026-08-10,Head,Head Gravity MP 2025 Racquet,Grade B,"4 1/4""",199.0,259.0,UR0B27A
2026-08-10,Head,Head Gravity MP 2025 Racquet,Grade B,"4 3/8""",199.0,259.0,URD0E01D
2026-08-10,Head,Head Gravity MP L 2025 Racquet,Grade A,"4 1/4""",199.0,239.0,UR8A01C
2026-08-10,Head,Head Gravity MP L 2025 Racquet,Grade A,"4 1/4""",199.0,239.0,UR8A04C
2026-08-10,Head,Head Gravity Team 2025 Racquet,Grade A,"4 3/8""",189.0,229.0,UR8B20C
2026-08-10,Head,Head Gravity Team 2025 Racquet,Grade A,"4 3/8""",189.0,229.0,UR8B01D
2026-08-10,Head,Head Gravity Team 2025 Racquet,Grade C,"4 3/8""",169.0,229.0,URD0D09B
2026-08-10,Head,Head Radical Pro 2025 Racquet,Grade B,"4 1/4""",219.0,269.0,UR0C31E
2026-08-10,Head,Head Radical Pro 2025 Racquet,Grade B,"4 1/2""",219.0,269.0,UR0B25E
2026-08-10,Head,Head Radical Pro 2023 Racquet,Grade B,"4 1/4""",109.0,149.0,UR8B14D
2026-08-10,Head,Head Prestige Pro Racquet,Grade C,"4 3/8""",159.0,269.0,URD0E05B
2026-08-10,Head,Head Prestige Tour Racquet,Grade B,"4 1/2""",199.0,269.0,UR0C03A
2026-08-10,Head,Head Prestige MP L Racquet,Grade B,"4 1/4""",189.0,259.0,UR0B27F
2026-08-10,Head,Head Prestige MP L Racquet,Grade A,"4 3/8""",209.0,259.0,UR8A01D
2026-08-10,Head,Head Prestige MP L Racquet,Grade B,"4 3/8""",189.0,259.0,UR0B29B
2026-08-10,Head,Head Prestige MP L Racquet,Grade B,"4 3/8""",189.0,259.0,URD0D11E
2026-08-10,Head,Head PWR 110 Racquet,Grade A,"4 1/8""",159.0,199.0,UR0C05C
2026-08-10,Yonex,Yonex VCORE 98 Tour 8th Gen Racquet,Grade A,"4 1/4""",239.0,305.0,UR8A19E
2026-08-10,Yonex,Yonex EZONE 98+ (2025) Racquet,Grade C,"4 1/4""",229.0,305.0,UR0B29F
2026-08-10,Tecnifibre,Tecnifibre TFight 300S IG Racquet,Grade B,"4 1/4""",219.0,269.0,UR0B23F
2026-08-10,Tecnifibre,Tecnifibre TFight 305S Racquet,Grade B,"4 1/4""",229.0,279.0,URD0E03D
2026-08-10,Tecnifibre,Tecnifibre TFight 305S Racquet,Grade C,"4 3/8""",189.0,279.0,UR8B19E
2026-08-10,Tecnifibre,Tecnifibre TFight 305S Racquet,Grade C,"4 3/8""",189.0,279.0,UR8B18C
2026-08-10,Tecnifibre,Tecnifibre TFight 305S Racquet,Grade C,"4 1/2""",229.0,279.0,UR0C39A
2026-08-10,Tecnifibre,Tecnifibre TFight 315S Racquet,Grade B,"4 1/2""",209.0,279.0,UR0B35D
2026-08-10,Tecnifibre,Tecnifibre TFight 300 Racquet,Grade B,"4 1/2""",189.0,269.0,UR0B25C
2026-08-10,Tecnifibre,Tecnifibre Fire 300 Racquet,Grade A,"4 1/4""",219.0,259.0,UR0B29E
2026-08-10,Tecnifibre,Tecnifibre Fire 285 Racquet,Grade A,"4 3/8""",209.0,249.0,UR0C23B
2026-08-10,Tecnifibre,Tecnifibre Fire 285 Racquet,Grade B,"4 3/8""",199.0,249.0,UR0B27B
2026-08-10,Tecnifibre,Tecnifibre Fire 260 OS Racquet,Grade A,"4 1/4""",209.0,249.0,UR0C01E
2026-08-10,Tecnifibre,Tecnifibre TF40 315g (16x19) Racquet 2024,Grade A,"4 1/4""",239.0,279.0,UR0C01F
2026-08-10,Tecnifibre,Tecnifibre TF40 315g (16x19) Racquet 2024,Grade A,"4 3/8""",239.0,279.0,UR0C05A
2026-08-10,Tecnifibre,Tecnifibre TF40 315g (16x19) Racquet 2024,Grade B,"4 3/8""",229.0,279.0,UR0B35F
2026-08-10,Tecnifibre,Tecnifibre TF40 305g (16x19) Racquet 2024,Grade A,"4 1/2""",159.0,279.0,URD0D07E
2026-08-10,Tecnifibre,Tecnifibre TF40 305g (16x19) Racquet 2024,Grade A,"4 1/2""",159.0,279.0,UR0C25E
2026-08-10,Tecnifibre,Tecnifibre TF40 290g (16x19) Racquet 2024,Grade B,"4 1/4""",209.0,249.0,UR0C07C
2026-08-10,Wilson,Wilson RF 01 Pro Racquet,Grade A,"4 1/4""",269.0,349.0,UR0C27A
2026-08-10,Yonex,Yonex VCORE 100 8th Gen Racquet,Grade B,"4 1/4""",239.0,305.0,UR0C27F
2026-08-11,Wilson,Wilson Blade Pro 100 v10 Racquet,Grade A,"4 1/4""",259.0,299.0,UR8A09E
2026-08-11,Wilson,Wilson Blade Pro 100 v10 Racquet,Grade B,"4 3/8""",249.0,299.0,UR0B23E
2026-08-11,Wilson,Wilson Blade Pro 100 v10 Racquet,Grade B,"4 1/2""",249.0,299.0,URD0E01B
2026-08-11,Wilson,Wilson Blade 98 16x19 v9 Racquet,Grade A,"4 3/8""",209.0,249.0,UR8B13E
2026-08-11,Wilson,Wilson Blade 98 16x19 v9 Racquet,Grade A,"4 3/8""",209.0,249.0,UR8B18G
2026-08-11,Wilson,Wilson Blade 98 16x19 v9 Racquet,Grade B,"4 3/8""",199.0,249.0,UR8B08G
2026-08-11,Wilson,Wilson Blade 98S v9 Racquet,Grade A,"4 1/8""",209.0,249.0,UR8A15A
2026-08-11,Wilson,Wilson Blade 98S v9 Racquet,Grade A,"4 1/8""",209.0,249.0,UR8A11A
2026-08-11,Wilson,Wilson Blade 100 v9 Racquet,Grade B,"4 1/4""",199.0,249.0,UR0B21C
2026-08-11,Wilson,Wilson Blade 100UL v9 Racquet,Grade B,"4 3/8""",159.0,229.0,UR0C31B
2026-08-11,Wilson,Wilson Blade 104 v9 Racquet,Grade B,"4 1/4""",199.0,249.0,UR8B15D
2026-08-11,Wilson,Wilson Blade 104 v9 Racquet,Grade C,"4 1/4""",179.0,249.0,UR0C05F
2026-08-11,Wilson,Wilson Blade 104 v9 Racquet,Grade B,"4 3/8""",199.0,249.0,UR8A15C
2026-08-11,Wilson,Wilson RF 01 Pro Racquet,Grade A,"4 1/4""",269.0,349.0,UR0C27A
2026-08-11,Wilson,Wilson RF 01 Pro Racquet,Grade B,"4 3/8""",259.0,349.0,UR0C17C
2026-08-11,Wilson,Wilson RF 01 Pro Racquet,Grade B,"4 1/2""",259.0,349.0,UR0C29A
2026-08-11,Wilson,Wilson RF 01 Pro Racquet,Grade B,"4 1/2""",259.0,349.0,UR8A13B
2026-08-11,Wilson,Wilson RF 01 Pro Racquet,Grade B,"4 1/2""",259.0,349.0,UR8A06B
2026-08-11,Wilson,Wilson RF 01 Pro Racquet,Grade B,"4 1/2""",259.0,349.0,UR8A17B
2026-08-11,Wilson,Wilson RF 01 Pro Racquet,Grade B,"4 1/2""",259.0,349.0,UR8A18A
2026-08-11,Wilson,Wilson RF 01 Pro Racquet,Grade B,"4 1/2""",259.0,349.0,UR8A05G
2026-08-11,Wilson,Wilson RF 01 Racquet,Grade B,"4 1/8""",249.0,329.0,UR8A20E
2026-08-11,Wilson,Wilson RF 01 Racquet,Grade B,"4 1/4""",249.0,329.0,UR8A13D
2026-08-11,Wilson,Wilson RF 01 Racquet,Grade A,"4 3/8""",259.0,329.0,UR8A10F
2026-08-11,Wilson,Wilson RF 01 Racquet,Grade B,"4 3/8""",249.0,329.0,UR8B14G
2026-08-11,Wilson,Wilson RF 01 Racquet,Grade B,"4 3/8""",249.0,329.0,UR8A03G
2026-08-11,Wilson,Wilson RF 01 Future Racquet,Grade B,"4 1/4""",229.0,309.0,UR8B12D
2026-08-11,Wilson,Wilson Blade Pro 98 16x19 v9 Racquet,Grade B,"4 1/2""",199.0,269.0,UR8B05B
2026-08-11,Wilson,Wilson Blade Pro 98 16x19 v9 Racquet,Grade C,"4 1/2""",199.0,269.0,UR0C17D
2026-08-11,Wilson,Wilson Blade Pro 98 16x19 v9 Racquet,Grade C,"4 1/2""",199.0,269.0,UR0C17B
2026-08-11,Wilson,Wilson Blade Pro 98 16x19 v9 Racquet,Grade C,"4 1/2""",199.0,269.0,UR0C17F
2026-08-11,Wilson,Wilson Blade Pro 98 18x20 v9 Racquet,Grade B,"4 3/8""",189.0,269.0,UR0C11E
2026-08-11,Wilson,Wilson Blade Pro 98 18x20 v9 Racquet,Grade B,"4 3/8""",189.0,269.0,UR8A02B
2026-08-11,Wilson,Wilson Blade Pro 98 18x20 v9 Racquet,Grade B,"4 3/8""",189.0,269.0,UR8A02C
2026-08-11,Wilson,Wilson Ultra 99 Pro v5 Racquet,Grade B,"4 1/4""",229.0,299.0,UR8A06A
2026-08-11,Wilson,Wilson Ultra 99 Pro v5 Racquet,Grade B,"4 3/8""",229.0,299.0,UR8A17G
2026-08-11,Wilson,Wilson Labs Project Shift 99 300g Racquet,Grade A,"4 1/4""",209.0,269.0,UR0B29D
2026-08-11,Wilson,Wilson Clash 100 v3 Racquet,Grade B,"4 1/8""",229.0,299.0,UR8B12E
2026-08-11,Wilson,Wilson Clash 100 v3 Racquet,Grade B,"4 1/2""",229.0,299.0,URD0D07C
2026-08-11,Wilson,Wilson Clash 100 Pro v3 Racquet,Grade B,"4 1/4""",189.0,299.0,UR0C05B
2026-08-11,Wilson,Wilson Clash 100L v3 Racquet,Grade B,"4 1/8""",219.0,289.0,UR8A08F
2026-08-11,Wilson,Wilson Clash 100L v3 Racquet,Grade C,"4 1/4""",199.0,289.0,UR8B13F
2026-08-11,Wilson,Wilson Clash 100L v3 Reverse Racquet,Grade B,"4 3/8""",219.0,289.0,UR8A11C
2026-08-11,Wilson,Wilson Clash 108 v3 Racquet,Grade B,"4 3/8""",209.0,299.0,UR0C23C
2026-08-11,Wilson,Wilson Clash 108 v3 Racquet,Grade B,"4 1/2""",209.0,299.0,UR8A12E
2026-08-11,Wilson,Wilson Clash 108 v3 Racquet,Grade B,"4 1/2""",209.0,299.0,UR0C03F
2026-08-11,Wilson,Wilson Ultra 100 v5 Racquet,Grade B,"4 1/8""",229.0,299.0,UR8B08F
2026-08-11,Wilson,Wilson Ultra 100 v5 Racquet,Grade A,"4 1/4""",239.0,299.0,UR8A05B
2026-08-11,Wilson,Wilson Ultra 100UL v5 Racquet,Grade B,"4 3/8""",209.0,279.0,UR0B25F
2026-08-11,Wilson,Wilson Ultra 111 v5 Racquet,Grade A,"4 3/8""",229.0,289.0,UR8A03A
2026-08-11,Wilson,Wilson Ultra 111 v5 Racquet,Grade A,"4 3/8""",229.0,289.0,UR8A07E
2026-08-11,Wilson,Wilson Ultra 111 v5 Racquet,Grade A,"4 3/8""",229.0,289.0,UR8A03F
2026-08-11,Wilson,Wilson Triad Three Racquet,Grade B,"4 1/4""",219.0,269.0,UR0C01B
2026-08-11,Head,Head Speed Tour 2026 Racquet,Grade A,"4 1/4""",209.0,269.0,UR0C19C
2026-08-11,Head,Head Speed Tour 2026 Racquet,Grade B,"4 3/8""",199.0,269.0,UR0C07F
2026-08-11,Head,Head Speed Tour 2026 Racquet,Grade C,"4 3/8""",189.0,269.0,UR0C35E
2026-08-11,Head,Head Speed MP 2026 Racquet,Grade A,"4 1/4""",209.0,259.0,UR8B05C
2026-08-11,Head,Head Speed Pro 2026 Racquet,Grade A,"4 1/2""",229.0,269.0,URD0E01E
2026-08-11,Head,Head Speed Team 2026 Racquet,Grade A,"4 1/4""",189.0,239.0,UR8B11G
2026-08-11,Head,Head Speed MP L 2026 Racquet,Grade A,"4 1/4""",199.0,249.0,UR8A13C
2026-08-11,Head,Head Speed Pro Legend 2025 Racquet,Grade C,"4 1/4""",199.0,269.0,UR0C29C
2026-08-11,Head,Head Speed MP Legend 2025 Racquet,Grade A,"4 3/8""",209.0,259.0,UR8B13B
2026-08-11,Head,Head Extreme Pro 2024 Racquet,Grade B,"4 1/2""",219.0,199.0,UR0C15A
2026-08-11,Head,Head Extreme Team 2024 Racquet,Grade A,"4 3/8""",149.0,169.0,UR8A17D
2026-08-11,Head,Head Extreme Tour Racquet,Grade A,"4 5/8""",159.0,159.0,UR0C15F
2026-08-11,Head,Head Extreme Team Racquet,Grade C,"4 1/4""",119.0,179.0,UR0C29F
2026-08-11,Head,Head Boom MP 2026 Racquet,Grade A,"4 3/8""",219.0,259.0,UR0C03E
2026-08-11,Head,Head Boom Pro Racquet,Grade B,"4 1/2""",139.0,159.0,UR0B37C
2026-08-11,Head,Head Gravity Pro 2025 Racquet,Grade B,"4 1/4""",199.0,269.0,UR0C07D
2026-08-11,Head,Head Gravity Pro 2025 Racquet,Grade B,"4 1/4""",199.0,269.0,UR0C25A
2026-08-11,Head,Head Gravity Pro 2025 Racquet,Grade B,"4 1/4""",199.0,269.0,UR0C09A
2026-08-11,Head,Head Gravity Pro 2025 Racquet,Grade B,"4 1/4""",199.0,269.0,UR0C29D
2026-08-11,Head,Head Gravity Pro 2025 Racquet,Grade C,"4 1/4""",179.0,269.0,UR0B37E
2026-08-11,Head,Head Gravity Pro 2025 Racquet,Grade B,"4 3/8""",199.0,269.0,URD0D03D
2026-08-11,Head,Head Gravity Pro 2025 Racquet,Grade B,"4 1/2""",199.0,269.0,UR0C31F
2026-08-11,Head,Head Gravity Pro 2025 Racquet,Grade B,"4 1/2""",199.0,269.0,UR8A04G
2026-08-11,Head,Head Gravity Tour 2025 Racquet,Grade A,"4 3/8""",219.0,269.0,UR0B39F
2026-08-11,Head,Head Gravity Tour 2025 Racquet,Grade B,"4 3/8""",209.0,269.0,URD0D01E
2026-08-11,Head,Head Gravity Tour 2025 Racquet,Grade C,"4 3/8""",199.0,269.0,UR0C11B
2026-08-11,Head,Head Gravity MP 2025 Racquet,Grade B,"4 1/4""",199.0,259.0,UR0B27A
2026-08-11,Head,Head Gravity MP 2025 Racquet,Grade B,"4 3/8""",199.0,259.0,URD0E01D
2026-08-11,Head,Head Gravity MP L 2025 Racquet,Grade A,"4 1/4""",199.0,239.0,UR8A01C
2026-08-11,Head,Head Gravity MP L 2025 Racquet,Grade A,"4 1/4""",199.0,239.0,UR8A04C
2026-08-11,Head,Head Gravity Team 2025 Racquet,Grade A,"4 3/8""",189.0,229.0,UR8B20C
2026-08-11,Head,Head Gravity Team 2025 Racquet,Grade A,"4 3/8""",189.0,229.0,UR8B01D
2026-08-11,Head,Head Gravity Team 2025 Racquet,Grade C,"4 3/8""",169.0,229.0,URD0D09B
2026-08-11,Head,Head Radical Pro 2025 Racquet,Grade B,"4 1/4""",219.0,269.0,UR0C31E
2026-08-11,Head,Head Radical Pro 2025 Racquet,Grade B,"4 1/2""",219.0,269.0,UR0B25E
2026-08-11,Head,Head Radical Pro 2023 Racquet,Grade B,"4 1/4""",109.0,149.0,UR8B14D
2026-08-11,Head,Head Prestige Pro Racquet,Grade C,"4 3/8""",159.0,269.0,URD0E05B
2026-08-11,Head,Head Prestige Tour Racquet,Grade B,"4 1/2""",199.0,269.0,UR0C03A
2026-08-11,Head,Head Prestige MP L Racquet,Grade B,"4 1/4""",189.0,259.0,UR0B27F
2026-08-11,Head,Head Prestige MP L Racquet,Grade A,"4 3/8""",209.0,259.0,UR8A01D
2026-08-11,Head,Head Prestige MP L Racquet,Grade B,"4 3/8""",189.0,259.0,UR0B29B
2026-08-11,Head,Head Prestige MP L Racquet,Grade B,"4 3/8""",189.0,259.0,URD0D11E
2026-08-11,Head,Head PWR 110 Racquet,Grade A,"4 1/8""",159.0,199.0,UR0C05C
2026-08-11,Yonex,Yonex VCORE 100 8th Gen Racquet,Grade B,"4 1/4""",239.0,305.0,UR0C27F
2026-08-11,Yonex,Yonex VCORE 98 Tour 8th Gen Racquet,Grade A,"4 1/4""",239.0,305.0,UR8A19E
2026-08-11,Yonex,Yonex EZONE 98+ (2025) Racquet,Grade C,"4 1/4""",229.0,305.0,UR0B29F
2026-08-11,Tecnifibre,Tecnifibre TFight 300S IG Racquet,Grade B,"4 1/4""",219.0,269.0,UR0B23F
2026-08-11,Tecnifibre,Tecnifibre TFight 305S Racquet,Grade B,"4 1/4""",229.0,279.0,URD0E03D
2026-08-11,Tecnifibre,Tecnifibre TFight 305S Racquet,Grade C,"4 3/8""",189.0,279.0,UR8B19E
2026-08-11,Tecnifibre,Tecnifibre TFight 305S Racquet,Grade C,"4 3/8""",189.0,279.0,UR8B18C
2026-08-11,Tecnifibre,Tecnifibre TFight 305S Racquet,Grade C,"4 1/2""",229.0,279.0,UR0C39A
2026-08-11,Tecnifibre,Tecnifibre TFight 315S Racquet,Grade B,"4 1/2""",209.0,279.0,UR0B35D
2026-08-11,Tecnifibre,Tecnifibre TFight 300 Racquet,Grade B,"4 1/2""",189.0,269.0,UR0B25C
2026-08-11,Tecnifibre,Tecnifibre Fire 300 Racquet,Grade A,"4 1/4""",219.0,259.0,UR0B29E
2026-08-11,Tecnifibre,Tecnifibre Fire 285 Racquet,Grade A,"4 3/8""",209.0,249.0,UR0C23B
2026-08-11,Tecnifibre,Tecnifibre Fire 285 Racquet,Grade B,"4 3/8""",199.0,249.0,UR0B27B
2026-08-11,Tecnifibre,Tecnifibre Fire 260 OS Racquet,Grade A,"4 1/4""",209.0,249.0,UR0C01E
2026-08-11,Tecnifibre,Tecnifibre TF40 315g (16x19) Racquet 2024,Grade A,"4 1/4""",239.0,279.0,UR0C01F
2026-08-11,Tecnifibre,Tecnifibre TF40 315g (16x19) Racquet 2024,Grade A,"4 3/8""",239.0,279.0,UR0C05A
2026-08-11,Tecnifibre,Tecnifibre TF40 315g (16x19) Racquet 2024,Grade B,"4 3/8""",229.0,279.0,UR0B35F
2026-08-11,Tecnifibre,Tecnifibre TF40 305g (16x19) Racquet 2024,Grade A,"4 1/2""",159.0,279.0,URD0D07E
2026-08-11,Tecnifibre,Tecnifibre TF40 305g (16x19) Racquet 2024,Grade A,"4 1/2""",159.0,279.0,UR0C25E
2026-08-11,Tecnifibre,Tecnifibre TF40 290g (16x19) Racquet 2024,Grade B,"4 1/4""",209.0,249.0,UR0C07C
2026-08-12,Wilson,Wilson Blade Pro 100 v10 Racquet,Grade A,"4 1/4""",259.0,299.0,UR8A09E
2026-08-12,Wilson,Wilson Blade Pro 100 v10 Racquet,Grade B,"4 3/8""",249.0,299.0,UR0B23E
2026-08-12,Wilson,Wilson Blade Pro 100 v10 Racquet,Grade B,"4 1/2""",249.0,299.0,URD0E01B
2026-08-12,Wilson,Wilson Blade 98 16x19 v9 Racquet,Grade A,"4 3/8""",209.0,249.0,UR8B13E
2026-08-12,Wilson,Wilson Blade 98 16x19 v9 Racquet,Grade A,"4 3/8""",209.0,249.0,UR8B18G
2026-08-12,Wilson,Wilson Blade 98 16x19 v9 Racquet,Grade B,"4 3/8""",199.0,249.0,UR8B08G
2026-08-12,Wilson,Wilson Blade 98S v9 Racquet,Grade A,"4 1/8""",209.0,249.0,UR8A15A
2026-08-12,Wilson,Wilson Blade 98S v9 Racquet,Grade A,"4 1/8""",209.0,249.0,UR8A11A
2026-08-12,Wilson,Wilson Blade 100 v9 Racquet,Grade B,"4 1/4""",199.0,249.0,UR0B21C
2026-08-12,Wilson,Wilson Blade 100UL v9 Racquet,Grade B,"4 3/8""",159.0,229.0,UR0C31B
2026-08-12,Wilson,Wilson Blade 104 v9 Racquet,Grade B,"4 1/4""",199.0,249.0,UR8B15D
2026-08-12,Wilson,Wilson Blade 104 v9 Racquet,Grade C,"4 1/4""",179.0,249.0,UR0C05F
2026-08-12,Wilson,Wilson Blade 104 v9 Racquet,Grade B,"4 3/8""",199.0,249.0,UR8A15C
2026-08-12,Wilson,Wilson RF 01 Pro Racquet,Grade A,"4 1/4""",269.0,349.0,UR0C27A
2026-08-12,Wilson,Wilson RF 01 Pro Racquet,Grade B,"4 3/8""",259.0,349.0,UR0C17C
2026-08-12,Wilson,Wilson RF 01 Pro Racquet,Grade B,"4 1/2""",259.0,349.0,UR0C29A
2026-08-12,Wilson,Wilson RF 01 Pro Racquet,Grade B,"4 1/2""",259.0,349.0,UR8A13B
2026-08-12,Wilson,Wilson RF 01 Pro Racquet,Grade B,"4 1/2""",259.0,349.0,UR8A06B
2026-08-12,Wilson,Wilson RF 01 Pro Racquet,Grade B,"4 1/2""",259.0,349.0,UR8A17B
2026-08-12,Wilson,Wilson RF 01 Pro Racquet,Grade B,"4 1/2""",259.0,349.0,UR8A18A
2026-08-12,Wilson,Wilson RF 01 Pro Racquet,Grade B,"4 1/2""",259.0,349.0,UR8A05G
2026-08-12,Wilson,Wilson RF 01 Racquet,Grade B,"4 1/8""",249.0,329.0,UR8A20E
2026-08-12,Wilson,Wilson RF 01 Racquet,Grade B,"4 1/4""",249.0,329.0,UR8A13D
2026-08-12,Wilson,Wilson RF 01 Racquet,Grade A,"4 3/8""",259.0,329.0,UR8A10F
2026-08-12,Wilson,Wilson RF 01 Racquet,Grade B,"4 3/8""",249.0,329.0,UR8B14G
2026-08-12,Wilson,Wilson RF 01 Racquet,Grade B,"4 3/8""",249.0,329.0,UR8A03G
2026-08-12,Wilson,Wilson RF 01 Future Racquet,Grade B,"4 1/4""",229.0,309.0,UR8B12D
2026-08-12,Wilson,Wilson Blade Pro 98 16x19 v9 Racquet,Grade B,"4 1/2""",199.0,269.0,UR8B05B
2026-08-12,Wilson,Wilson Blade Pro 98 16x19 v9 Racquet,Grade C,"4 1/2""",199.0,269.0,UR0C17D
2026-08-12,Wilson,Wilson Blade Pro 98 16x19 v9 Racquet,Grade C,"4 1/2""",199.0,269.0,UR0C17B
2026-08-12,Wilson,Wilson Blade Pro 98 16x19 v9 Racquet,Grade C,"4 1/2""",199.0,269.0,UR0C17F
2026-08-12,Wilson,Wilson Blade Pro 98 18x20 v9 Racquet,Grade B,"4 3/8""",189.0,269.0,UR0C11E
2026-08-12,Wilson,Wilson Blade Pro 98 18x20 v9 Racquet,Grade B,"4 3/8""",189.0,269.0,UR8A02B
2026-08-12,Wilson,Wilson Blade Pro 98 18x20 v9 Racquet,Grade B,"4 3/8""",189.0,269.0,UR8A02C
2026-08-12,Wilson,Wilson Ultra 99 Pro v5 Racquet,Grade B,"4 1/4""",229.0,299.0,UR8A06A
2026-08-12,Wilson,Wilson Ultra 99 Pro v5 Racquet,Grade B,"4 3/8""",229.0,299.0,UR8A17G
2026-08-12,Wilson,Wilson Labs Project Shift 99 300g Racquet,Grade A,"4 1/4""",209.0,269.0,UR0B29D
2026-08-12,Wilson,Wilson Clash 100 v3 Racquet,Grade B,"4 1/8""",229.0,299.0,UR8B12E
2026-08-12,Wilson,Wilson Clash 100 v3 Racquet,Grade B,"4 1/2""",229.0,299.0,URD0D07C
2026-08-12,Wilson,Wilson Clash 100 Pro v3 Racquet,Grade B,"4 1/4""",189.0,299.0,UR0C05B
2026-08-12,Wilson,Wilson Clash 100L v3 Racquet,Grade B,"4 1/8""",219.0,289.0,UR8A08F
2026-08-12,Wilson,Wilson Clash 100L v3 Racquet,Grade C,"4 1/4""",199.0,289.0,UR8B13F
2026-08-12,Wilson,Wilson Clash 100L v3 Reverse Racquet,Grade B,"4 3/8""",219.0,289.0,UR8A11C
2026-08-12,Wilson,Wilson Clash 108 v3 Racquet,Grade B,"4 3/8""",209.0,299.0,UR0C23C
2026-08-12,Wilson,Wilson Clash 108 v3 Racquet,Grade B,"4 1/2""",209.0,299.0,UR8A12E
2026-08-12,Wilson,Wilson Clash 108 v3 Racquet,Grade B,"4 1/2""",209.0,299.0,UR0C03F
2026-08-12,Wilson,Wilson Ultra 100 v5 Racquet,Grade B,"4 1/8""",229.0,299.0,UR8B08F
2026-08-12,Wilson,Wilson Ultra 100 v5 Racquet,Grade A,"4 1/4""",239.0,299.0,UR8A05B
2026-08-12,Wilson,Wilson Ultra 100UL v5 Racquet,Grade B,"4 3/8""",209.0,279.0,UR0B25F
2026-08-12,Wilson,Wilson Ultra 111 v5 Racquet,Grade A,"4 3/8""",229.0,289.0,UR8A03A
2026-08-12,Wilson,Wilson Ultra 111 v5 Racquet,Grade A,"4 3/8""",229.0,289.0,UR8A07E
2026-08-12,Wilson,Wilson Ultra 111 v5 Racquet,Grade A,"4 3/8""",229.0,289.0,UR8A03F
2026-08-12,Wilson,Wilson Triad Three Racquet,Grade B,"4 1/4""",219.0,269.0,UR0C01B
2026-08-12,Head,Head Speed Tour 2026 Racquet,Grade A,"4 1/4""",209.0,269.0,UR0C19C
2026-08-12,Head,Head Speed Tour 2026 Racquet,Grade B,"4 3/8""",199.0,269.0,UR0C07F
2026-08-12,Head,Head Speed Tour 2026 Racquet,Grade C,"4 3/8""",189.0,269.0,UR0C35E
2026-08-12,Head,Head Speed MP 2026 Racquet,Grade A,"4 1/4""",209.0,259.0,UR8B05C
2026-08-12,Head,Head Speed Pro 2026 Racquet,Grade A,"4 1/2""",229.0,269.0,URD0E01E
2026-08-12,Head,Head Speed Team 2026 Racquet,Grade A,"4 1/4""",189.0,239.0,UR8B11G
2026-08-12,Head,Head Speed MP L 2026 Racquet,Grade A,"4 1/4""",199.0,249.0,UR8A13C
2026-08-12,Head,Head Speed Pro Legend 2025 Racquet,Grade C,"4 1/4""",199.0,269.0,UR0C29C
2026-08-12,Head,Head Extreme Pro 2024 Racquet,Grade B,"4 1/2""",219.0,199.0,UR0C15A
2026-08-12,Head,Head Extreme Team 2024 Racquet,Grade A,"4 3/8""",149.0,169.0,UR8A17D
2026-08-12,Head,Head Extreme Tour Racquet,Grade A,"4 5/8""",159.0,159.0,UR0C15F
2026-08-12,Head,Head Extreme Team Racquet,Grade C,"4 1/4""",119.0,179.0,UR0C29F
2026-08-12,Head,Head Boom MP 2026 Racquet,Grade A,"4 3/8""",219.0,259.0,UR0C03E
2026-08-12,Head,Head Boom Pro Racquet,Grade B,"4 1/2""",139.0,159.0,UR0B37C
2026-08-12,Head,Head Gravity Pro 2025 Racquet,Grade B,"4 1/4""",199.0,269.0,UR0C07D
2026-08-12,Head,Head Gravity Pro 2025 Racquet,Grade B,"4 1/4""",199.0,269.0,UR0C25A
2026-08-12,Head,Head Gravity Pro 2025 Racquet,Grade B,"4 1/4""",199.0,269.0,UR0C09A
2026-08-12,Head,Head Gravity Pro 2025 Racquet,Grade B,"4 1/4""",199.0,269.0,UR0C29D
2026-08-12,Head,Head Gravity Pro 2025 Racquet,Grade C,"4 1/4""",179.0,269.0,UR0B37E
2026-08-12,Head,Head Gravity Pro 2025 Racquet,Grade B,"4 3/8""",199.0,269.0,URD0D03D
2026-08-12,Head,Head Gravity Pro 2025 Racquet,Grade B,"4 1/2""",199.0,269.0,UR0C31F
2026-08-12,Head,Head Gravity Pro 2025 Racquet,Grade B,"4 1/2""",199.0,269.0,UR8A04G
2026-08-12,Head,Head Gravity Tour 2025 Racquet,Grade A,"4 3/8""",219.0,269.0,UR0B39F
2026-08-12,Head,Head Gravity Tour 2025 Racquet,Grade B,"4 3/8""",209.0,269.0,URD0D01E
2026-08-12,Head,Head Gravity Tour 2025 Racquet,Grade C,"4 3/8""",199.0,269.0,UR0C11B
2026-08-12,Head,Head Gravity MP 2025 Racquet,Grade B,"4 1/4""",199.0,259.0,UR0B27A
2026-08-12,Head,Head Gravity MP 2025 Racquet,Grade B,"4 3/8""",199.0,259.0,URD0E01D
2026-08-12,Head,Head Gravity MP L 2025 Racquet,Grade A,"4 1/4""",199.0,239.0,UR8A01C
2026-08-12,Head,Head Gravity MP L 2025 Racquet,Grade A,"4 1/4""",199.0,239.0,UR8A04C
2026-08-12,Head,Head Gravity Team 2025 Racquet,Grade A,"4 3/8""",189.0,229.0,UR8B20C
2026-08-12,Head,Head Gravity Team 2025 Racquet,Grade A,"4 3/8""",189.0,229.0,UR8B01D
2026-08-12,Head,Head Gravity Team 2025 Racquet,Grade C,"4 3/8""",169.0,229.0,URD0D09B
2026-08-12,Head,Head Radical Pro 2025 Racquet,Grade B,"4 1/4""",219.0,269.0,UR0C31E
2026-08-12,Head,Head Radical Pro 2025 Racquet,Grade B,"4 1/2""",219.0,269.0,UR0B25E
2026-08-12,Head,Head Radical Pro 2023 Racquet,Grade B,"4 1/4""",109.0,149.0,UR8B14D
2026-08-12,Head,Head Prestige Pro Racquet,Grade C,"4 3/8""",159.0,269.0,URD0E05B
2026-08-12,Head,Head Prestige Tour Racquet,Grade B,"4 1/2""",199.0,269.0,UR0C03A
2026-08-12,Head,Head Prestige MP L Racquet,Grade B,"4 1/4""",189.0,259.0,UR0B27F
2026-08-12,Head,Head Prestige MP L Racquet,Grade A,"4 3/8""",209.0,259.0,UR8A01D
2026-08-12,Head,Head Prestige MP L Racquet,Grade B,"4 3/8""",189.0,259.0,UR0B29B
2026-08-12,Head,Head Prestige MP L Racquet,Grade B,"4 3/8""",189.0,259.0,URD0D11E
2026-08-12,Head,Head PWR 110 Racquet,Grade A,"4 1/8""",159.0,199.0,UR0C05C
2026-08-12,Yonex,Yonex VCORE 98 Tour 8th Gen Racquet,Grade A,"4 1/4""",239.0,305.0,UR8A19E
2026-08-12,Yonex,Yonex EZONE 98+ (2025) Racquet,Grade C,"4 1/4""",229.0,305.0,UR0B29F
2026-08-12,Tecnifibre,Tecnifibre TFight 300S IG Racquet,Grade B,"4 1/4""",219.0,269.0,UR0B23F
2026-08-12,Tecnifibre,Tecnifibre TFight 305S Racquet,Grade B,"4 1/4""",229.0,279.0,URD0E03D
2026-08-12,Tecnifibre,Tecnifibre TFight 305S Racquet,Grade C,"4 3/8""",189.0,279.0,UR8B19E
2026-08-12,Tecnifibre,Tecnifibre TFight 305S Racquet,Grade C,"4 1/2""",229.0,279.0,UR0C39A
2026-08-12,Tecnifibre,Tecnifibre TFight 315S Racquet,Grade B,"4 1/2""",209.0,279.0,UR0B35D
2026-08-12,Tecnifibre,Tecnifibre TFight 300 Racquet,Grade B,"4 1/2""",189.0,269.0,UR0B25C
2026-08-12,Tecnifibre,Tecnifibre Fire 300 Racquet,Grade A,"4 1/4""",219.0,259.0,UR0B29E
2026-08-12,Tecnifibre,Tecnifibre Fire 285 Racquet,Grade A,"4 3/8""",209.0,249.0,UR0C23B
2026-08-12,Tecnifibre,Tecnifibre Fire 285 Racquet,Grade B,"4 3/8""",199.0,249.0,UR0B27B
2026-08-12,Tecnifibre,Tecnifibre Fire 260 OS Racquet,Grade A,"4 1/4""",209.0,249.0,UR0C01E
2026-08-12,Tecnifibre,Tecnifibre TF40 315g (16x19) Racquet 2024,Grade A,"4 1/4""",239.0,279.0,UR0C01F
2026-08-12,Tecnifibre,Tecnifibre TF40 315g (16x19) Racquet 2024,Grade A,"4 3/8""",239.0,279.0,UR0C05A
2026-08-12,Tecnifibre,Tecnifibre TF40 315g (16x19) Racquet 2024,Grade B,"4 3/8""",229.0,279.0,UR0B35F
2026-08-12,Tecnifibre,Tecnifibre TF40 305g (16x19) Racquet 2024,Grade A,"4 1/2""",159.0,279.0,URD0D07E
2026-08-12,Tecnifibre,Tecnifibre TF40 305g (16x19) Racquet 2024,Grade A,"4 1/2""",159.0,279.0,UR0C25E
2026-08-12,Tecnifibre,Tecnifibre TF40 290g (16x19) Racquet 2024,Grade B,"4 1/4""",209.0,249.0,UR0C07C
2026-08-12,Head,Head Speed MP Legend 2025 Racquet,Grade A,"4 3/8""",209.0,259.0,UR8B13B
2026-08-12,Tecnifibre,Tecnifibre TFight 305S Racquet,Grade C,"4 3/8""",189.0,279.0,UR8B18C
2026-08-13,Wilson,Wilson Blade Pro 100 v10 Racquet,Grade A,"4 1/4""",259.0,299.0,UR8A09E
2026-08-13,Wilson,Wilson Blade Pro 100 v10 Racquet,Grade B,"4 3/8""",249.0,299.0,UR0B23E
2026-08-13,Wilson,Wilson Blade Pro 100 v10 Racquet,Grade B,"4 1/2""",249.0,299.0,URD0E01B
2026-08-13,Wilson,Wilson Blade 98 16x19 v9 Racquet,Grade A,"4 3/8""",209.0,249.0,UR8B13E
2026-08-13,Wilson,Wilson Blade 98 16x19 v9 Racquet,Grade A,"4 3/8""",209.0,249.0,UR8B18G
2026-08-13,Wilson,Wilson Blade 98S v9 Racquet,Grade A,"4 1/8""",209.0,249.0,UR8A15A
2026-08-13,Wilson,Wilson Blade 98S v9 Racquet,Grade A,"4 1/8""",209.0,249.0,UR8A11A
2026-08-13,Wilson,Wilson Blade 100 v9 Racquet,Grade B,"4 1/4""",199.0,249.0,UR0B21C
2026-08-13,Wilson,Wilson Blade 100UL v9 Racquet,Grade B,"4 3/8""",159.0,229.0,UR0C31B
2026-08-13,Wilson,Wilson Blade 104 v9 Racquet,Grade B,"4 1/4""",199.0,249.0,UR8B15D
2026-08-13,Wilson,Wilson Blade 104 v9 Racquet,Grade C,"4 1/4""",179.0,249.0,UR0C05F
2026-08-13,Wilson,Wilson Blade 104 v9 Racquet,Grade B,"4 3/8""",199.0,249.0,UR8A15C
2026-08-13,Wilson,Wilson RF 01 Pro Racquet,Grade A,"4 1/4""",269.0,349.0,UR0C27A
2026-08-13,Wilson,Wilson RF 01 Pro Racquet,Grade B,"4 3/8""",259.0,349.0,UR0C17C
2026-08-13,Wilson,Wilson RF 01 Pro Racquet,Grade B,"4 1/2""",259.0,349.0,UR0C29A
2026-08-13,Wilson,Wilson RF 01 Pro Racquet,Grade B,"4 1/2""",259.0,349.0,UR8A13B
2026-08-13,Wilson,Wilson RF 01 Pro Racquet,Grade B,"4 1/2""",259.0,349.0,UR8A06B
2026-08-13,Wilson,Wilson RF 01 Pro Racquet,Grade B,"4 1/2""",259.0,349.0,UR8A17B
2026-08-13,Wilson,Wilson RF 01 Pro Racquet,Grade B,"4 1/2""",259.0,349.0,UR8A18A
2026-08-13,Wilson,Wilson RF 01 Pro Racquet,Grade B,"4 1/2""",259.0,349.0,UR8A05G
2026-08-13,Wilson,Wilson RF 01 Racquet,Grade B,"4 1/8""",249.0,329.0,UR8A20E
2026-08-13,Wilson,Wilson RF 01 Racquet,Grade B,"4 1/4""",249.0,329.0,UR8A13D
2026-08-13,Wilson,Wilson RF 01 Racquet,Grade A,"4 3/8""",259.0,329.0,UR8A10F
2026-08-13,Wilson,Wilson RF 01 Racquet,Grade B,"4 3/8""",249.0,329.0,UR8B14G
2026-08-13,Wilson,Wilson RF 01 Racquet,Grade B,"4 3/8""",249.0,329.0,UR8A03G
2026-08-13,Wilson,Wilson RF 01 Future Racquet,Grade B,"4 1/4""",229.0,309.0,UR8B12D
2026-08-13,Wilson,Wilson Blade Pro 98 16x19 v9 Racquet,Grade B,"4 1/2""",199.0,269.0,UR8B05B
2026-08-13,Wilson,Wilson Blade Pro 98 16x19 v9 Racquet,Grade C,"4 1/2""",199.0,269.0,UR0C17D
2026-08-13,Wilson,Wilson Blade Pro 98 16x19 v9 Racquet,Grade C,"4 1/2""",199.0,269.0,UR0C17B
2026-08-13,Wilson,Wilson Blade Pro 98 16x19 v9 Racquet,Grade C,"4 1/2""",199.0,269.0,UR0C17F
2026-08-13,Wilson,Wilson Blade Pro 98 18x20 v9 Racquet,Grade B,"4 3/8""",189.0,269.0,UR0C11E
2026-08-13,Wilson,Wilson Blade Pro 98 18x20 v9 Racquet,Grade B,"4 3/8""",189.0,269.0,UR8A02B
2026-08-13,Wilson,Wilson Blade Pro 98 18x20 v9 Racquet,Grade B,"4 3/8""",189.0,269.0,UR8A02C
2026-08-13,Wilson,Wilson Ultra 99 Pro v5 Racquet,Grade B,"4 1/4""",229.0,299.0,UR8A06A
2026-08-13,Wilson,Wilson Ultra 99 Pro v5 Racquet,Grade B,"4 3/8""",229.0,299.0,UR8A17G
2026-08-13,Wilson,Wilson Labs Project Shift 99 300g Racquet,Grade A,"4 1/4""",209.0,269.0,UR0B29D
2026-08-13,Wilson,Wilson Clash 100 v3 Racquet,Grade B,"4 1/8""",229.0,299.0,UR8B12E
2026-08-13,Wilson,Wilson Clash 100 v3 Racquet,Grade B,"4 1/2""",229.0,299.0,URD0D07C
2026-08-13,Wilson,Wilson Clash 100 Pro v3 Racquet,Grade B,"4 1/4""",189.0,299.0,UR0C05B
2026-08-13,Wilson,Wilson Clash 100L v3 Racquet,Grade B,"4 1/8""",219.0,289.0,UR8A08F
2026-08-13,Wilson,Wilson Clash 100L v3 Racquet,Grade C,"4 1/4""",199.0,289.0,UR8B13F
2026-08-13,Wilson,Wilson Clash 100L v3 Reverse Racquet,Grade B,"4 3/8""",219.0,289.0,UR8A11C
2026-08-13,Wilson,Wilson Clash 108 v3 Racquet,Grade B,"4 3/8""",209.0,299.0,UR0C23C
2026-08-13,Wilson,Wilson Clash 108 v3 Racquet,Grade B,"4 1/2""",209.0,299.0,UR8A12E
2026-08-13,Wilson,Wilson Clash 108 v3 Racquet,Grade B,"4 1/2""",209.0,299.0,UR0C03F
2026-08-13,Wilson,Wilson Ultra 100 v5 Racquet,Grade B,"4 1/8""",229.0,299.0,UR8B08F
2026-08-13,Wilson,Wilson Ultra 100 v5 Racquet,Grade A,"4 1/4""",239.0,299.0,UR8A05B
2026-08-13,Wilson,Wilson Ultra 100UL v5 Racquet,Grade B,"4 3/8""",209.0,279.0,UR0B25F
2026-08-13,Wilson,Wilson Ultra 111 v5 Racquet,Grade A,"4 3/8""",229.0,289.0,UR8A03A
2026-08-13,Wilson,Wilson Ultra 111 v5 Racquet,Grade A,"4 3/8""",229.0,289.0,UR8A07E
2026-08-13,Wilson,Wilson Ultra 111 v5 Racquet,Grade A,"4 3/8""",229.0,289.0,UR8A03F
2026-08-13,Wilson,Wilson Triad Three Racquet,Grade B,"4 1/4""",219.0,269.0,UR0C01B
2026-08-13,Head,Head Speed Tour 2026 Racquet,Grade A,"4 1/4""",209.0,269.0,UR0C19C
2026-08-13,Head,Head Speed Tour 2026 Racquet,Grade B,"4 3/8""",199.0,269.0,UR0C07F
2026-08-13,Head,Head Speed Tour 2026 Racquet,Grade C,"4 3/8""",189.0,269.0,UR0C35E
2026-08-13,Head,Head Speed MP 2026 Racquet,Grade A,"4 1/4""",209.0,259.0,UR8B05C
2026-08-13,Head,Head Speed Pro 2026 Racquet,Grade A,"4 1/2""",229.0,269.0,URD0E01E
2026-08-13,Head,Head Speed Team 2026 Racquet,Grade A,"4 1/4""",189.0,239.0,UR8B11G
2026-08-13,Head,Head Speed MP L 2026 Racquet,Grade A,"4 1/4""",199.0,249.0,UR8A13C
2026-08-13,Head,Head Speed Pro Legend 2025 Racquet,Grade C,"4 1/4""",199.0,269.0,UR0C29C
2026-08-13,Head,Head Speed MP Legend 2025 Racquet,Grade A,"4 3/8""",209.0,259.0,UR8B13B
2026-08-13,Head,Head Extreme Pro 2024 Racquet,Grade B,"4 1/2""",219.0,199.0,UR0C15A
2026-08-13,Head,Head Extreme Team 2024 Racquet,Grade A,"4 3/8""",149.0,169.0,UR8A17D
2026-08-13,Head,Head Extreme Tour Racquet,Grade A,"4 5/8""",159.0,159.0,UR0C15F
2026-08-13,Head,Head Extreme Team Racquet,Grade C,"4 1/4""",119.0,179.0,UR0C29F
2026-08-13,Head,Head Boom MP 2026 Racquet,Grade A,"4 3/8""",219.0,259.0,UR0C03E
2026-08-13,Head,Head Boom Pro Racquet,Grade B,"4 1/2""",139.0,159.0,UR0B37C
2026-08-13,Head,Head Gravity Pro 2025 Racquet,Grade B,"4 1/4""",199.0,269.0,UR0C07D
2026-08-13,Head,Head Gravity Pro 2025 Racquet,Grade B,"4 1/4""",199.0,269.0,UR0C25A
2026-08-13,Head,Head Gravity Pro 2025 Racquet,Grade B,"4 1/4""",199.0,269.0,UR0C09A
2026-08-13,Head,Head Gravity Pro 2025 Racquet,Grade B,"4 1/4""",199.0,269.0,UR0C29D
2026-08-13,Head,Head Gravity Pro 2025 Racquet,Grade C,"4 1/4""",179.0,269.0,UR0B37E
2026-08-13,Head,Head Gravity Pro 2025 Racquet,Grade B,"4 3/8""",199.0,269.0,URD0D03D
2026-08-13,Head,Head Gravity Pro 2025 Racquet,Grade B,"4 1/2""",199.0,269.0,UR0C31F
2026-08-13,Head,Head Gravity Pro 2025 Racquet,Grade B,"4 1/2""",199.0,269.0,UR8A04G
2026-08-13,Head,Head Gravity Tour 2025 Racquet,Grade A,"4 3/8""",219.0,269.0,UR0B39F
2026-08-13,Head,Head Gravity Tour 2025 Racquet,Grade B,"4 3/8""",209.0,269.0,URD0D01E
2026-08-13,Head,Head Gravity Tour 2025 Racquet,Grade C,"4 3/8""",199.0,269.0,UR0C11B
2026-08-13,Head,Head Gravity MP 2025 Racquet,Grade B,"4 1/4""",199.0,259.0,UR0B27A
2026-08-13,Head,Head Gravity MP 2025 Racquet,Grade B,"4 3/8""",199.0,259.0,URD0E01D
2026-08-13,Head,Head Gravity MP L 2025 Racquet,Grade A,"4 1/4""",199.0,239.0,UR8A01C
2026-08-13,Head,Head Gravity MP L 2025 Racquet,Grade A,"4 1/4""",199.0,239.0,UR8A04C
2026-08-13,Head,Head Gravity Team 2025 Racquet,Grade A,"4 3/8""",189.0,229.0,UR8B20C
2026-08-13,Head,Head Gravity Team 2025 Racquet,Grade A,"4 3/8""",189.0,229.0,UR8B01D
2026-08-13,Head,Head Gravity Team 2025 Racquet,Grade C,"4 3/8""",169.0,229.0,URD0D09B
2026-08-13,Head,Head Radical Pro 2025 Racquet,Grade B,"4 1/4""",219.0,269.0,UR0C31E
2026-08-13,Head,Head Radical Pro 2025 Racquet,Grade B,"4 1/2""",219.0,269.0,UR0B25E
2026-08-13,Head,Head Prestige Pro Racquet,Grade C,"4 3/8""",159.0,269.0,URD0E05B
2026-08-13,Head,Head Prestige Tour Racquet,Grade B,"4 1/2""",199.0,269.0,UR0C03A
2026-08-13,Head,Head Prestige MP L Racquet,Grade B,"4 1/4""",189.0,259.0,UR0B27F
2026-08-13,Head,Head Prestige MP L Racquet,Grade A,"4 3/8""",209.0,259.0,UR8A01D
2026-08-13,Head,Head Prestige MP L Racquet,Grade B,"4 3/8""",189.0,259.0,UR0B29B
2026-08-13,Head,Head Prestige MP L Racquet,Grade B,"4 3/8""",189.0,259.0,URD0D11E
2026-08-13,Head,Head PWR 110 Racquet,Grade A,"4 1/8""",159.0,199.0,UR0C05C
2026-08-13,Yonex,Yonex EZONE 98+ (2025) Racquet,Grade C,"4 1/4""",229.0,305.0,UR0B29F
2026-08-13,Tecnifibre,Tecnifibre TFight 300S IG Racquet,Grade B,"4 1/4""",219.0,269.0,UR0B23F
2026-08-13,Tecnifibre,Tecnifibre TFight 305S Racquet,Grade B,"4 1/4""",229.0,279.0,URD0E03D
2026-08-13,Tecnifibre,Tecnifibre TFight 305S Racquet,Grade C,"4 3/8""",189.0,279.0,UR8B19E
2026-08-13,Tecnifibre,Tecnifibre TFight 305S Racquet,Grade C,"4 3/8""",189.0,279.0,UR8B18C
2026-08-13,Tecnifibre,Tecnifibre TFight 305S Racquet,Grade C,"4 1/2""",229.0,279.0,UR0C39A
2026-08-13,Tecnifibre,Tecnifibre TFight 315S Racquet,Grade B,"4 1/2""",209.0,279.0,UR0B35D
2026-08-13,Tecnifibre,Tecnifibre TFight 300 Racquet,Grade B,"4 1/2""",189.0,269.0,UR0B25C
2026-08-13,Tecnifibre,Tecnifibre Fire 300 Racquet,Grade A,"4 1/4""",219.0,259.0,UR0B29E
2026-08-13,Tecnifibre,Tecnifibre Fire 285 Racquet,Grade A,"4 3/8""",209.0,249.0,UR0C23B
2026-08-13,Tecnifibre,Tecnifibre Fire 285 Racquet,Grade B,"4 3/8""",199.0,249.0,UR0B27B
2026-08-13,Tecnifibre,Tecnifibre Fire 260 OS Racquet,Grade A,"4 1/4""",209.0,249.0,UR0C01E
2026-08-13,Tecnifibre,Tecnifibre TF40 315g (16x19) Racquet 2024,Grade A,"4 1/4""",239.0,279.0,UR0C01F
2026-08-13,Tecnifibre,Tecnifibre TF40 315g (16x19) Racquet 2024,Grade A,"4 3/8""",239.0,279.0,UR0C05A
2026-08-13,Tecnifibre,Tecnifibre TF40 315g (16x19) Racquet 2024,Grade B,"4 3/8""",229.0,279.0,UR0B35F
2026-08-13,Tecnifibre,Tecnifibre TF40 305g (16x19) Racquet 2024,Grade A,"4 1/2""",159.0,279.0,URD0D07E
2026-08-13,Tecnifibre,Tecnifibre TF40 305g (16x19) Racquet 2024,Grade A,"4 1/2""",159.0,279.0,UR0C25E
2026-08-13,Tecnifibre,Tecnifibre TF40 290g (16x19) Racquet 2024,Grade B,"4 1/4""",209.0,249.0,UR0C07C
2026-08-14,Wilson,Wilson Blade Pro 100 v10 Racquet,Grade B,"4 3/8""",249.0,299.0,UR0B23E
2026-08-14,Wilson,Wilson Blade Pro 100 v10 Racquet,Grade B,"4 1/2""",249.0,299.0,URD0E01B
2026-08-14,Wilson,Wilson Blade 98S v9 Racquet,Grade A,"4 1/8""",209.0,249.0,UR8A15A
2026-08-14,Wilson,Wilson Blade 98S v9 Racquet,Grade A,"4 1/8""",209.0,249.0,UR8A11A
2026-08-14,Wilson,Wilson Blade 100 v9 Racquet,Grade B,"4 1/4""",199.0,249.0,UR0B21C
2026-08-14,Wilson,Wilson Blade 100UL v9 Racquet,Grade B,"4 3/8""",159.0,229.0,UR0C31B
2026-08-14,Wilson,Wilson Blade 104 v9 Racquet,Grade B,"4 1/4""",199.0,249.0,UR8B15D
2026-08-14,Wilson,Wilson Blade 104 v9 Racquet,Grade C,"4 1/4""",179.0,249.0,UR0C05F
2026-08-14,Wilson,Wilson Blade 104 v9 Racquet,Grade B,"4 3/8""",199.0,249.0,UR8A15C
2026-08-14,Wilson,Wilson RF 01 Pro Racquet,Grade A,"4 1/4""",269.0,349.0,UR0C27A
2026-08-14,Wilson,Wilson RF 01 Pro Racquet,Grade B,"4 3/8""",259.0,349.0,UR0C17C
2026-08-14,Wilson,Wilson RF 01 Pro Racquet,Grade B,"4 1/2""",259.0,349.0,UR0C29A
2026-08-14,Wilson,Wilson RF 01 Pro Racquet,Grade B,"4 1/2""",259.0,349.0,UR8A13B
2026-08-14,Wilson,Wilson RF 01 Pro Racquet,Grade B,"4 1/2""",259.0,349.0,UR8A06B
2026-08-14,Wilson,Wilson RF 01 Pro Racquet,Grade B,"4 1/2""",259.0,349.0,UR8A17B
2026-08-14,Wilson,Wilson RF 01 Pro Racquet,Grade B,"4 1/2""",259.0,349.0,UR8A18A
2026-08-14,Wilson,Wilson RF 01 Pro Racquet,Grade B,"4 1/2""",259.0,349.0,UR8A05G
2026-08-14,Wilson,Wilson RF 01 Racquet,Grade B,"4 1/8""",249.0,329.0,UR8A20E
2026-08-14,Wilson,Wilson RF 01 Racquet,Grade B,"4 1/4""",249.0,329.0,UR8A13D
2026-08-14,Wilson,Wilson RF 01 Racquet,Grade A,"4 3/8""",259.0,329.0,UR8A10F
2026-08-14,Wilson,Wilson RF 01 Racquet,Grade B,"4 3/8""",249.0,329.0,UR8B14G
2026-08-14,Wilson,Wilson RF 01 Racquet,Grade B,"4 3/8""",249.0,329.0,UR8A03G
2026-08-14,Wilson,Wilson RF 01 Future Racquet,Grade B,"4 1/4""",229.0,309.0,UR8B12D
2026-08-14,Wilson,Wilson Blade Pro 98 16x19 v9 Racquet,Grade B,"4 1/2""",199.0,269.0,UR8B05B
2026-08-14,Wilson,Wilson Blade Pro 98 16x19 v9 Racquet,Grade C,"4 1/2""",199.0,269.0,UR0C17D
2026-08-14,Wilson,Wilson Blade Pro 98 16x19 v9 Racquet,Grade C,"4 1/2""",199.0,269.0,UR0C17B
2026-08-14,Wilson,Wilson Blade Pro 98 16x19 v9 Racquet,Grade C,"4 1/2""",199.0,269.0,UR0C17F
2026-08-14,Wilson,Wilson Blade Pro 98 18x20 v9 Racquet,Grade B,"4 3/8""",189.0,269.0,UR0C11E
2026-08-14,Wilson,Wilson Blade Pro 98 18x20 v9 Racquet,Grade B,"4 3/8""",189.0,269.0,UR8A02B
2026-08-14,Wilson,Wilson Blade Pro 98 18x20 v9 Racquet,Grade B,"4 3/8""",189.0,269.0,UR8A02C
2026-08-14,Wilson,Wilson Ultra 99 Pro v5 Racquet,Grade B,"4 1/4""",229.0,299.0,UR8A06A
2026-08-14,Wilson,Wilson Ultra 99 Pro v5 Racquet,Grade B,"4 3/8""",229.0,299.0,UR8A17G
2026-08-14,Wilson,Wilson Labs Project Shift 99 300g Racquet,Grade A,"4 1/4""",209.0,269.0,UR0B29D
2026-08-14,Wilson,Wilson Clash 100 v3 Racquet,Grade B,"4 1/8""",229.0,299.0,UR8B12E
2026-08-14,Wilson,Wilson Clash 100 v3 Racquet,Grade B,"4 1/2""",229.0,299.0,URD0D07C
2026-08-14,Wilson,Wilson Clash 100 Pro v3 Racquet,Grade B,"4 1/4""",189.0,299.0,UR0C05B
2026-08-14,Wilson,Wilson Clash 100L v3 Racquet,Grade B,"4 1/8""",219.0,289.0,UR8A08F
2026-08-14,Wilson,Wilson Clash 100L v3 Racquet,Grade C,"4 1/4""",199.0,289.0,UR8B13F
2026-08-14,Wilson,Wilson Clash 100L v3 Reverse Racquet,Grade B,"4 3/8""",219.0,289.0,UR8A11C
2026-08-14,Wilson,Wilson Clash 108 v3 Racquet,Grade B,"4 3/8""",209.0,299.0,UR0C23C
2026-08-14,Wilson,Wilson Clash 108 v3 Racquet,Grade B,"4 1/2""",209.0,299.0,UR8A12E
2026-08-14,Wilson,Wilson Clash 108 v3 Racquet,Grade B,"4 1/2""",209.0,299.0,UR0C03F
2026-08-14,Wilson,Wilson Ultra 100 v5 Racquet,Grade B,"4 1/8""",229.0,299.0,UR8B08F
2026-08-14,Wilson,Wilson Ultra 100 v5 Racquet,Grade A,"4 1/4""",239.0,299.0,UR8A05B
2026-08-14,Wilson,Wilson Ultra 100UL v5 Racquet,Grade B,"4 3/8""",209.0,279.0,UR0B25F
2026-08-14,Wilson,Wilson Ultra 111 v5 Racquet,Grade A,"4 3/8""",229.0,289.0,UR8A03A
2026-08-14,Wilson,Wilson Ultra 111 v5 Racquet,Grade A,"4 3/8""",229.0,289.0,UR8A07E
2026-08-14,Wilson,Wilson Ultra 111 v5 Racquet,Grade A,"4 3/8""",229.0,289.0,UR8A03F
2026-08-14,Wilson,Wilson Triad Three Racquet,Grade B,"4 1/4""",219.0,269.0,UR0C01B
2026-08-14,Head,Head Speed Tour 2026 Racquet,Grade A,"4 1/4""",209.0,269.0,UR0C19C
2026-08-14,Head,Head Speed Tour 2026 Racquet,Grade B,"4 3/8""",199.0,269.0,UR0C07F
2026-08-14,Head,Head Speed Tour 2026 Racquet,Grade C,"4 3/8""",189.0,269.0,UR0C35E
2026-08-14,Head,Head Speed MP 2026 Racquet,Grade A,"4 1/4""",209.0,259.0,UR8B05C
2026-08-14,Head,Head Speed Pro 2026 Racquet,Grade A,"4 1/2""",229.0,269.0,URD0E01E
2026-08-14,Head,Head Speed Team 2026 Racquet,Grade A,"4 1/4""",189.0,239.0,UR8B11G
2026-08-14,Head,Head Speed MP L 2026 Racquet,Grade A,"4 1/4""",199.0,249.0,UR8A13C
2026-08-14,Head,Head Speed Pro Legend 2025 Racquet,Grade C,"4 1/4""",199.0,269.0,UR0C29C
2026-08-14,Head,Head Speed MP Legend 2025 Racquet,Grade A,"4 3/8""",209.0,259.0,UR8B13B
2026-08-14,Head,Head Extreme Pro 2024 Racquet,Grade B,"4 1/2""",219.0,199.0,UR0C15A
2026-08-14,Head,Head Extreme Tour Racquet,Grade A,"4 5/8""",159.0,159.0,UR0C15F
2026-08-14,Head,Head Extreme Team Racquet,Grade C,"4 1/4""",119.0,179.0,UR0C29F
2026-08-14,Head,Head Boom MP 2026 Racquet,Grade A,"4 3/8""",219.0,259.0,UR0C03E
2026-08-14,Head,Head Boom Pro Racquet,Grade B,"4 1/2""",139.0,159.0,UR0B37C
2026-08-14,Head,Head Gravity Pro 2025 Racquet,Grade B,"4 1/4""",199.0,269.0,UR0C07D
2026-08-14,Head,Head Gravity Pro 2025 Racquet,Grade B,"4 1/4""",199.0,269.0,UR0C25A
2026-08-14,Head,Head Gravity Pro 2025 Racquet,Grade B,"4 1/4""",199.0,269.0,UR0C09A
2026-08-14,Head,Head Gravity Pro 2025 Racquet,Grade B,"4 1/4""",199.0,269.0,UR0C29D
2026-08-14,Head,Head Gravity Pro 2025 Racquet,Grade C,"4 1/4""",179.0,269.0,UR0B37E
2026-08-14,Head,Head Gravity Pro 2025 Racquet,Grade B,"4 3/8""",199.0,269.0,URD0D03D
2026-08-14,Head,Head Gravity Pro 2025 Racquet,Grade B,"4 1/2""",199.0,269.0,UR0C31F
2026-08-14,Head,Head Gravity Pro 2025 Racquet,Grade B,"4 1/2""",199.0,269.0,UR8A04G
2026-08-14,Head,Head Gravity Tour 2025 Racquet,Grade A,"4 3/8""",219.0,269.0,UR0B39F
2026-08-14,Head,Head Gravity Tour 2025 Racquet,Grade B,"4 3/8""",209.0,269.0,URD0D01E
2026-08-14,Head,Head Gravity MP 2025 Racquet,Grade B,"4 1/4""",199.0,259.0,UR0B27A
2026-08-14,Head,Head Gravity MP 2025 Racquet,Grade B,"4 3/8""",199.0,259.0,URD0E01D
2026-08-14,Head,Head Gravity MP L 2025 Racquet,Grade A,"4 1/4""",199.0,239.0,UR8A01C
2026-08-14,Head,Head Gravity MP L 2025 Racquet,Grade A,"4 1/4""",199.0,239.0,UR8A04C
2026-08-14,Head,Head Gravity Team 2025 Racquet,Grade A,"4 3/8""",189.0,229.0,UR8B20C
2026-08-14,Head,Head Gravity Team 2025 Racquet,Grade A,"4 3/8""",189.0,229.0,UR8B01D
2026-08-14,Head,Head Gravity Team 2025 Racquet,Grade C,"4 3/8""",169.0,229.0,URD0D09B
2026-08-14,Head,Head Radical Pro 2025 Racquet,Grade B,"4 1/4""",219.0,269.0,UR0C31E
2026-08-14,Head,Head Radical Pro 2025 Racquet,Grade B,"4 1/2""",219.0,269.0,UR0B25E
2026-08-14,Head,Head Prestige Pro Racquet,Grade C,"4 3/8""",159.0,269.0,URD0E05B
2026-08-14,Head,Head Prestige Tour Racquet,Grade B,"4 1/2""",199.0,269.0,UR0C03A
2026-08-14,Head,Head Prestige MP L Racquet,Grade B,"4 1/4""",189.0,259.0,UR0B27F
2026-08-14,Head,Head Prestige MP L Racquet,Grade A,"4 3/8""",209.0,259.0,UR8A01D
2026-08-14,Head,Head Prestige MP L Racquet,Grade B,"4 3/8""",189.0,259.0,UR0B29B
2026-08-14,Head,Head Prestige MP L Racquet,Grade B,"4 3/8""",189.0,259.0,URD0D11E
2026-08-14,Head,Head PWR 110 Racquet,Grade A,"4 1/8""",159.0,199.0,UR0C05C
2026-08-14,Yonex,Yonex EZONE 98+ (2025) Racquet,Grade C,"4 1/4""",229.0,305.0,UR0B29F
2026-08-14,Tecnifibre,Tecnifibre TFight 300S IG Racquet,Grade B,"4 1/4""",219.0,269.0,UR0B23F
2026-08-14,Tecnifibre,Tecnifibre TFight 305S Racquet,Grade B,"4 1/4""",229.0,279.0,URD0E03D
2026-08-14,Tecnifibre,Tecnifibre TFight 305S Racquet,Grade C,"4 3/8""",189.0,279.0,UR8B19E
2026-08-14,Tecnifibre,Tecnifibre TFight 305S Racquet,Grade C,"4 3/8""",189.0,279.0,UR8B18C
2026-08-14,Tecnifibre,Tecnifibre TFight 305S Racquet,Grade C,"4 1/2""",229.0,279.0,UR0C39A
2026-08-14,Tecnifibre,Tecnifibre TFight 315S Racquet,Grade B,"4 1/2""",209.0,279.0,UR0B35D
2026-08-14,Tecnifibre,Tecnifibre TFight 300 Racquet,Grade B,"4 1/2""",189.0,269.0,UR0B25C
2026-08-14,Tecnifibre,Tecnifibre Fire 300 Racquet,Grade A,"4 1/4""",219.0,259.0,UR0B29E
2026-08-14,Tecnifibre,Tecnifibre Fire 285 Racquet,Grade A,"4 3/8""",209.0,249.0,UR0C23B
2026-08-14,Tecnifibre,Tecnifibre Fire 285 Racquet,Grade B,"4 3/8""",199.0,249.0,UR0B27B
2026-08-14,Tecnifibre,Tecnifibre Fire 260 OS Racquet,Grade A,"4 1/4""",209.0,249.0,UR0C01E
2026-08-14,Tecnifibre,Tecnifibre TF40 315g (16x19) Racquet 2024,Grade A,"4 1/4""",239.0,279.0,UR0C01F
2026-08-14,Tecnifibre,Tecnifibre TF40 315g (16x19) Racquet 2024,Grade A,"4 3/8""",239.0,279.0,UR0C05A
2026-08-14,Tecnifibre,Tecnifibre TF40 315g (16x19) Racquet 2024,Grade B,"4 3/8""",229.0,279.0,UR0B35F
2026-08-14,Tecnifibre,Tecnifibre TF40 305g (16x19) Racquet 2024,Grade A,"4 1/2""",159.0,279.0,URD0D07E
2026-08-14,Tecnifibre,Tecnifibre TF40 305g (16x19) Racquet 2024,Grade A,"4 1/2""",159.0,279.0,UR0C25E
2026-08-14,Tecnifibre,Tecnifibre TF40 290g (16x19) Racquet 2024,Grade B,"4 1/4""",209.0,249.0,UR0C07C
2026-08-14,Head,Head Radical Elite 2025 Racquet,Grade A,"4 1/4""",109.0,149.0,UR0C25D
2026-08-14,Yonex,Yonex Muse 98 Racquet,Grade B,"4 3/8""",249.0,305.0,UR0B31D
2026-08-14,Tecnifibre,Tecnifibre TF40 v1 305 18x20 Racquet,Grade A,"4 1/2""",89.0,129.0,UR0B39B
2026-08-14,Tecnifibre,Tecnifibre TFight Blue 305S Racquet,Grade B,"4 1/4""",229.0,279.95,UR0C19E
2026-08-14,Tecnifibre,Tecnifibre TFight Blue 305S Racquet,Grade C,"4 1/4""",199.0,279.95,UR0C23E
2026-08-14,Tecnifibre,Tecnifibre TFight 315S Racquet,Grade B,"4 1/4""",199.0,279.0,UR0C03B
2026-08-15,Wilson,Wilson Blade Pro 100 v10 Racquet,Grade B,"4 3/8""",249.0,299.0,UR0B23E
2026-08-15,Wilson,Wilson Blade Pro 100 v10 Racquet,Grade B,"4 1/2""",249.0,299.0,URD0E01B
2026-08-15,Wilson,Wilson Blade 98S v9 Racquet,Grade A,"4 1/8""",209.0,249.0,UR8A15A
2026-08-15,Wilson,Wilson Blade 98S v9 Racquet,Grade A,"4 1/8""",209.0,249.0,UR8A11A
2026-08-15,Wilson,Wilson Blade 100 v9 Racquet,Grade B,"4 1/4""",199.0,249.0,UR0B21C
2026-08-15,Wilson,Wilson Blade 100UL v9 Racquet,Grade B,"4 3/8""",159.0,229.0,UR0C31B
2026-08-15,Wilson,Wilson Blade 104 v9 Racquet,Grade B,"4 1/4""",199.0,249.0,UR8B15D
2026-08-15,Wilson,Wilson Blade 104 v9 Racquet,Grade C,"4 1/4""",179.0,249.0,UR0C05F
2026-08-15,Wilson,Wilson Blade 104 v9 Racquet,Grade B,"4 3/8""",199.0,249.0,UR8A15C
2026-08-15,Wilson,Wilson RF 01 Pro Racquet,Grade A,"4 1/4""",269.0,349.0,UR0C27A
2026-08-15,Wilson,Wilson RF 01 Pro Racquet,Grade B,"4 3/8""",259.0,349.0,UR0C17C
2026-08-15,Wilson,Wilson RF 01 Pro Racquet,Grade B,"4 1/2""",259.0,349.0,UR0C29A
2026-08-15,Wilson,Wilson RF 01 Pro Racquet,Grade B,"4 1/2""",259.0,349.0,UR8A13B
2026-08-15,Wilson,Wilson RF 01 Pro Racquet,Grade B,"4 1/2""",259.0,349.0,UR8A06B
2026-08-15,Wilson,Wilson RF 01 Pro Racquet,Grade B,"4 1/2""",259.0,349.0,UR8A17B
2026-08-15,Wilson,Wilson RF 01 Pro Racquet,Grade B,"4 1/2""",259.0,349.0,UR8A18A
2026-08-15,Wilson,Wilson RF 01 Pro Racquet,Grade B,"4 1/2""",259.0,349.0,UR8A05G
2026-08-15,Wilson,Wilson RF 01 Racquet,Grade B,"4 1/8""",249.0,329.0,UR8A20E
2026-08-15,Wilson,Wilson RF 01 Racquet,Grade B,"4 1/4""",249.0,329.0,UR8A13D
2026-08-15,Wilson,Wilson RF 01 Racquet,Grade A,"4 3/8""",259.0,329.0,UR8A10F
2026-08-15,Wilson,Wilson RF 01 Racquet,Grade B,"4 3/8""",249.0,329.0,UR8B14G
2026-08-15,Wilson,Wilson RF 01 Racquet,Grade B,"4 3/8""",249.0,329.0,UR8A03G
2026-08-15,Wilson,Wilson RF 01 Future Racquet,Grade B,"4 1/4""",229.0,309.0,UR8B12D
2026-08-15,Wilson,Wilson Blade Pro 98 16x19 v9 Racquet,Grade B,"4 1/2""",199.0,269.0,UR8B05B
2026-08-15,Wilson,Wilson Blade Pro 98 16x19 v9 Racquet,Grade C,"4 1/2""",199.0,269.0,UR0C17D
2026-08-15,Wilson,Wilson Blade Pro 98 16x19 v9 Racquet,Grade C,"4 1/2""",199.0,269.0,UR0C17B
2026-08-15,Wilson,Wilson Blade Pro 98 16x19 v9 Racquet,Grade C,"4 1/2""",199.0,269.0,UR0C17F
2026-08-15,Wilson,Wilson Blade Pro 98 18x20 v9 Racquet,Grade B,"4 3/8""",189.0,269.0,UR0C11E
2026-08-15,Wilson,Wilson Blade Pro 98 18x20 v9 Racquet,Grade B,"4 3/8""",189.0,269.0,UR8A02B
2026-08-15,Wilson,Wilson Blade Pro 98 18x20 v9 Racquet,Grade B,"4 3/8""",189.0,269.0,UR8A02C
2026-08-15,Wilson,Wilson Ultra 99 Pro v5 Racquet,Grade B,"4 1/4""",229.0,299.0,UR8A06A
2026-08-15,Wilson,Wilson Ultra 99 Pro v5 Racquet,Grade B,"4 3/8""",229.0,299.0,UR8A17G
2026-08-15,Wilson,Wilson Labs Project Shift 99 300g Racquet,Grade A,"4 1/4""",209.0,269.0,UR0B29D
2026-08-15,Wilson,Wilson Clash 100 v3 Racquet,Grade B,"4 1/8""",229.0,299.0,UR8B12E
2026-08-15,Wilson,Wilson Clash 100 v3 Racquet,Grade B,"4 1/2""",229.0,299.0,URD0D07C
2026-08-15,Wilson,Wilson Clash 100 Pro v3 Racquet,Grade B,"4 1/4""",189.0,299.0,UR0C05B
2026-08-15,Wilson,Wilson Clash 100L v3 Racquet,Grade B,"4 1/8""",219.0,289.0,UR8A08F
2026-08-15,Wilson,Wilson Clash 100L v3 Racquet,Grade C,"4 1/4""",199.0,289.0,UR8B13F
2026-08-15,Wilson,Wilson Clash 100L v3 Reverse Racquet,Grade B,"4 3/8""",219.0,289.0,UR8A11C
2026-08-15,Wilson,Wilson Clash 108 v3 Racquet,Grade B,"4 3/8""",209.0,299.0,UR0C23C
2026-08-15,Wilson,Wilson Clash 108 v3 Racquet,Grade B,"4 1/2""",209.0,299.0,UR8A12E
2026-08-15,Wilson,Wilson Clash 108 v3 Racquet,Grade B,"4 1/2""",209.0,299.0,UR0C03F
2026-08-15,Wilson,Wilson Ultra 100 v5 Racquet,Grade B,"4 1/8""",229.0,299.0,UR8B08F
2026-08-15,Wilson,Wilson Ultra 100 v5 Racquet,Grade A,"4 1/4""",239.0,299.0,UR8A05B
2026-08-15,Wilson,Wilson Ultra 100UL v5 Racquet,Grade B,"4 3/8""",209.0,279.0,UR0B25F
2026-08-15,Wilson,Wilson Ultra 111 v5 Racquet,Grade A,"4 3/8""",229.0,289.0,UR8A03A
2026-08-15,Wilson,Wilson Ultra 111 v5 Racquet,Grade A,"4 3/8""",229.0,289.0,UR8A07E
2026-08-15,Wilson,Wilson Ultra 111 v5 Racquet,Grade A,"4 3/8""",229.0,289.0,UR8A03F
2026-08-15,Wilson,Wilson Triad Three Racquet,Grade B,"4 1/4""",219.0,269.0,UR0C01B
2026-08-15,Head,Head Speed Tour 2026 Racquet,Grade A,"4 1/4""",209.0,269.0,UR0C19C
2026-08-15,Head,Head Speed Tour 2026 Racquet,Grade B,"4 3/8""",199.0,269.0,UR0C07F
2026-08-15,Head,Head Speed Tour 2026 Racquet,Grade C,"4 3/8""",189.0,269.0,UR0C35E
2026-08-15,Head,Head Speed MP 2026 Racquet,Grade A,"4 1/4""",209.0,259.0,UR8B05C
2026-08-15,Head,Head Speed Pro 2026 Racquet,Grade A,"4 1/2""",229.0,269.0,URD0E01E
2026-08-15,Head,Head Speed Team 2026 Racquet,Grade A,"4 1/4""",189.0,239.0,UR8B11G
2026-08-15,Head,Head Speed MP L 2026 Racquet,Grade A,"4 1/4""",199.0,249.0,UR8A13C
2026-08-15,Head,Head Speed Pro Legend 2025 Racquet,Grade C,"4 1/4""",199.0,269.0,UR0C29C
2026-08-15,Head,Head Speed MP Legend 2025 Racquet,Grade A,"4 3/8""",209.0,259.0,UR8B13B
2026-08-15,Head,Head Extreme Pro 2024 Racquet,Grade B,"4 1/2""",219.0,199.0,UR0C15A
2026-08-15,Head,Head Extreme Tour Racquet,Grade A,"4 5/8""",159.0,159.0,UR0C15F
2026-08-15,Head,Head Extreme Team Racquet,Grade C,"4 1/4""",119.0,179.0,UR0C29F
2026-08-15,Head,Head Boom MP 2026 Racquet,Grade A,"4 3/8""",219.0,259.0,UR0C03E
2026-08-15,Head,Head Boom Pro Racquet,Grade B,"4 1/2""",139.0,159.0,UR0B37C
2026-08-15,Head,Head Gravity Pro 2025 Racquet,Grade B,"4 1/4""",199.0,269.0,UR0C07D
2026-08-15,Head,Head Gravity Pro 2025 Racquet,Grade B,"4 1/4""",199.0,269.0,UR0C25A
2026-08-15,Head,Head Gravity Pro 2025 Racquet,Grade B,"4 1/4""",199.0,269.0,UR0C09A
2026-08-15,Head,Head Gravity Pro 2025 Racquet,Grade B,"4 1/4""",199.0,269.0,UR0C29D
2026-08-15,Head,Head Gravity Pro 2025 Racquet,Grade C,"4 1/4""",179.0,269.0,UR0B37E
2026-08-15,Head,Head Gravity Pro 2025 Racquet,Grade B,"4 3/8""",199.0,269.0,URD0D03D
2026-08-15,Head,Head Gravity Pro 2025 Racquet,Grade B,"4 1/2""",199.0,269.0,UR0C31F
2026-08-15,Head,Head Gravity Pro 2025 Racquet,Grade B,"4 1/2""",199.0,269.0,UR8A04G
2026-08-15,Head,Head Gravity Tour 2025 Racquet,Grade A,"4 3/8""",219.0,269.0,UR0B39F
2026-08-15,Head,Head Gravity Tour 2025 Racquet,Grade B,"4 3/8""",209.0,269.0,URD0D01E
2026-08-15,Head,Head Gravity MP 2025 Racquet,Grade B,"4 1/4""",199.0,259.0,UR0B27A
2026-08-15,Head,Head Gravity MP 2025 Racquet,Grade B,"4 3/8""",199.0,259.0,URD0E01D
2026-08-15,Head,Head Gravity MP L 2025 Racquet,Grade A,"4 1/4""",199.0,239.0,UR8A01C
2026-08-15,Head,Head Gravity MP L 2025 Racquet,Grade A,"4 1/4""",199.0,239.0,UR8A04C
2026-08-15,Head,Head Gravity Team 2025 Racquet,Grade A,"4 3/8""",189.0,229.0,UR8B20C
2026-08-15,Head,Head Gravity Team 2025 Racquet,Grade A,"4 3/8""",189.0,229.0,UR8B01D
2026-08-15,Head,Head Gravity Team 2025 Racquet,Grade C,"4 3/8""",169.0,229.0,URD0D09B
2026-08-15,Head,Head Radical Pro 2025 Racquet,Grade B,"4 1/4""",219.0,269.0,UR0C31E
2026-08-15,Head,Head Radical Pro 2025 Racquet,Grade B,"4 1/2""",219.0,269.0,UR0B25E
2026-08-15,Head,Head Radical Elite 2025 Racquet,Grade A,"4 1/4""",109.0,149.0,UR0C25D
2026-08-15,Head,Head Prestige Pro Racquet,Grade C,"4 3/8""",159.0,269.0,URD0E05B
2026-08-15,Head,Head Prestige Tour Racquet,Grade B,"4 1/2""",199.0,269.0,UR0C03A
2026-08-15,Head,Head Prestige MP L Racquet,Grade B,"4 1/4""",189.0,259.0,UR0B27F
2026-08-15,Head,Head Prestige MP L Racquet,Grade A,"4 3/8""",209.0,259.0,UR8A01D
2026-08-15,Head,Head Prestige MP L Racquet,Grade B,"4 3/8""",189.0,259.0,UR0B29B
2026-08-15,Head,Head Prestige MP L Racquet,Grade B,"4 3/8""",189.0,259.0,URD0D11E
2026-08-15,Head,Head PWR 110 Racquet,Grade A,"4 1/8""",159.0,199.0,UR0C05C
2026-08-15,Yonex,Yonex Muse 98 Racquet,Grade B,"4 3/8""",249.0,305.0,UR0B31D
2026-08-15,Yonex,Yonex EZONE 98+ (2025) Racquet,Grade C,"4 1/4""",229.0,305.0,UR0B29F
2026-08-15,Tecnifibre,Tecnifibre TFight Blue 305S Racquet,Grade B,"4 1/4""",229.0,279.95,UR0C19E
2026-08-15,Tecnifibre,Tecnifibre TFight Blue 305S Racquet,Grade C,"4 1/4""",199.0,279.95,UR0C23E
2026-08-15,Tecnifibre,Tecnifibre TFight 300S IG Racquet,Grade B,"4 1/4""",219.0,269.0,UR0B23F
2026-08-15,Tecnifibre,Tecnifibre TFight 305S Racquet,Grade B,"4 1/4""",229.0,279.0,URD0E03D
2026-08-15,Tecnifibre,Tecnifibre TFight 305S Racquet,Grade C,"4 3/8""",189.0,279.0,UR8B19E
2026-08-15,Tecnifibre,Tecnifibre TFight 305S Racquet,Grade C,"4 3/8""",189.0,279.0,UR8B18C
2026-08-15,Tecnifibre,Tecnifibre TFight 305S Racquet,Grade C,"4 1/2""",229.0,279.0,UR0C39A
2026-08-15,Tecnifibre,Tecnifibre TFight 315S Racquet,Grade B,"4 1/4""",199.0,279.0,UR0C03B
2026-08-15,Tecnifibre,Tecnifibre TFight 315S Racquet,Grade B,"4 1/2""",209.0,279.0,UR0B35D
2026-08-15,Tecnifibre,Tecnifibre TFight 300 Racquet,Grade B,"4 1/2""",189.0,269.0,UR0B25C
2026-08-15,Tecnifibre,Tecnifibre Fire 300 Racquet,Grade A,"4 1/4""",219.0,259.0,UR0B29E
2026-08-15,Tecnifibre,Tecnifibre Fire 285 Racquet,Grade A,"4 3/8""",209.0,249.0,UR0C23B
2026-08-15,Tecnifibre,Tecnifibre Fire 285 Racquet,Grade B,"4 3/8""",199.0,249.0,UR0B27B
2026-08-15,Tecnifibre,Tecnifibre Fire 260 OS Racquet,Grade A,"4 1/4""",209.0,249.0,UR0C01E
2026-08-15,Tecnifibre,Tecnifibre TF40 v1 305 18x20 Racquet,Grade A,"4 1/2""",89.0,129.0,UR0B39B
2026-08-15,Tecnifibre,Tecnifibre TF40 315g (16x19) Racquet 2024,Grade A,"4 1/4""",239.0,279.0,UR0C01F
2026-08-15,Tecnifibre,Tecnifibre TF40 315g (16x19) Racquet 2024,Grade A,"4 3/8""",239.0,279.0,UR0C05A
2026-08-15,Tecnifibre,Tecnifibre TF40 315g (16x19) Racquet 2024,Grade B,"4 3/8""",229.0,279.0,UR0B35F
2026-08-15,Tecnifibre,Tecnifibre TF40 305g (16x19) Racquet 2024,Grade A,"4 1/2""",159.0,279.0,URD0D07E
2026-08-15,Tecnifibre,Tecnifibre TF40 305g (16x19) Racquet 2024,Grade A,"4 1/2""",159.0,279.0,UR0C25E
2026-08-15,Tecnifibre,Tecnifibre TF40 290g (16x19) Racquet 2024,Grade B,"4 1/4""",209.0,249.0,UR0C07C
2026-08-16,Wilson,Wilson Blade Pro 100 v10 Racquet,Grade B,"4 3/8""",249.0,299.0,UR0B23E
2026-08-16,Wilson,Wilson Blade Pro 100 v10 Racquet,Grade B,"4 1/2""",249.0,299.0,URD0E01B
2026-08-16,Wilson,Wilson Blade 98S v9 Racquet,Grade A,"4 1/8""",209.0,249.0,UR8A15A
2026-08-16,Wilson,Wilson Blade 98S v9 Racquet,Grade A,"4 1/8""",209.0,249.0,UR8A11A
2026-08-16,Wilson,Wilson Blade 100 v9 Racquet,Grade B,"4 1/4""",199.0,249.0,UR0B21C
2026-08-16,Wilson,Wilson Blade 100UL v9 Racquet,Grade B,"4 3/8""",159.0,229.0,UR0C31B
2026-08-16,Wilson,Wilson Blade 104 v9 Racquet,Grade B,"4 1/4""",199.0,249.0,UR8B15D
2026-08-16,Wilson,Wilson Blade 104 v9 Racquet,Grade C,"4 1/4""",179.0,249.0,UR0C05F
2026-08-16,Wilson,Wilson Blade 104 v9 Racquet,Grade B,"4 3/8""",199.0,249.0,UR8A15C
2026-08-16,Wilson,Wilson RF 01 Pro Racquet,Grade A,"4 1/4""",269.0,349.0,UR0C27A
2026-08-16,Wilson,Wilson RF 01 Pro Racquet,Grade B,"4 3/8""",259.0,349.0,UR0C17C
2026-08-16,Wilson,Wilson RF 01 Pro Racquet,Grade B,"4 1/2""",259.0,349.0,UR0C29A
2026-08-16,Wilson,Wilson RF 01 Pro Racquet,Grade B,"4 1/2""",259.0,349.0,UR8A13B
2026-08-16,Wilson,Wilson RF 01 Pro Racquet,Grade B,"4 1/2""",259.0,349.0,UR8A06B
2026-08-16,Wilson,Wilson RF 01 Pro Racquet,Grade B,"4 1/2""",259.0,349.0,UR8A17B
2026-08-16,Wilson,Wilson RF 01 Pro Racquet,Grade B,"4 1/2""",259.0,349.0,UR8A18A
2026-08-16,Wilson,Wilson RF 01 Pro Racquet,Grade B,"4 1/2""",259.0,349.0,UR8A05G
2026-08-16,Wilson,Wilson RF 01 Racquet,Grade B,"4 1/8""",249.0,329.0,UR8A20E
2026-08-16,Wilson,Wilson RF 01 Racquet,Grade B,"4 1/4""",249.0,329.0,UR8A13D
2026-08-16,Wilson,Wilson RF 01 Racquet,Grade A,"4 3/8""",259.0,329.0,UR8A10F
2026-08-16,Wilson,Wilson RF 01 Racquet,Grade B,"4 3/8""",249.0,329.0,UR8B14G
2026-08-16,Wilson,Wilson RF 01 Racquet,Grade B,"4 3/8""",249.0,329.0,UR8A03G
2026-08-16,Wilson,Wilson RF 01 Future Racquet,Grade B,"4 1/4""",229.0,309.0,UR8B12D
2026-08-16,Wilson,Wilson Blade Pro 98 16x19 v9 Racquet,Grade B,"4 1/2""",199.0,269.0,UR8B05B
2026-08-16,Wilson,Wilson Blade Pro 98 16x19 v9 Racquet,Grade C,"4 1/2""",199.0,269.0,UR0C17D
2026-08-16,Wilson,Wilson Blade Pro 98 16x19 v9 Racquet,Grade C,"4 1/2""",199.0,269.0,UR0C17B
2026-08-16,Wilson,Wilson Blade Pro 98 16x19 v9 Racquet,Grade C,"4 1/2""",199.0,269.0,UR0C17F
2026-08-16,Wilson,Wilson Blade Pro 98 18x20 v9 Racquet,Grade B,"4 3/8""",189.0,269.0,UR0C11E
2026-08-16,Wilson,Wilson Blade Pro 98 18x20 v9 Racquet,Grade B,"4 3/8""",189.0,269.0,UR8A02B
2026-08-16,Wilson,Wilson Blade Pro 98 18x20 v9 Racquet,Grade B,"4 3/8""",189.0,269.0,UR8A02C
2026-08-16,Wilson,Wilson Ultra 99 Pro v5 Racquet,Grade B,"4 1/4""",229.0,299.0,UR8A06A
2026-08-16,Wilson,Wilson Ultra 99 Pro v5 Racquet,Grade B,"4 3/8""",229.0,299.0,UR8A17G
2026-08-16,Wilson,Wilson Clash 100 v3 Racquet,Grade B,"4 1/8""",229.0,299.0,UR8B12E
2026-08-16,Wilson,Wilson Clash 100 v3 Racquet,Grade B,"4 1/2""",229.0,299.0,URD0D07C
2026-08-16,Wilson,Wilson Clash 100 Pro v3 Racquet,Grade B,"4 1/4""",189.0,299.0,UR0C05B
2026-08-16,Wilson,Wilson Clash 100L v3 Racquet,Grade B,"4 1/8""",219.0,289.0,UR8A08F
2026-08-16,Wilson,Wilson Clash 100L v3 Racquet,Grade C,"4 1/4""",199.0,289.0,UR8B13F
2026-08-16,Wilson,Wilson Clash 100L v3 Reverse Racquet,Grade B,"4 3/8""",219.0,289.0,UR8A11C
2026-08-16,Wilson,Wilson Clash 108 v3 Racquet,Grade B,"4 3/8""",209.0,299.0,UR0C23C
2026-08-16,Wilson,Wilson Clash 108 v3 Racquet,Grade B,"4 1/2""",209.0,299.0,UR8A12E
2026-08-16,Wilson,Wilson Clash 108 v3 Racquet,Grade B,"4 1/2""",209.0,299.0,UR0C03F
2026-08-16,Wilson,Wilson Pro Staff 97 v14 Racquet,Grade C,"4 1/2""",109.0,169.0,UR0C09D
2026-08-16,Wilson,Wilson Ultra 100 v5 Racquet,Grade B,"4 1/8""",229.0,299.0,UR8B08F
2026-08-16,Wilson,Wilson Ultra 100 v5 Racquet,Grade A,"4 1/4""",239.0,299.0,UR8A05B
2026-08-16,Wilson,Wilson Ultra 100UL v5 Racquet,Grade B,"4 3/8""",209.0,279.0,UR0B25F
2026-08-16,Wilson,Wilson Ultra 111 v5 Racquet,Grade A,"4 3/8""",229.0,289.0,UR8A03A
2026-08-16,Wilson,Wilson Ultra 111 v5 Racquet,Grade A,"4 3/8""",229.0,289.0,UR8A07E
2026-08-16,Wilson,Wilson Ultra 111 v5 Racquet,Grade A,"4 3/8""",229.0,289.0,UR8A03F
2026-08-16,Wilson,Wilson Triad Three Racquet,Grade B,"4 1/4""",219.0,269.0,UR0C01B
2026-08-16,Head,Head Speed Tour 2026 Racquet,Grade A,"4 1/4""",209.0,269.0,UR0C19C
2026-08-16,Head,Head Speed Tour 2026 Racquet,Grade B,"4 3/8""",199.0,269.0,UR0C07F
2026-08-16,Head,Head Speed Tour 2026 Racquet,Grade C,"4 3/8""",189.0,269.0,UR0C35E
2026-08-16,Head,Head Speed Pro 2026 Racquet,Grade A,"4 1/2""",229.0,269.0,URD0E01E
2026-08-16,Head,Head Speed Team 2026 Racquet,Grade A,"4 1/4""",189.0,239.0,UR8B11G
2026-08-16,Head,Head Speed MP L 2026 Racquet,Grade A,"4 1/4""",199.0,249.0,UR8A13C
2026-08-16,Head,Head Speed Pro Legend 2025 Racquet,Grade C,"4 1/4""",199.0,269.0,UR0C29C
2026-08-16,Head,Head Speed MP Legend 2025 Racquet,Grade A,"4 3/8""",209.0,259.0,UR8B13B
2026-08-16,Head,Head Extreme Pro 2024 Racquet,Grade B,"4 1/2""",219.0,199.0,UR0C15A
2026-08-16,Head,Head Extreme Tour Racquet,Grade A,"4 5/8""",159.0,159.0,UR0C15F
2026-08-16,Head,Head Extreme Team Racquet,Grade C,"4 1/4""",119.0,179.0,UR0C29F
2026-08-16,Head,Head Boom MP 2026 Racquet,Grade A,"4 3/8""",219.0,259.0,UR0C03E
2026-08-16,Head,Head Boom Pro Racquet,Grade B,"4 1/2""",139.0,159.0,UR0B37C
2026-08-16,Head,Head Gravity Pro 2025 Racquet,Grade B,"4 1/4""",199.0,269.0,UR0C07D
2026-08-16,Head,Head Gravity Pro 2025 Racquet,Grade B,"4 1/4""",199.0,269.0,UR0C25A
2026-08-16,Head,Head Gravity Pro 2025 Racquet,Grade B,"4 1/4""",199.0,269.0,UR0C09A
2026-08-16,Head,Head Gravity Pro 2025 Racquet,Grade B,"4 1/4""",199.0,269.0,UR0C29D
2026-08-16,Head,Head Gravity Pro 2025 Racquet,Grade C,"4 1/4""",179.0,269.0,UR0B37E
2026-08-16,Head,Head Gravity Pro 2025 Racquet,Grade B,"4 3/8""",199.0,269.0,URD0D03D
2026-08-16,Head,Head Gravity Pro 2025 Racquet,Grade B,"4 1/2""",199.0,269.0,UR0C31F
2026-08-16,Head,Head Gravity Pro 2025 Racquet,Grade B,"4 1/2""",199.0,269.0,UR8A04G
2026-08-16,Head,Head Gravity Tour 2025 Racquet,Grade A,"4 3/8""",219.0,269.0,UR0B39F
2026-08-16,Head,Head Gravity Tour 2025 Racquet,Grade B,"4 3/8""",209.0,269.0,URD0D01E
2026-08-16,Head,Head Gravity MP 2025 Racquet,Grade B,"4 1/4""",199.0,259.0,UR0B27A
2026-08-16,Head,Head Gravity MP 2025 Racquet,Grade B,"4 3/8""",199.0,259.0,URD0E01D
2026-08-16,Head,Head Gravity MP L 2025 Racquet,Grade A,"4 1/4""",199.0,239.0,UR8A01C
2026-08-16,Head,Head Gravity MP L 2025 Racquet,Grade A,"4 1/4""",199.0,239.0,UR8A04C
2026-08-16,Head,Head Gravity Team 2025 Racquet,Grade A,"4 3/8""",189.0,229.0,UR8B20C
2026-08-16,Head,Head Gravity Team 2025 Racquet,Grade A,"4 3/8""",189.0,229.0,UR8B01D
2026-08-16,Head,Head Gravity Team 2025 Racquet,Grade C,"4 3/8""",169.0,229.0,URD0D09B
2026-08-16,Head,Head Radical Pro 2025 Racquet,Grade B,"4 1/4""",219.0,269.0,UR0C31E
2026-08-16,Head,Head Radical Pro 2025 Racquet,Grade B,"4 1/2""",219.0,269.0,UR0B25E
2026-08-16,Head,Head Radical Elite 2025 Racquet,Grade A,"4 1/4""",109.0,149.0,UR0C25D
2026-08-16,Head,Head Prestige Pro Racquet,Grade C,"4 3/8""",159.0,269.0,URD0E05B
2026-08-16,Head,Head Prestige Tour Racquet,Grade B,"4 1/2""",199.0,269.0,UR0C03A
2026-08-16,Head,Head Prestige MP L Racquet,Grade B,"4 1/4""",189.0,259.0,UR0B27F
2026-08-16,Head,Head Prestige MP L Racquet,Grade A,"4 3/8""",209.0,259.0,UR8A01D
2026-08-16,Head,Head Prestige MP L Racquet,Grade B,"4 3/8""",189.0,259.0,UR0B29B
2026-08-16,Head,Head Prestige MP L Racquet,Grade B,"4 3/8""",189.0,259.0,URD0D11E
2026-08-16,Head,Head PWR 110 Racquet,Grade A,"4 1/8""",159.0,199.0,UR0C05C
2026-08-16,Yonex,Yonex Muse 98 Racquet,Grade B,"4 3/8""",249.0,305.0,UR0B31D
2026-08-16,Yonex,Yonex EZONE 98+ (2025) Racquet,Grade C,"4 1/4""",229.0,305.0,UR0B29F
2026-08-16,Tecnifibre,Tecnifibre TFight Blue 305S Racquet,Grade B,"4 1/4""",229.0,279.95,UR0C19E
2026-08-16,Tecnifibre,Tecnifibre TFight Blue 305S Racquet,Grade C,"4 1/4""",199.0,279.95,UR0C23E
2026-08-16,Tecnifibre,Tecnifibre TFight 305S Racquet,Grade B,"4 1/4""",229.0,279.0,URD0E03D
2026-08-16,Tecnifibre,Tecnifibre TFight 305S Racquet,Grade C,"4 3/8""",189.0,279.0,UR8B19E
2026-08-16,Tecnifibre,Tecnifibre TFight 305S Racquet,Grade C,"4 3/8""",189.0,279.0,UR8B18C
2026-08-16,Tecnifibre,Tecnifibre TFight 305S Racquet,Grade C,"4 1/2""",229.0,279.0,UR0C39A
2026-08-16,Tecnifibre,Tecnifibre TFight 315S Racquet,Grade B,"4 1/4""",199.0,279.0,UR0C03B
2026-08-16,Tecnifibre,Tecnifibre TFight 315S Racquet,Grade B,"4 1/2""",209.0,279.0,UR0B35D
2026-08-16,Tecnifibre,Tecnifibre TFight 300 Racquet,Grade B,"4 1/2""",189.0,269.0,UR0B25C
2026-08-16,Tecnifibre,Tecnifibre Fire 300 Racquet,Grade A,"4 1/4""",219.0,259.0,UR0B29E
2026-08-16,Tecnifibre,Tecnifibre Fire 285 Racquet,Grade A,"4 3/8""",209.0,249.0,UR0C23B
2026-08-16,Tecnifibre,Tecnifibre Fire 285 Racquet,Grade B,"4 3/8""",199.0,249.0,UR0B27B
2026-08-16,Tecnifibre,Tecnifibre Fire 260 OS Racquet,Grade A,"4 1/4""",209.0,249.0,UR0C01E
2026-08-16,Tecnifibre,Tecnifibre TF40 v1 305 18x20 Racquet,Grade A,"4 1/2""",89.0,129.0,UR0B39B
2026-08-16,Tecnifibre,Tecnifibre TF40 315g (16x19) Racquet 2024,Grade A,"4 1/4""",239.0,279.0,UR0C01F
2026-08-16,Tecnifibre,Tecnifibre TF40 315g (16x19) Racquet 2024,Grade A,"4 3/8""",239.0,279.0,UR0C05A
2026-08-16,Tecnifibre,Tecnifibre TF40 315g (16x19) Racquet 2024,Grade B,"4 3/8""",229.0,279.0,UR0B35F
2026-08-16,Tecnifibre,Tecnifibre TF40 305g (16x19) Racquet 2024,Grade A,"4 1/2""",159.0,279.0,URD0D07E
2026-08-16,Tecnifibre,Tecnifibre TF40 305g (16x19) Racquet 2024,Grade A,"4 1/2""",159.0,279.0,UR0C25E
2026-08-16,Tecnifibre,Tecnifibre TF40 290g (16x19) Racquet 2024,Grade B,"4 1/4""",209.0,249.0,UR0C07C
2026-08-17,Wilson,Wilson Blade Pro 100 v10 Racquet,Grade B,"4 3/8""",249.0,299.0,UR0B23E
2026-08-17,Wilson,Wilson Blade Pro 100 v10 Racquet,Grade B,"4 1/2""",249.0,299.0,URD0E01B
2026-08-17,Wilson,Wilson Blade 98S v9 Racquet,Grade A,"4 1/8""",209.0,249.0,UR8A15A
2026-08-17,Wilson,Wilson Blade 98S v9 Racquet,Grade A,"4 1/8""",209.0,249.0,UR8A11A
2026-08-17,Wilson,Wilson Blade 100 v9 Racquet,Grade B,"4 1/4""",199.0,249.0,UR0B21C
2026-08-17,Wilson,Wilson Blade 100UL v9 Racquet,Grade B,"4 3/8""",159.0,229.0,UR0C31B
2026-08-17,Wilson,Wilson Blade 104 v9 Racquet,Grade B,"4 1/4""",199.0,249.0,UR8B15D
2026-08-17,Wilson,Wilson Blade 104 v9 Racquet,Grade C,"4 1/4""",179.0,249.0,UR0C05F
2026-08-17,Wilson,Wilson Blade 104 v9 Racquet,Grade B,"4 3/8""",199.0,249.0,UR8A15C
2026-08-17,Wilson,Wilson RF 01 Pro Racquet,Grade A,"4 1/4""",269.0,349.0,UR0C27A
2026-08-17,Wilson,Wilson RF 01 Pro Racquet,Grade B,"4 3/8""",259.0,349.0,UR0C17C
2026-08-17,Wilson,Wilson RF 01 Pro Racquet,Grade B,"4 1/2""",259.0,349.0,UR0C29A
2026-08-17,Wilson,Wilson RF 01 Pro Racquet,Grade B,"4 1/2""",259.0,349.0,UR8A13B
2026-08-17,Wilson,Wilson RF 01 Pro Racquet,Grade B,"4 1/2""",259.0,349.0,UR8A06B
2026-08-17,Wilson,Wilson RF 01 Pro Racquet,Grade B,"4 1/2""",259.0,349.0,UR8A17B
2026-08-17,Wilson,Wilson RF 01 Pro Racquet,Grade B,"4 1/2""",259.0,349.0,UR8A18A
2026-08-17,Wilson,Wilson RF 01 Pro Racquet,Grade B,"4 1/2""",259.0,349.0,UR8A05G
2026-08-17,Wilson,Wilson RF 01 Racquet,Grade B,"4 1/8""",249.0,329.0,UR8A20E
2026-08-17,Wilson,Wilson RF 01 Racquet,Grade B,"4 1/4""",249.0,329.0,UR8A13D
2026-08-17,Wilson,Wilson RF 01 Racquet,Grade A,"4 3/8""",259.0,329.0,UR8A10F
2026-08-17,Wilson,Wilson RF 01 Racquet,Grade B,"4 3/8""",249.0,329.0,UR8B14G
2026-08-17,Wilson,Wilson RF 01 Racquet,Grade B,"4 3/8""",249.0,329.0,UR8A03G
2026-08-17,Wilson,Wilson RF 01 Future Racquet,Grade B,"4 1/4""",229.0,309.0,UR8B12D
2026-08-17,Wilson,Wilson Blade Pro 98 16x19 v9 Racquet,Grade B,"4 1/2""",199.0,269.0,UR8B05B
2026-08-17,Wilson,Wilson Blade Pro 98 16x19 v9 Racquet,Grade C,"4 1/2""",199.0,269.0,UR0C17D
2026-08-17,Wilson,Wilson Blade Pro 98 16x19 v9 Racquet,Grade C,"4 1/2""",199.0,269.0,UR0C17B
2026-08-17,Wilson,Wilson Blade Pro 98 16x19 v9 Racquet,Grade C,"4 1/2""",199.0,269.0,UR0C17F
2026-08-17,Wilson,Wilson Blade Pro 98 18x20 v9 Racquet,Grade B,"4 3/8""",189.0,269.0,UR0C11E
2026-08-17,Wilson,Wilson Blade Pro 98 18x20 v9 Racquet,Grade B,"4 3/8""",189.0,269.0,UR8A02B
2026-08-17,Wilson,Wilson Blade Pro 98 18x20 v9 Racquet,Grade B,"4 3/8""",189.0,269.0,UR8A02C
2026-08-17,Wilson,Wilson Ultra 99 Pro v5 Racquet,Grade B,"4 1/4""",229.0,299.0,UR8A06A
2026-08-17,Wilson,Wilson Ultra 99 Pro v5 Racquet,Grade B,"4 3/8""",229.0,299.0,UR8A17G
2026-08-17,Wilson,Wilson Clash 100 v3 Racquet,Grade B,"4 1/8""",229.0,299.0,UR8B12E
2026-08-17,Wilson,Wilson Clash 100 v3 Racquet,Grade B,"4 1/2""",229.0,299.0,URD0D07C
2026-08-17,Wilson,Wilson Clash 100L v3 Racquet,Grade B,"4 1/8""",219.0,289.0,UR8A08F
2026-08-17,Wilson,Wilson Clash 100L v3 Racquet,Grade C,"4 1/4""",199.0,289.0,UR8B13F
2026-08-17,Wilson,Wilson Clash 100L v3 Reverse Racquet,Grade B,"4 3/8""",219.0,289.0,UR8A11C
2026-08-17,Wilson,Wilson Clash 108 v3 Racquet,Grade B,"4 3/8""",209.0,299.0,UR0C23C
2026-08-17,Wilson,Wilson Clash 108 v3 Racquet,Grade B,"4 1/2""",209.0,299.0,UR8A12E
2026-08-17,Wilson,Wilson Clash 108 v3 Racquet,Grade B,"4 1/2""",209.0,299.0,UR0C03F
2026-08-17,Wilson,Wilson Ultra 100 v5 Racquet,Grade B,"4 1/8""",229.0,299.0,UR8B08F
2026-08-17,Wilson,Wilson Ultra 100 v5 Racquet,Grade A,"4 1/4""",239.0,299.0,UR8A05B
2026-08-17,Wilson,Wilson Ultra 100UL v5 Racquet,Grade B,"4 3/8""",209.0,279.0,UR0B25F
2026-08-17,Wilson,Wilson Ultra 111 v5 Racquet,Grade A,"4 3/8""",229.0,289.0,UR8A03A
2026-08-17,Wilson,Wilson Ultra 111 v5 Racquet,Grade A,"4 3/8""",229.0,289.0,UR8A07E
2026-08-17,Wilson,Wilson Ultra 111 v5 Racquet,Grade A,"4 3/8""",229.0,289.0,UR8A03F
2026-08-17,Wilson,Wilson Triad Three Racquet,Grade B,"4 1/4""",219.0,269.0,UR0C01B
2026-08-17,Head,Head Speed Tour 2026 Racquet,Grade A,"4 1/4""",209.0,269.0,UR0C19C
2026-08-17,Head,Head Speed Tour 2026 Racquet,Grade B,"4 3/8""",199.0,269.0,UR0C07F
2026-08-17,Head,Head Speed Tour 2026 Racquet,Grade C,"4 3/8""",189.0,269.0,UR0C35E
2026-08-17,Head,Head Speed Pro 2026 Racquet,Grade A,"4 1/2""",229.0,269.0,URD0E01E
2026-08-17,Head,Head Speed Team 2026 Racquet,Grade A,"4 1/4""",189.0,239.0,UR8B11G
2026-08-17,Head,Head Speed MP L 2026 Racquet,Grade A,"4 1/4""",199.0,249.0,UR8A13C
2026-08-17,Head,Head Speed Pro Legend 2025 Racquet,Grade C,"4 1/4""",199.0,269.0,UR0C29C
2026-08-17,Head,Head Speed MP Legend 2025 Racquet,Grade A,"4 3/8""",209.0,259.0,UR8B13B
2026-08-17,Head,Head Extreme Pro 2024 Racquet,Grade B,"4 1/2""",219.0,199.0,UR0C15A
2026-08-17,Head,Head Extreme Tour Racquet,Grade A,"4 5/8""",159.0,159.0,UR0C15F
2026-08-17,Head,Head Extreme Team Racquet,Grade C,"4 1/4""",119.0,179.0,UR0C29F
2026-08-17,Head,Head Boom MP 2026 Racquet,Grade A,"4 3/8""",219.0,259.0,UR0C03E
2026-08-17,Head,Head Boom Pro Racquet,Grade B,"4 1/2""",139.0,159.0,UR0B37C
2026-08-17,Head,Head Gravity Pro 2025 Racquet,Grade B,"4 1/4""",199.0,269.0,UR0C07D
2026-08-17,Head,Head Gravity Pro 2025 Racquet,Grade B,"4 1/4""",199.0,269.0,UR0C25A
2026-08-17,Head,Head Gravity Pro 2025 Racquet,Grade B,"4 1/4""",199.0,269.0,UR0C09A
2026-08-17,Head,Head Gravity Pro 2025 Racquet,Grade B,"4 1/4""",199.0,269.0,UR0C29D
2026-08-17,Head,Head Gravity Pro 2025 Racquet,Grade C,"4 1/4""",179.0,269.0,UR0B37E
2026-08-17,Head,Head Gravity Pro 2025 Racquet,Grade B,"4 3/8""",199.0,269.0,URD0D03D
2026-08-17,Head,Head Gravity Pro 2025 Racquet,Grade B,"4 1/2""",199.0,269.0,UR0C31F
2026-08-17,Head,Head Gravity Pro 2025 Racquet,Grade B,"4 1/2""",199.0,269.0,UR8A04G
2026-08-17,Head,Head Gravity Tour 2025 Racquet,Grade A,"4 3/8""",219.0,269.0,UR0B39F
2026-08-17,Head,Head Gravity Tour 2025 Racquet,Grade B,"4 3/8""",209.0,269.0,URD0D01E
2026-08-17,Head,Head Gravity MP 2025 Racquet,Grade B,"4 1/4""",199.0,259.0,UR0B27A
2026-08-17,Head,Head Gravity MP 2025 Racquet,Grade B,"4 3/8""",199.0,259.0,URD0E01D
2026-08-17,Head,Head Gravity MP L 2025 Racquet,Grade A,"4 1/4""",199.0,239.0,UR8A01C
2026-08-17,Head,Head Gravity MP L 2025 Racquet,Grade A,"4 1/4""",199.0,239.0,UR8A04C
2026-08-17,Head,Head Gravity Team 2025 Racquet,Grade A,"4 3/8""",189.0,229.0,UR8B20C
2026-08-17,Head,Head Gravity Team 2025 Racquet,Grade A,"4 3/8""",189.0,229.0,UR8B01D
2026-08-17,Head,Head Gravity Team 2025 Racquet,Grade C,"4 3/8""",169.0,229.0,URD0D09B
2026-08-17,Head,Head Radical Pro 2025 Racquet,Grade B,"4 1/4""",219.0,269.0,UR0C31E
2026-08-17,Head,Head Radical Pro 2025 Racquet,Grade B,"4 1/2""",219.0,269.0,UR0B25E
2026-08-17,Head,Head Radical Elite 2025 Racquet,Grade A,"4 1/4""",109.0,149.0,UR0C25D
2026-08-17,Head,Head Prestige Pro Racquet,Grade C,"4 3/8""",159.0,269.0,URD0E05B
2026-08-17,Head,Head Prestige Tour Racquet,Grade B,"4 1/2""",199.0,269.0,UR0C03A
2026-08-17,Head,Head Prestige MP L Racquet,Grade B,"4 1/4""",189.0,259.0,UR0B27F
2026-08-17,Head,Head Prestige MP L Racquet,Grade A,"4 3/8""",209.0,259.0,UR8A01D
2026-08-17,Head,Head Prestige MP L Racquet,Grade B,"4 3/8""",189.0,259.0,UR0B29B
2026-08-17,Head,Head Prestige MP L Racquet,Grade B,"4 3/8""",189.0,259.0,URD0D11E
2026-08-17,Head,Head PWR 110 Racquet,Grade A,"4 1/8""",159.0,199.0,UR0C05C
2026-08-17,Yonex,Yonex Muse 98 Racquet,Grade B,"4 3/8""",249.0,305.0,UR0B31D
2026-08-17,Yonex,Yonex EZONE 98+ (2025) Racquet,Grade C,"4 1/4""",229.0,305.0,UR0B29F
2026-08-17,Tecnifibre,Tecnifibre TFight Blue 305S Racquet,Grade C,"4 1/4""",199.0,279.95,UR0C23E
2026-08-17,Tecnifibre,Tecnifibre TFight 305S Racquet,Grade B,"4 1/4""",229.0,279.0,URD0E03D
2026-08-17,Tecnifibre,Tecnifibre TFight 305S Racquet,Grade C,"4 3/8""",189.0,279.0,UR8B19E
2026-08-17,Tecnifibre,Tecnifibre TFight 305S Racquet,Grade C,"4 3/8""",189.0,279.0,UR8B18C
2026-08-17,Tecnifibre,Tecnifibre TFight 305S Racquet,Grade C,"4 1/2""",229.0,279.0,UR0C39A
2026-08-17,Tecnifibre,Tecnifibre TFight 315S Racquet,Grade B,"4 1/4""",199.0,279.0,UR0C03B
2026-08-17,Tecnifibre,Tecnifibre TFight 315S Racquet,Grade B,"4 1/2""",209.0,279.0,UR0B35D
2026-08-17,Tecnifibre,Tecnifibre TFight 300 Racquet,Grade B,"4 1/2""",189.0,269.0,UR0B25C
2026-08-17,Tecnifibre,Tecnifibre Fire 285 Racquet,Grade A,"4 3/8""",209.0,249.0,UR0C23B
2026-08-17,Tecnifibre,Tecnifibre Fire 285 Racquet,Grade B,"4 3/8""",199.0,249.0,UR0B27B
2026-08-17,Tecnifibre,Tecnifibre Fire 260 OS Racquet,Grade A,"4 1/4""",209.0,249.0,UR0C01E
2026-08-17,Tecnifibre,Tecnifibre TF40 v1 305 18x20 Racquet,Grade A,"4 1/2""",89.0,129.0,UR0B39B
2026-08-17,Tecnifibre,Tecnifibre TF40 315g (16x19) Racquet 2024,Grade A,"4 1/4""",239.0,279.0,UR0C01F
2026-08-17,Tecnifibre,Tecnifibre TF40 315g (16x19) Racquet 2024,Grade A,"4 3/8""",239.0,279.0,UR0C05A
2026-08-17,Tecnifibre,Tecnifibre TF40 315g (16x19) Racquet 2024,Grade B,"4 3/8""",229.0,279.0,UR0B35F
2026-08-17,Tecnifibre,Tecnifibre TF40 305g (16x19) Racquet 2024,Grade A,"4 1/2""",159.0,279.0,URD0D07E
2026-08-17,Tecnifibre,Tecnifibre TF40 305g (16x19) Racquet 2024,Grade A,"4 1/2""",159.0,279.0,UR0C25E
2026-08-17,Tecnifibre,Tecnifibre TF40 290g (16x19) Racquet 2024,Grade B,"4 1/4""",209.0,249.0,UR0C07C
2026-08-17,Wilson,Wilson Blade 98 16x19 v9 Racquet,Grade C,"4 1/4""",179.0,249.0,UR0C27F
2026-08-17,Wilson,Wilson Blade 100 v9 Racquet,Grade B,"4 3/8""",199.0,249.0,UR0C11B
2026-08-17,Wilson,Wilson Pro Staff 97 Classic Racquet,Grade B,"4 1/8""",249.0,299.0,UR0C27C
2026-08-17,Head,Head Gravity Tour 2025 Racquet,Grade B,"4 1/2""",209.0,269.0,UR0C29B
2026-08-17,Yonex,Yonex EZONE 100 (2025) Racquet,Grade B,"4 1/2""",249.0,305.0,UR0C19D
2026-08-17,Tecnifibre,Tecnifibre TFight ISO 300 Racquet,Grade B,"4 1/4""",99.0,149.0,URD0E03C
2026-08-17,Tecnifibre,Tecnifibre TF40 290g (16x19) Racquet 2024,Grade B,"4 3/8""",199.0,249.0,UR0C03C
2026-08-18,Wilson,Wilson Blade Pro 100 v10 Racquet,Grade B,"4 3/8""",249.0,299.0,UR0B23E
2026-08-18,Wilson,Wilson Blade Pro 100 v10 Racquet,Grade B,"4 1/2""",249.0,299.0,URD0E01B
2026-08-18,Wilson,Wilson Blade 98 16x19 v9 Racquet,Grade C,"4 1/4""",179.0,249.0,UR0C27F
2026-08-18,Wilson,Wilson Blade 98S v9 Racquet,Grade A,"4 1/8""",209.0,249.0,UR8A15A
2026-08-18,Wilson,Wilson Blade 98S v9 Racquet,Grade A,"4 1/8""",209.0,249.0,UR8A11A
2026-08-18,Wilson,Wilson Blade 100 v9 Racquet,Grade B,"4 1/4""",199.0,249.0,UR0B21C
2026-08-18,Wilson,Wilson Blade 100 v9 Racquet,Grade B,"4 3/8""",199.0,249.0,UR0C11B
2026-08-18,Wilson,Wilson Blade 100UL v9 Racquet,Grade B,"4 3/8""",159.0,229.0,UR0C31B
2026-08-18,Wilson,Wilson Blade 104 v9 Racquet,Grade B,"4 1/4""",199.0,249.0,UR8B15D
2026-08-18,Wilson,Wilson Blade 104 v9 Racquet,Grade C,"4 1/4""",179.0,249.0,UR0C05F
2026-08-18,Wilson,Wilson Blade 104 v9 Racquet,Grade B,"4 3/8""",199.0,249.0,UR8A15C
2026-08-18,Wilson,Wilson RF 01 Pro Racquet,Grade A,"4 1/4""",269.0,349.0,UR0C27A
2026-08-18,Wilson,Wilson RF 01 Pro Racquet,Grade B,"4 3/8""",259.0,349.0,UR0C17C
2026-08-18,Wilson,Wilson RF 01 Pro Racquet,Grade B,"4 1/2""",259.0,349.0,UR0C29A
2026-08-18,Wilson,Wilson RF 01 Pro Racquet,Grade B,"4 1/2""",259.0,349.0,UR8A13B
2026-08-18,Wilson,Wilson RF 01 Pro Racquet,Grade B,"4 1/2""",259.0,349.0,UR8A06B
2026-08-18,Wilson,Wilson RF 01 Pro Racquet,Grade B,"4 1/2""",259.0,349.0,UR8A17B
2026-08-18,Wilson,Wilson RF 01 Pro Racquet,Grade B,"4 1/2""",259.0,349.0,UR8A18A
2026-08-18,Wilson,Wilson RF 01 Pro Racquet,Grade B,"4 1/2""",259.0,349.0,UR8A05G
2026-08-18,Wilson,Wilson RF 01 Racquet,Grade B,"4 1/8""",249.0,329.0,UR8A20E
2026-08-18,Wilson,Wilson RF 01 Racquet,Grade B,"4 1/4""",249.0,329.0,UR8A13D
2026-08-18,Wilson,Wilson RF 01 Racquet,Grade A,"4 3/8""",259.0,329.0,UR8A10F
2026-08-18,Wilson,Wilson RF 01 Racquet,Grade B,"4 3/8""",249.0,329.0,UR8B14G
2026-08-18,Wilson,Wilson RF 01 Racquet,Grade B,"4 3/8""",249.0,329.0,UR8A03G
2026-08-18,Wilson,Wilson RF 01 Future Racquet,Grade B,"4 1/4""",229.0,309.0,UR8B12D
2026-08-18,Wilson,Wilson Blade Pro 98 16x19 v9 Racquet,Grade B,"4 1/2""",199.0,269.0,UR8B05B
2026-08-18,Wilson,Wilson Blade Pro 98 16x19 v9 Racquet,Grade C,"4 1/2""",199.0,269.0,UR0C17D
2026-08-18,Wilson,Wilson Blade Pro 98 16x19 v9 Racquet,Grade C,"4 1/2""",199.0,269.0,UR0C17B
2026-08-18,Wilson,Wilson Blade Pro 98 16x19 v9 Racquet,Grade C,"4 1/2""",199.0,269.0,UR0C17F
2026-08-18,Wilson,Wilson Blade Pro 98 18x20 v9 Racquet,Grade B,"4 3/8""",189.0,269.0,UR8A02B
2026-08-18,Wilson,Wilson Blade Pro 98 18x20 v9 Racquet,Grade B,"4 3/8""",189.0,269.0,UR8A02C
2026-08-18,Wilson,Wilson Ultra 99 Pro v5 Racquet,Grade B,"4 1/4""",229.0,299.0,UR8A06A
2026-08-18,Wilson,Wilson Ultra 99 Pro v5 Racquet,Grade B,"4 3/8""",229.0,299.0,UR8A17G
2026-08-18,Wilson,Wilson Clash 100 v3 Racquet,Grade B,"4 1/8""",229.0,299.0,UR8B12E
2026-08-18,Wilson,Wilson Clash 100 v3 Racquet,Grade B,"4 1/2""",229.0,299.0,URD0D07C
2026-08-18,Wilson,Wilson Clash 100L v3 Racquet,Grade B,"4 1/8""",219.0,289.0,UR8A08F
2026-08-18,Wilson,Wilson Clash 100L v3 Racquet,Grade C,"4 1/4""",199.0,289.0,UR8B13F
2026-08-18,Wilson,Wilson Clash 100L v3 Reverse Racquet,Grade B,"4 3/8""",219.0,289.0,UR8A11C
2026-08-18,Wilson,Wilson Clash 108 v3 Racquet,Grade B,"4 3/8""",209.0,299.0,UR0C23C
2026-08-18,Wilson,Wilson Clash 108 v3 Racquet,Grade B,"4 1/2""",209.0,299.0,UR8A12E
2026-08-18,Wilson,Wilson Clash 108 v3 Racquet,Grade B,"4 1/2""",209.0,299.0,UR0C03F
2026-08-18,Wilson,Wilson Pro Staff 97 Classic Racquet,Grade B,"4 1/8""",249.0,299.0,UR0C27C
2026-08-18,Wilson,Wilson Ultra 100 v5 Racquet,Grade B,"4 1/8""",229.0,299.0,UR8B08F
2026-08-18,Wilson,Wilson Ultra 100 v5 Racquet,Grade A,"4 1/4""",239.0,299.0,UR8A05B
2026-08-18,Wilson,Wilson Ultra 100UL v5 Racquet,Grade B,"4 3/8""",209.0,279.0,UR0B25F
2026-08-18,Wilson,Wilson Ultra 111 v5 Racquet,Grade A,"4 3/8""",229.0,289.0,UR8A03A
2026-08-18,Wilson,Wilson Ultra 111 v5 Racquet,Grade A,"4 3/8""",229.0,289.0,UR8A07E
2026-08-18,Wilson,Wilson Ultra 111 v5 Racquet,Grade A,"4 3/8""",229.0,289.0,UR8A03F
2026-08-18,Wilson,Wilson Triad Three Racquet,Grade B,"4 1/4""",219.0,269.0,UR0C01B
2026-08-18,Head,Head Speed Tour 2026 Racquet,Grade A,"4 1/4""",209.0,269.0,UR0C19C
2026-08-18,Head,Head Speed Tour 2026 Racquet,Grade B,"4 3/8""",199.0,269.0,UR0C07F
2026-08-18,Head,Head Speed Tour 2026 Racquet,Grade C,"4 3/8""",189.0,269.0,UR0C35E
2026-08-18,Head,Head Speed Pro 2026 Racquet,Grade A,"4 1/2""",229.0,269.0,URD0E01E
2026-08-18,Head,Head Speed Team 2026 Racquet,Grade A,"4 1/4""",189.0,239.0,UR8B11G
2026-08-18,Head,Head Speed MP L 2026 Racquet,Grade A,"4 1/4""",199.0,249.0,UR8A13C
2026-08-18,Head,Head Speed Pro Legend 2025 Racquet,Grade C,"4 1/4""",199.0,269.0,UR0C29C
2026-08-18,Head,Head Extreme Pro 2024 Racquet,Grade B,"4 1/2""",219.0,199.0,UR0C15A
2026-08-18,Head,Head Extreme Tour Racquet,Grade A,"4 5/8""",159.0,159.0,UR0C15F
2026-08-18,Head,Head Extreme Team Racquet,Grade C,"4 1/4""",119.0,179.0,UR0C29F
2026-08-18,Head,Head Boom MP 2026 Racquet,Grade A,"4 3/8""",219.0,259.0,UR0C03E
2026-08-18,Head,Head Boom Pro Racquet,Grade B,"4 1/2""",139.0,159.0,UR0B37C
2026-08-18,Head,Head Gravity Pro 2025 Racquet,Grade B,"4 1/4""",199.0,269.0,UR0C07D
2026-08-18,Head,Head Gravity Pro 2025 Racquet,Grade B,"4 1/4""",199.0,269.0,UR0C25A
2026-08-18,Head,Head Gravity Pro 2025 Racquet,Grade B,"4 1/4""",199.0,269.0,UR0C09A
2026-08-18,Head,Head Gravity Pro 2025 Racquet,Grade B,"4 1/4""",199.0,269.0,UR0C29D
2026-08-18,Head,Head Gravity Pro 2025 Racquet,Grade C,"4 1/4""",179.0,269.0,UR0B37E
2026-08-18,Head,Head Gravity Pro 2025 Racquet,Grade B,"4 3/8""",199.0,269.0,URD0D03D
2026-08-18,Head,Head Gravity Pro 2025 Racquet,Grade B,"4 1/2""",199.0,269.0,UR0C31F
2026-08-18,Head,Head Gravity Pro 2025 Racquet,Grade B,"4 1/2""",199.0,269.0,UR8A04G
2026-08-18,Head,Head Gravity Tour 2025 Racquet,Grade A,"4 3/8""",219.0,269.0,UR0B39F
2026-08-18,Head,Head Gravity Tour 2025 Racquet,Grade B,"4 3/8""",209.0,269.0,URD0D01E
2026-08-18,Head,Head Gravity Tour 2025 Racquet,Grade B,"4 1/2""",209.0,269.0,UR0C29B
2026-08-18,Head,Head Gravity MP 2025 Racquet,Grade B,"4 1/4""",199.0,259.0,UR0B27A
2026-08-18,Head,Head Gravity MP 2025 Racquet,Grade B,"4 3/8""",199.0,259.0,URD0E01D
2026-08-18,Head,Head Gravity MP L 2025 Racquet,Grade A,"4 1/4""",199.0,239.0,UR8A01C
2026-08-18,Head,Head Gravity MP L 2025 Racquet,Grade A,"4 1/4""",199.0,239.0,UR8A04C
2026-08-18,Head,Head Gravity Team 2025 Racquet,Grade A,"4 3/8""",189.0,229.0,UR8B20C
2026-08-18,Head,Head Gravity Team 2025 Racquet,Grade A,"4 3/8""",189.0,229.0,UR8B01D
2026-08-18,Head,Head Gravity Team 2025 Racquet,Grade C,"4 3/8""",169.0,229.0,URD0D09B
2026-08-18,Head,Head Radical Pro 2025 Racquet,Grade B,"4 1/4""",219.0,269.0,UR0C31E
2026-08-18,Head,Head Radical Pro 2025 Racquet,Grade B,"4 1/2""",219.0,269.0,UR0B25E
2026-08-18,Head,Head Prestige Pro Racquet,Grade C,"4 3/8""",159.0,269.0,URD0E05B
2026-08-18,Head,Head Prestige Tour Racquet,Grade B,"4 1/2""",199.0,269.0,UR0C03A
2026-08-18,Head,Head Prestige MP L Racquet,Grade B,"4 1/4""",189.0,259.0,UR0B27F
2026-08-18,Head,Head Prestige MP L Racquet,Grade A,"4 3/8""",209.0,259.0,UR8A01D
2026-08-18,Head,Head Prestige MP L Racquet,Grade B,"4 3/8""",189.0,259.0,UR0B29B
2026-08-18,Head,Head Prestige MP L Racquet,Grade B,"4 3/8""",189.0,259.0,URD0D11E
2026-08-18,Head,Head PWR 110 Racquet,Grade A,"4 1/8""",159.0,199.0,UR0C05C
2026-08-18,Yonex,Yonex Muse 98 Racquet,Grade B,"4 3/8""",249.0,305.0,UR0B31D
2026-08-18,Yonex,Yonex EZONE 98+ (2025) Racquet,Grade C,"4 1/4""",229.0,305.0,UR0B29F
2026-08-18,Tecnifibre,Tecnifibre TFight 305S Racquet,Grade B,"4 1/4""",229.0,279.0,URD0E03D
2026-08-18,Tecnifibre,Tecnifibre TFight 305S Racquet,Grade C,"4 3/8""",189.0,279.0,UR8B19E
2026-08-18,Tecnifibre,Tecnifibre TFight 305S Racquet,Grade C,"4 3/8""",189.0,279.0,UR8B18C
2026-08-18,Tecnifibre,Tecnifibre TFight 305S Racquet,Grade C,"4 1/2""",229.0,279.0,UR0C39A
2026-08-18,Tecnifibre,Tecnifibre TFight 315S Racquet,Grade B,"4 1/4""",199.0,279.0,UR0C03B
2026-08-18,Tecnifibre,Tecnifibre TFight 315S Racquet,Grade B,"4 1/2""",209.0,279.0,UR0B35D
2026-08-18,Tecnifibre,Tecnifibre TFight 300 Racquet,Grade B,"4 1/2""",189.0,269.0,UR0B25C
2026-08-18,Tecnifibre,Tecnifibre TFight ISO 300 Racquet,Grade B,"4 1/4""",99.0,149.0,URD0E03C
2026-08-18,Tecnifibre,Tecnifibre Fire 285 Racquet,Grade A,"4 3/8""",209.0,249.0,UR0C23B
2026-08-18,Tecnifibre,Tecnifibre Fire 285 Racquet,Grade B,"4 3/8""",199.0,249.0,UR0B27B
2026-08-18,Tecnifibre,Tecnifibre Fire 260 OS Racquet,Grade A,"4 1/4""",209.0,249.0,UR0C01E
2026-08-18,Tecnifibre,Tecnifibre TF40 v1 305 18x20 Racquet,Grade A,"4 1/2""",89.0,129.0,UR0B39B
2026-08-18,Tecnifibre,Tecnifibre TF40 315g (16x19) Racquet 2024,Grade A,"4 1/4""",239.0,279.0,UR0C01F
2026-08-18,Tecnifibre,Tecnifibre TF40 315g (16x19) Racquet 2024,Grade A,"4 3/8""",239.0,279.0,UR0C05A
2026-08-18,Tecnifibre,Tecnifibre TF40 315g (16x19) Racquet 2024,Grade B,"4 3/8""",229.0,279.0,UR0B35F
2026-08-18,Tecnifibre,Tecnifibre TF40 305g (16x19) Racquet 2024,Grade A,"4 1/2""",159.0,279.0,URD0D07E
2026-08-18,Tecnifibre,Tecnifibre TF40 305g (16x19) Racquet 2024,Grade A,"4 1/2""",159.0,279.0,UR0C25E
2026-08-18,Tecnifibre,Tecnifibre TF40 290g (16x19) Racquet 2024,Grade B,"4 1/4""",209.0,249.0,UR0C07C
2026-08-18,Tecnifibre,Tecnifibre TF40 290g (16x19) Racquet 2024,Grade B,"4 3/8""",199.0,249.0,UR0C03C
2026-08-18,Wilson,Wilson Clash 108 v2 Racquet,Grade A,"4 1/2""",69.0,109.0,UR0B39C
2026-08-18,Head,Head Speed Team 2026 Racquet,Grade A,"4""",189.0,239.0,UR0B23B
2026-08-19,Wilson,Wilson Blade Pro 100 v10 Racquet,Grade B,"4 3/8""",249.0,299.0,UR0B23E
2026-08-19,Wilson,Wilson Blade Pro 100 v10 Racquet,Grade B,"4 1/2""",249.0,299.0,URD0E01B
2026-08-19,Wilson,Wilson Blade 98S v9 Racquet,Grade A,"4 1/8""",209.0,249.0,UR8A15A
2026-08-19,Wilson,Wilson Blade 98S v9 Racquet,Grade A,"4 1/8""",209.0,249.0,UR8A11A
2026-08-19,Wilson,Wilson Blade 100 v9 Racquet,Grade B,"4 1/4""",199.0,249.0,UR0B21C
2026-08-19,Wilson,Wilson Blade 104 v9 Racquet,Grade B,"4 1/4""",199.0,249.0,UR8B15D
2026-08-19,Wilson,Wilson Blade 104 v9 Racquet,Grade C,"4 1/4""",179.0,249.0,UR0C05F
2026-08-19,Wilson,Wilson Blade 104 v9 Racquet,Grade B,"4 3/8""",199.0,249.0,UR8A15C
2026-08-19,Wilson,Wilson RF 01 Pro Racquet,Grade A,"4 1/4""",269.0,349.0,UR0C27A
2026-08-19,Wilson,Wilson RF 01 Pro Racquet,Grade B,"4 3/8""",259.0,349.0,UR0C17C
2026-08-19,Wilson,Wilson RF 01 Pro Racquet,Grade B,"4 1/2""",259.0,349.0,UR0C29A
2026-08-19,Wilson,Wilson RF 01 Pro Racquet,Grade B,"4 1/2""",259.0,349.0,UR8A13B
2026-08-19,Wilson,Wilson RF 01 Pro Racquet,Grade B,"4 1/2""",259.0,349.0,UR8A06B
2026-08-19,Wilson,Wilson RF 01 Pro Racquet,Grade B,"4 1/2""",259.0,349.0,UR8A17B
2026-08-19,Wilson,Wilson RF 01 Pro Racquet,Grade B,"4 1/2""",259.0,349.0,UR8A18A
2026-08-19,Wilson,Wilson RF 01 Pro Racquet,Grade B,"4 1/2""",259.0,349.0,UR8A05G
2026-08-19,Wilson,Wilson RF 01 Racquet,Grade B,"4 1/8""",249.0,329.0,UR8A20E
2026-08-19,Wilson,Wilson RF 01 Racquet,Grade B,"4 1/4""",249.0,329.0,UR8A13D
2026-08-19,Wilson,Wilson RF 01 Racquet,Grade A,"4 3/8""",259.0,329.0,UR8A10F
2026-08-19,Wilson,Wilson RF 01 Racquet,Grade B,"4 3/8""",249.0,329.0,UR8B14G
2026-08-19,Wilson,Wilson RF 01 Racquet,Grade B,"4 3/8""",249.0,329.0,UR8A03G
2026-08-19,Wilson,Wilson RF 01 Future Racquet,Grade B,"4 1/4""",229.0,309.0,UR8B12D
2026-08-19,Wilson,Wilson Blade Pro 98 16x19 v9 Racquet,Grade B,"4 1/2""",199.0,269.0,UR8B05B
2026-08-19,Wilson,Wilson Blade Pro 98 16x19 v9 Racquet,Grade C,"4 1/2""",199.0,269.0,UR0C17D
2026-08-19,Wilson,Wilson Blade Pro 98 16x19 v9 Racquet,Grade C,"4 1/2""",199.0,269.0,UR0C17B
2026-08-19,Wilson,Wilson Blade Pro 98 16x19 v9 Racquet,Grade C,"4 1/2""",199.0,269.0,UR0C17F
2026-08-19,Wilson,Wilson Blade Pro 98 18x20 v9 Racquet,Grade B,"4 3/8""",189.0,269.0,UR8A02B
2026-08-19,Wilson,Wilson Blade Pro 98 18x20 v9 Racquet,Grade B,"4 3/8""",189.0,269.0,UR8A02C
2026-08-19,Wilson,Wilson Ultra 99 Pro v5 Racquet,Grade B,"4 1/4""",229.0,299.0,UR8A06A
2026-08-19,Wilson,Wilson Ultra 99 Pro v5 Racquet,Grade B,"4 3/8""",229.0,299.0,UR8A17G
2026-08-19,Wilson,Wilson Clash 100 v3 Racquet,Grade B,"4 1/8""",229.0,299.0,UR8B12E
2026-08-19,Wilson,Wilson Clash 100 v3 Racquet,Grade B,"4 1/2""",229.0,299.0,URD0D07C
2026-08-19,Wilson,Wilson Clash 100L v3 Racquet,Grade B,"4 1/8""",219.0,289.0,UR8A08F
2026-08-19,Wilson,Wilson Clash 100L v3 Racquet,Grade C,"4 1/4""",199.0,289.0,UR8B13F
2026-08-19,Wilson,Wilson Clash 100L v3 Reverse Racquet,Grade B,"4 3/8""",219.0,289.0,UR8A11C
2026-08-19,Wilson,Wilson Clash 108 v3 Racquet,Grade B,"4 3/8""",209.0,299.0,UR0C23C
2026-08-19,Wilson,Wilson Clash 108 v3 Racquet,Grade B,"4 1/2""",209.0,299.0,UR8A12E
2026-08-19,Wilson,Wilson Clash 108 v3 Racquet,Grade B,"4 1/2""",209.0,299.0,UR0C03F
2026-08-19,Wilson,Wilson Pro Staff 97 Classic Racquet,Grade B,"4 1/8""",249.0,299.0,UR0C27C
2026-08-19,Wilson,Wilson Ultra 100 v5 Racquet,Grade B,"4 1/8""",229.0,299.0,UR8B08F
2026-08-19,Wilson,Wilson Ultra 100 v5 Racquet,Grade A,"4 1/4""",239.0,299.0,UR8A05B
2026-08-19,Wilson,Wilson Ultra 100UL v5 Racquet,Grade B,"4 3/8""",209.0,279.0,UR0B25F
2026-08-19,Wilson,Wilson Ultra 111 v5 Racquet,Grade A,"4 3/8""",229.0,289.0,UR8A03A
2026-08-19,Wilson,Wilson Ultra 111 v5 Racquet,Grade A,"4 3/8""",229.0,289.0,UR8A07E
2026-08-19,Wilson,Wilson Ultra 111 v5 Racquet,Grade A,"4 3/8""",229.0,289.0,UR8A03F
2026-08-19,Wilson,Wilson Triad Three Racquet,Grade B,"4 1/4""",219.0,269.0,UR0C01B
2026-08-19,Head,Head Speed Tour 2026 Racquet,Grade A,"4 1/4""",209.0,269.0,UR0C19C
2026-08-19,Head,Head Speed Tour 2026 Racquet,Grade B,"4 3/8""",199.0,269.0,UR0C07F
2026-08-19,Head,Head Speed Tour 2026 Racquet,Grade C,"4 3/8""",189.0,269.0,UR0C35E
2026-08-19,Head,Head Speed Pro 2026 Racquet,Grade A,"4 1/2""",229.0,269.0,URD0E01E
2026-08-19,Head,Head Speed Team 2026 Racquet,Grade A,"4""",189.0,239.0,UR0B23B
2026-08-19,Head,Head Speed Team 2026 Racquet,Grade A,"4 1/4""",189.0,239.0,UR8B11G
2026-08-19,Head,Head Speed MP L 2026 Racquet,Grade A,"4 1/4""",199.0,249.0,UR8A13C
2026-08-19,Head,Head Speed Pro Legend 2025 Racquet,Grade C,"4 1/4""",199.0,269.0,UR0C29C
2026-08-19,Head,Head Extreme Pro 2024 Racquet,Grade B,"4 1/2""",219.0,199.0,UR0C15A
2026-08-19,Head,Head Extreme Tour Racquet,Grade A,"4 5/8""",159.0,159.0,UR0C15F
2026-08-19,Head,Head Extreme Team Racquet,Grade C,"4 1/4""",119.0,179.0,UR0C29F
2026-08-19,Head,Head Boom MP 2026 Racquet,Grade A,"4 3/8""",219.0,259.0,UR0C03E
2026-08-19,Head,Head Boom Pro Racquet,Grade B,"4 1/2""",139.0,159.0,UR0B37C
2026-08-19,Head,Head Gravity Pro 2025 Racquet,Grade B,"4 1/4""",199.0,269.0,UR0C07D
2026-08-19,Head,Head Gravity Pro 2025 Racquet,Grade B,"4 1/4""",199.0,269.0,UR0C25A
2026-08-19,Head,Head Gravity Pro 2025 Racquet,Grade B,"4 1/4""",199.0,269.0,UR0C09A
2026-08-19,Head,Head Gravity Pro 2025 Racquet,Grade B,"4 1/4""",199.0,269.0,UR0C29D
2026-08-19,Head,Head Gravity Pro 2025 Racquet,Grade C,"4 1/4""",179.0,269.0,UR0B37E
2026-08-19,Head,Head Gravity Pro 2025 Racquet,Grade B,"4 3/8""",199.0,269.0,URD0D03D
2026-08-19,Head,Head Gravity Pro 2025 Racquet,Grade B,"4 1/2""",199.0,269.0,UR0C31F
2026-08-19,Head,Head Gravity Pro 2025 Racquet,Grade B,"4 1/2""",199.0,269.0,UR8A04G
2026-08-19,Head,Head Gravity Tour 2025 Racquet,Grade A,"4 3/8""",219.0,269.0,UR0B39F
2026-08-19,Head,Head Gravity Tour 2025 Racquet,Grade B,"4 3/8""",209.0,269.0,URD0D01E
2026-08-19,Head,Head Gravity Tour 2025 Racquet,Grade B,"4 1/2""",209.0,269.0,UR0C29B
2026-08-19,Head,Head Gravity MP 2025 Racquet,Grade B,"4 1/4""",199.0,259.0,UR0B27A
2026-08-19,Head,Head Gravity MP 2025 Racquet,Grade B,"4 3/8""",199.0,259.0,URD0E01D
2026-08-19,Head,Head Gravity MP L 2025 Racquet,Grade A,"4 1/4""",199.0,239.0,UR8A01C
2026-08-19,Head,Head Gravity MP L 2025 Racquet,Grade A,"4 1/4""",199.0,239.0,UR8A04C
2026-08-19,Head,Head Gravity Team 2025 Racquet,Grade A,"4 3/8""",189.0,229.0,UR8B20C
2026-08-19,Head,Head Gravity Team 2025 Racquet,Grade A,"4 3/8""",189.0,229.0,UR8B01D
2026-08-19,Head,Head Gravity Team 2025 Racquet,Grade C,"4 3/8""",169.0,229.0,URD0D09B
2026-08-19,Head,Head Radical Pro 2025 Racquet,Grade B,"4 1/4""",219.0,269.0,UR0C31E
2026-08-19,Head,Head Radical Pro 2025 Racquet,Grade B,"4 1/2""",219.0,269.0,UR0B25E
2026-08-19,Head,Head Prestige Pro Racquet,Grade C,"4 3/8""",159.0,269.0,URD0E05B
2026-08-19,Head,Head Prestige Tour Racquet,Grade B,"4 1/2""",199.0,269.0,UR0C03A
2026-08-19,Head,Head Prestige MP L Racquet,Grade B,"4 1/4""",189.0,259.0,UR0B27F
2026-08-19,Head,Head Prestige MP L Racquet,Grade A,"4 3/8""",209.0,259.0,UR8A01D
2026-08-19,Head,Head Prestige MP L Racquet,Grade B,"4 3/8""",189.0,259.0,UR0B29B
2026-08-19,Head,Head Prestige MP L Racquet,Grade B,"4 3/8""",189.0,259.0,URD0D11E
2026-08-19,Head,Head PWR 110 Racquet,Grade A,"4 1/8""",159.0,199.0,UR0C05C
2026-08-19,Yonex,Yonex Muse 98 Racquet,Grade B,"4 3/8""",249.0,305.0,UR0B31D
2026-08-19,Yonex,Yonex EZONE 98+ (2025) Racquet,Grade C,"4 1/4""",229.0,305.0,UR0B29F
2026-08-19,Tecnifibre,Tecnifibre TFight 305S Racquet,Grade B,"4 1/4""",229.0,279.0,URD0E03D
2026-08-19,Tecnifibre,Tecnifibre TFight 305S Racquet,Grade C,"4 3/8""",189.0,279.0,UR8B19E
2026-08-19,Tecnifibre,Tecnifibre TFight 305S Racquet,Grade C,"4 3/8""",189.0,279.0,UR8B18C
2026-08-19,Tecnifibre,Tecnifibre TFight 305S Racquet,Grade C,"4 1/2""",229.0,279.0,UR0C39A
2026-08-19,Tecnifibre,Tecnifibre TFight 315S Racquet,Grade B,"4 1/4""",199.0,279.0,UR0C03B
2026-08-19,Tecnifibre,Tecnifibre TFight 300 Racquet,Grade B,"4 1/2""",189.0,269.0,UR0B25C
2026-08-19,Tecnifibre,Tecnifibre Fire 285 Racquet,Grade A,"4 3/8""",209.0,249.0,UR0C23B
2026-08-19,Tecnifibre,Tecnifibre Fire 285 Racquet,Grade B,"4 3/8""",199.0,249.0,UR0B27B
2026-08-19,Tecnifibre,Tecnifibre Fire 260 OS Racquet,Grade A,"4 1/4""",209.0,249.0,UR0C01E
2026-08-19,Tecnifibre,Tecnifibre TF40 315g (16x19) Racquet 2024,Grade A,"4 1/4""",239.0,279.0,UR0C01F
2026-08-19,Tecnifibre,Tecnifibre TF40 315g (16x19) Racquet 2024,Grade A,"4 3/8""",239.0,279.0,UR0C05A
2026-08-19,Tecnifibre,Tecnifibre TF40 315g (16x19) Racquet 2024,Grade B,"4 3/8""",229.0,279.0,UR0B35F
2026-08-19,Tecnifibre,Tecnifibre TF40 305g (16x19) Racquet 2024,Grade A,"4 1/2""",159.0,279.0,URD0D07E
2026-08-19,Tecnifibre,Tecnifibre TF40 305g (16x19) Racquet 2024,Grade A,"4 1/2""",159.0,279.0,UR0C25E
2026-08-19,Tecnifibre,Tecnifibre TF40 290g (16x19) Racquet 2024,Grade B,"4 1/4""",209.0,249.0,UR0C07C
2026-08-19,Tecnifibre,Tecnifibre TF40 290g (16x19) Racquet 2024,Grade B,"4 3/8""",199.0,249.0,UR0C03C
2026-08-19,Wilson,Wilson Blade Pro 98 16x19 v9 Racquet,Grade B,"4 1/2""",189.0,269.0,UR8B05B
2026-08-19,Wilson,Wilson Blade Pro 98 16x19 v9 Racquet,Grade C,"4 1/2""",179.0,269.0,UR0C17D
2026-08-19,Wilson,Wilson Blade Pro 98 16x19 v9 Racquet,Grade C,"4 1/2""",179.0,269.0,UR0C17B
2026-08-19,Wilson,Wilson Blade Pro 98 16x19 v9 Racquet,Grade C,"4 1/2""",179.0,269.0,UR0C17F
2026-08-19,Wilson,Wilson Blade 98 16x19 v10 US Open Racquet 2026,Grade A,,259.0,299.0,UR0B21D
2026-08-19,Wilson,Wilson RF 01 Racquet,Grade A,"4 3/8""",259.0,329.0,UR0C25F
2026-08-19,Wilson,Wilson Pro Staff Six.One 95 v14 Racquet,Grade C,"4 1/2""",199.0,219.0,UR0B39B
2026-08-19,Wilson,Wilson Pro Staff X v14 Racquet,Grade A,"4 3/8""",129.0,169.0,UR8B12F
2026-08-19,Head,Head Speed Pro Legend 2025 Racquet,Grade B,"4 1/2""",199.0,269.0,UR8B18F
2026-08-19,Head,Head Gravity MP 2025 Racquet,Grade A,"4 1/4""",209.0,259.0,UR8B08G
2026-08-19,Head,Head Gravity MP 2025 Racquet,Grade A,"4 1/4""",209.0,259.0,UR8B18G
2026-08-19,Head,Head Gravity Team 2025 Racquet,Grade C,"4 1/4""",169.0,229.0,UR8B01G
2026-08-19,Head,Head Radical MP 2021 Racquet,Grade A,"4 3/8""",119.0,139.0,UR8B03G
2026-08-20,Wilson,Wilson Blade 98 16x19 v10 US Open Racquet 2026,Grade A,,259.0,299.0,UR0B21D
2026-08-20,Wilson,Wilson Blade Pro 100 v10 Racquet,Grade B,"4 3/8""",249.0,299.0,UR0B23E
2026-08-20,Wilson,Wilson Blade Pro 100 v10 Racquet,Grade B,"4 1/2""",249.0,299.0,URD0E01B
2026-08-20,Wilson,Wilson Blade 98S v9 Racquet,Grade A,"4 1/8""",209.0,249.0,UR8A15A
2026-08-20,Wilson,Wilson Blade 98S v9 Racquet,Grade A,"4 1/8""",209.0,249.0,UR8A11A
2026-08-20,Wilson,Wilson Blade 100 v9 Racquet,Grade B,"4 1/4""",199.0,249.0,UR0B21C
2026-08-20,Wilson,Wilson Blade 104 v9 Racquet,Grade B,"4 1/4""",199.0,249.0,UR8B15D
2026-08-20,Wilson,Wilson Blade 104 v9 Racquet,Grade C,"4 1/4""",179.0,249.0,UR0C05F
2026-08-20,Wilson,Wilson Blade 104 v9 Racquet,Grade B,"4 3/8""",199.0,249.0,UR8A15C
2026-08-20,Wilson,Wilson RF 01 Pro Racquet,Grade A,"4 1/4""",269.0,349.0,UR0C27A
2026-08-20,Wilson,Wilson RF 01 Pro Racquet,Grade B,"4 3/8""",259.0,349.0,UR0C17C
2026-08-20,Wilson,Wilson RF 01 Pro Racquet,Grade B,"4 1/2""",259.0,349.0,UR0C29A
2026-08-20,Wilson,Wilson RF 01 Pro Racquet,Grade B,"4 1/2""",259.0,349.0,UR8A17B
2026-08-20,Wilson,Wilson RF 01 Pro Racquet,Grade B,"4 1/2""",259.0,349.0,UR8A18A
2026-08-20,Wilson,Wilson RF 01 Pro Racquet,Grade B,"4 1/2""",259.0,349.0,UR8A05G
2026-08-20,Wilson,Wilson RF 01 Racquet,Grade B,"4 1/8""",249.0,329.0,UR8A20E
2026-08-20,Wilson,Wilson RF 01 Racquet,Grade B,"4 1/4""",249.0,329.0,UR8A13D
2026-08-20,Wilson,Wilson RF 01 Racquet,Grade A,"4 3/8""",259.0,329.0,UR0C25F
2026-08-20,Wilson,Wilson RF 01 Racquet,Grade A,"4 3/8""",259.0,329.0,UR8A10F
2026-08-20,Wilson,Wilson RF 01 Racquet,Grade B,"4 3/8""",249.0,329.0,UR8B14G
2026-08-20,Wilson,Wilson RF 01 Racquet,Grade B,"4 3/8""",249.0,329.0,UR8A03G
2026-08-20,Wilson,Wilson RF 01 Future Racquet,Grade B,"4 1/4""",229.0,309.0,UR8B12D
2026-08-20,Wilson,Wilson Blade Pro 98 16x19 v9 Racquet,Grade B,"4 1/2""",189.0,269.0,UR8B05B
2026-08-20,Wilson,Wilson Blade Pro 98 16x19 v9 Racquet,Grade C,"4 1/2""",179.0,269.0,UR0C17D
2026-08-20,Wilson,Wilson Blade Pro 98 16x19 v9 Racquet,Grade C,"4 1/2""",179.0,269.0,UR0C17B
2026-08-20,Wilson,Wilson Blade Pro 98 16x19 v9 Racquet,Grade C,"4 1/2""",179.0,269.0,UR0C17F
2026-08-20,Wilson,Wilson Blade Pro 98 18x20 v9 Racquet,Grade B,"4 3/8""",189.0,269.0,UR8A02B
2026-08-20,Wilson,Wilson Blade Pro 98 18x20 v9 Racquet,Grade B,"4 3/8""",189.0,269.0,UR8A02C
2026-08-20,Wilson,Wilson Pro Staff Six.One 95 v14 Racquet,Grade C,"4 1/2""",199.0,219.0,UR0B39B
2026-08-20,Wilson,Wilson Ultra 99 Pro v5 Racquet,Grade B,"4 1/4""",229.0,299.0,UR8A06A
2026-08-20,Wilson,Wilson Ultra 99 Pro v5 Racquet,Grade B,"4 3/8""",229.0,299.0,UR8A17G
2026-08-20,Wilson,Wilson Clash 100 v3 Racquet,Grade B,"4 1/2""",229.0,299.0,URD0D07C
2026-08-20,Wilson,Wilson Clash 100L v3 Racquet,Grade B,"4 1/8""",219.0,289.0,UR8A08F
2026-08-20,Wilson,Wilson Clash 100L v3 Racquet,Grade C,"4 1/4""",199.0,289.0,UR8B13F
2026-08-20,Wilson,Wilson Clash 100L v3 Reverse Racquet,Grade B,"4 3/8""",219.0,289.0,UR8A11C
2026-08-20,Wilson,Wilson Clash 108 v3 Racquet,Grade B,"4 3/8""",209.0,299.0,UR0C23C
2026-08-20,Wilson,Wilson Clash 108 v3 Racquet,Grade B,"4 1/2""",209.0,299.0,UR8A12E
2026-08-20,Wilson,Wilson Clash 108 v3 Racquet,Grade B,"4 1/2""",209.0,299.0,UR0C03F
2026-08-20,Wilson,Wilson Pro Staff 97 Classic Racquet,Grade B,"4 1/8""",249.0,299.0,UR0C27C
2026-08-20,Wilson,Wilson Pro Staff X v14 Racquet,Grade A,"4 3/8""",129.0,169.0,UR8B12F
2026-08-20,Wilson,Wilson Ultra 100 v5 Racquet,Grade B,"4 1/8""",229.0,299.0,UR8B08F
2026-08-20,Wilson,Wilson Ultra 100 v5 Racquet,Grade A,"4 1/4""",239.0,299.0,UR8A05B
2026-08-20,Wilson,Wilson Ultra 100UL v5 Racquet,Grade B,"4 3/8""",209.0,279.0,UR0B25F
2026-08-20,Wilson,Wilson Ultra 111 v5 Racquet,Grade A,"4 3/8""",229.0,289.0,UR8A03A
2026-08-20,Wilson,Wilson Ultra 111 v5 Racquet,Grade A,"4 3/8""",229.0,289.0,UR8A07E
2026-08-20,Wilson,Wilson Ultra 111 v5 Racquet,Grade A,"4 3/8""",229.0,289.0,UR8A03F
2026-08-20,Wilson,Wilson Triad Three Racquet,Grade B,"4 1/4""",219.0,269.0,UR0C01B
2026-08-20,Head,Head Speed Tour 2026 Racquet,Grade A,"4 1/4""",209.0,269.0,UR0C19C
2026-08-20,Head,Head Speed Tour 2026 Racquet,Grade B,"4 3/8""",199.0,269.0,UR0C07F
2026-08-20,Head,Head Speed Tour 2026 Racquet,Grade C,"4 3/8""",189.0,269.0,UR0C35E
2026-08-20,Head,Head Speed Pro 2026 Racquet,Grade A,"4 1/2""",229.0,269.0,URD0E01E
2026-08-20,Head,Head Speed Team 2026 Racquet,Grade A,"4""",189.0,239.0,UR0B23B
2026-08-20,Head,Head Speed Team 2026 Racquet,Grade A,"4 1/4""",189.0,239.0,UR8B11G
2026-08-20,Head,Head Speed MP L 2026 Racquet,Grade A,"4 1/4""",199.0,249.0,UR8A13C
2026-08-20,Head,Head Speed Pro Legend 2025 Racquet,Grade C,"4 1/4""",199.0,269.0,UR0C29C
2026-08-20,Head,Head Speed Pro Legend 2025 Racquet,Grade B,"4 1/2""",199.0,269.0,UR8B18F
2026-08-20,Head,Head Extreme Pro 2024 Racquet,Grade B,"4 1/2""",219.0,199.0,UR0C15A
2026-08-20,Head,Head Extreme Tour Racquet,Grade A,"4 5/8""",159.0,159.0,UR0C15F
2026-08-20,Head,Head Extreme Team Racquet,Grade C,"4 1/4""",119.0,179.0,UR0C29F
2026-08-20,Head,Head Boom MP 2026 Racquet,Grade A,"4 3/8""",219.0,259.0,UR0C03E
2026-08-20,Head,Head Boom Pro Racquet,Grade B,"4 1/2""",139.0,159.0,UR0B37C
2026-08-20,Head,Head Gravity Pro 2025 Racquet,Grade B,"4 1/4""",199.0,269.0,UR0C07D
2026-08-20,Head,Head Gravity Pro 2025 Racquet,Grade B,"4 1/4""",199.0,269.0,UR0C25A
2026-08-20,Head,Head Gravity Pro 2025 Racquet,Grade B,"4 1/4""",199.0,269.0,UR0C09A
2026-08-20,Head,Head Gravity Pro 2025 Racquet,Grade B,"4 1/4""",199.0,269.0,UR0C29D
2026-08-20,Head,Head Gravity Pro 2025 Racquet,Grade C,"4 1/4""",179.0,269.0,UR0B37E
2026-08-20,Head,Head Gravity Pro 2025 Racquet,Grade B,"4 3/8""",199.0,269.0,URD0D03D
2026-08-20,Head,Head Gravity Pro 2025 Racquet,Grade B,"4 1/2""",199.0,269.0,UR0C31F
2026-08-20,Head,Head Gravity Pro 2025 Racquet,Grade B,"4 1/2""",199.0,269.0,UR8A04G
2026-08-20,Head,Head Gravity Tour 2025 Racquet,Grade A,"4 3/8""",219.0,269.0,UR0B39F
2026-08-20,Head,Head Gravity Tour 2025 Racquet,Grade B,"4 3/8""",209.0,269.0,URD0D01E
2026-08-20,Head,Head Gravity Tour 2025 Racquet,Grade B,"4 1/2""",209.0,269.0,UR0C29B
2026-08-20,Head,Head Gravity MP 2025 Racquet,Grade A,"4 1/4""",209.0,259.0,UR8B08G
2026-08-20,Head,Head Gravity MP 2025 Racquet,Grade A,"4 1/4""",209.0,259.0,UR8B18G
2026-08-20,Head,Head Gravity MP 2025 Racquet,Grade B,"4 1/4""",199.0,259.0,UR0B27A
2026-08-20,Head,Head Gravity MP 2025 Racquet,Grade B,"4 3/8""",199.0,259.0,URD0E01D
2026-08-20,Head,Head Gravity MP L 2025 Racquet,Grade A,"4 1/4""",199.0,239.0,UR8A01C
2026-08-20,Head,Head Gravity MP L 2025 Racquet,Grade A,"4 1/4""",199.0,239.0,UR8A04C
2026-08-20,Head,Head Gravity Team 2025 Racquet,Grade C,"4 1/4""",169.0,229.0,UR8B01G
2026-08-20,Head,Head Gravity Team 2025 Racquet,Grade A,"4 3/8""",189.0,229.0,UR8B20C
2026-08-20,Head,Head Gravity Team 2025 Racquet,Grade A,"4 3/8""",189.0,229.0,UR8B01D
2026-08-20,Head,Head Gravity Team 2025 Racquet,Grade C,"4 3/8""",169.0,229.0,URD0D09B
2026-08-20,Head,Head Radical Pro 2025 Racquet,Grade B,"4 1/4""",219.0,269.0,UR0C31E
2026-08-20,Head,Head Radical Pro 2025 Racquet,Grade B,"4 1/2""",219.0,269.0,UR0B25E
2026-08-20,Head,Head Radical MP 2021 Racquet,Grade A,"4 3/8""",119.0,139.0,UR8B03G
2026-08-20,Head,Head Prestige Pro Racquet,Grade C,"4 3/8""",159.0,269.0,URD0E05B
2026-08-20,Head,Head Prestige Tour Racquet,Grade B,"4 1/2""",199.0,269.0,UR0C03A
2026-08-20,Head,Head Prestige MP L Racquet,Grade B,"4 1/4""",189.0,259.0,UR0B27F
2026-08-20,Head,Head Prestige MP L Racquet,Grade A,"4 3/8""",209.0,259.0,UR8A01D
2026-08-20,Head,Head Prestige MP L Racquet,Grade B,"4 3/8""",189.0,259.0,UR0B29B
2026-08-20,Head,Head Prestige MP L Racquet,Grade B,"4 3/8""",189.0,259.0,URD0D11E
2026-08-20,Head,Head PWR 110 Racquet,Grade A,"4 1/8""",159.0,199.0,UR0C05C
2026-08-20,Yonex,Yonex Muse 98 Racquet,Grade B,"4 3/8""",249.0,305.0,UR0B31D
2026-08-20,Yonex,Yonex EZONE 98+ (2025) Racquet,Grade C,"4 1/4""",229.0,305.0,UR0B29F
2026-08-20,Tecnifibre,Tecnifibre TFight 305S Racquet,Grade B,"4 1/4""",229.0,279.0,URD0E03D
2026-08-20,Tecnifibre,Tecnifibre TFight 305S Racquet,Grade C,"4 3/8""",189.0,279.0,UR8B19E
2026-08-20,Tecnifibre,Tecnifibre TFight 305S Racquet,Grade C,"4 3/8""",189.0,279.0,UR8B18C
2026-08-20,Tecnifibre,Tecnifibre TFight 305S Racquet,Grade C,"4 1/2""",229.0,279.0,UR0C39A
2026-08-20,Tecnifibre,Tecnifibre TFight 315S Racquet,Grade B,"4 1/4""",199.0,279.0,UR0C03B
2026-08-20,Tecnifibre,Tecnifibre TFight 300 Racquet,Grade B,"4 1/2""",189.0,269.0,UR0B25C
2026-08-20,Tecnifibre,Tecnifibre Fire 285 Racquet,Grade A,"4 3/8""",209.0,249.0,UR0C23B
2026-08-20,Tecnifibre,Tecnifibre Fire 285 Racquet,Grade B,"4 3/8""",199.0,249.0,UR0B27B
2026-08-20,Tecnifibre,Tecnifibre Fire 260 OS Racquet,Grade A,"4 1/4""",209.0,249.0,UR0C01E
2026-08-20,Tecnifibre,Tecnifibre TF40 315g (16x19) Racquet 2024,Grade A,"4 1/4""",239.0,279.0,UR0C01F
2026-08-20,Tecnifibre,Tecnifibre TF40 315g (16x19) Racquet 2024,Grade A,"4 3/8""",239.0,279.0,UR0C05A
2026-08-20,Tecnifibre,Tecnifibre TF40 315g (16x19) Racquet 2024,Grade B,"4 3/8""",229.0,279.0,UR0B35F
2026-08-20,Tecnifibre,Tecnifibre TF40 305g (16x19) Racquet 2024,Grade A,"4 1/2""",159.0,279.0,URD0D07E
2026-08-20,Tecnifibre,Tecnifibre TF40 305g (16x19) Racquet 2024,Grade A,"4 1/2""",159.0,279.0,UR0C25E
2026-08-20,Tecnifibre,Tecnifibre TF40 290g (16x19) Racquet 2024,Grade B,"4 1/4""",209.0,249.0,UR0C07C
2026-08-20,Tecnifibre,Tecnifibre TF40 290g (16x19) Racquet 2024,Grade B,"4 3/8""",199.0,249.0,UR0C03C
2026-08-20,Wilson,Wilson Blade Pro 100 v10 Racquet,Grade C,"4 1/4""",229.0,299.0,UR0C11E
2026-08-20,Wilson,Wilson Blade 98 16x19 v9 Racquet,Grade B,"4 1/2""",189.0,249.0,UR8B04D
2026-08-20,Head,Head Extreme MP Racquet,Grade B,"4 3/8""",149.0,199.0,UR0C09D
2026-08-20,Head,Head Boom MP 2024 Racquet,Grade B,"4 3/8""",109.0,159.0,UR0C05D
2026-08-20,Head,Head Gravity Pro 2025 Racquet,Grade B,"4 3/8""",199.0,269.0,URD0D05C
2026-08-20,Head,Head Radical Team 2025 Racquet,Grade B,"4 1/4""",189.0,229.0,UR0B39C
2026-08-20,Yonex,Yonex EZONE 98 (2025) Racquet,Grade A,"4 3/8""",239.0,305.0,UR8B14D
2026-08-20,Yonex,Yonex EZONE 98 (2025) Racquet,Grade C,"4 3/8""",219.0,305.0,UR8B06E
2026-08-20,Yonex,Yonex EZONE 98 (2025) Racquet,Grade C,"4 3/8""",219.0,305.0,UR8B12E
2026-08-20,Yonex,Yonex EZONE 98+ (2025) Racquet,Grade C,"4 3/8""",219.0,305.0,UR8B19D
2026-08-20,Yonex,Yonex EZONE 98+ (2025) Racquet,Grade C,"4 3/8""",219.0,305.0,UR8B20D
2026-08-21,Wilson,Wilson Blade 98 16x19 v10 US Open Racquet 2026,Grade A,,259.0,299.0,UR0B21D
2026-08-21,Wilson,Wilson Blade Pro 100 v10 Racquet,Grade C,"4 1/4""",229.0,299.0,UR0C11E
2026-08-21,Wilson,Wilson Blade Pro 100 v10 Racquet,Grade B,"4 3/8""",249.0,299.0,UR0B23E
2026-08-21,Wilson,Wilson Blade Pro 100 v10 Racquet,Grade B,"4 1/2""",249.0,299.0,URD0E01B
2026-08-21,Wilson,Wilson Blade 98 16x19 v9 Racquet,Grade B,"4 1/2""",189.0,249.0,UR8B04D
2026-08-21,Wilson,Wilson Blade 98S v9 Racquet,Grade A,"4 1/8""",209.0,249.0,UR8A15A
2026-08-21,Wilson,Wilson Blade 98S v9 Racquet,Grade A,"4 1/8""",209.0,249.0,UR8A11A
2026-08-21,Wilson,Wilson Blade 100 v9 Racquet,Grade B,"4 1/4""",199.0,249.0,UR0B21C
2026-08-21,Wilson,Wilson Blade 104 v9 Racquet,Grade B,"4 1/4""",199.0,249.0,UR8B15D
2026-08-21,Wilson,Wilson Blade 104 v9 Racquet,Grade C,"4 1/4""",179.0,249.0,UR0C05F
2026-08-21,Wilson,Wilson Blade 104 v9 Racquet,Grade B,"4 3/8""",199.0,249.0,UR8A15C
2026-08-21,Wilson,Wilson RF 01 Pro Racquet,Grade A,"4 1/4""",269.0,349.0,UR0C27A
2026-08-21,Wilson,Wilson RF 01 Pro Racquet,Grade B,"4 3/8""",259.0,349.0,UR0C17C
2026-08-21,Wilson,Wilson RF 01 Pro Racquet,Grade B,"4 1/2""",259.0,349.0,UR0C29A
2026-08-21,Wilson,Wilson RF 01 Pro Racquet,Grade B,"4 1/2""",259.0,349.0,UR8A17B
2026-08-21,Wilson,Wilson RF 01 Pro Racquet,Grade B,"4 1/2""",259.0,349.0,UR8A18A
2026-08-21,Wilson,Wilson RF 01 Pro Racquet,Grade B,"4 1/2""",259.0,349.0,UR8A05G
2026-08-21,Wilson,Wilson RF 01 Racquet,Grade B,"4 1/8""",249.0,329.0,UR8A20E
2026-08-21,Wilson,Wilson RF 01 Racquet,Grade B,"4 1/4""",249.0,329.0,UR8A13D
2026-08-21,Wilson,Wilson RF 01 Racquet,Grade A,"4 3/8""",259.0,329.0,UR0C25F
2026-08-21,Wilson,Wilson RF 01 Racquet,Grade A,"4 3/8""",259.0,329.0,UR8A10F
2026-08-21,Wilson,Wilson RF 01 Racquet,Grade B,"4 3/8""",249.0,329.0,UR8B14G
2026-08-21,Wilson,Wilson RF 01 Racquet,Grade B,"4 3/8""",249.0,329.0,UR8A03G
2026-08-21,Wilson,Wilson RF 01 Future Racquet,Grade B,"4 1/4""",229.0,309.0,UR8B12D
2026-08-21,Wilson,Wilson Blade Pro 98 16x19 v9 Racquet,Grade B,"4 1/2""",189.0,269.0,UR8B05B
2026-08-21,Wilson,Wilson Blade Pro 98 16x19 v9 Racquet,Grade C,"4 1/2""",179.0,269.0,UR0C17D
2026-08-21,Wilson,Wilson Blade Pro 98 16x19 v9 Racquet,Grade C,"4 1/2""",179.0,269.0,UR0C17B
2026-08-21,Wilson,Wilson Blade Pro 98 16x19 v9 Racquet,Grade C,"4 1/2""",179.0,269.0,UR0C17F
2026-08-21,Wilson,Wilson Blade Pro 98 18x20 v9 Racquet,Grade B,"4 3/8""",189.0,269.0,UR8A02B
2026-08-21,Wilson,Wilson Blade Pro 98 18x20 v9 Racquet,Grade B,"4 3/8""",189.0,269.0,UR8A02C
2026-08-21,Wilson,Wilson Pro Staff Six.One 95 v14 Racquet,Grade C,"4 1/2""",199.0,219.0,UR0B39B
2026-08-21,Wilson,Wilson Ultra 99 Pro v5 Racquet,Grade B,"4 1/4""",229.0,299.0,UR8A06A
2026-08-21,Wilson,Wilson Ultra 99 Pro v5 Racquet,Grade B,"4 3/8""",229.0,299.0,UR8A17G
2026-08-21,Wilson,Wilson Clash 100 v3 Racquet,Grade B,"4 1/2""",229.0,299.0,URD0D07C
2026-08-21,Wilson,Wilson Clash 100L v3 Racquet,Grade B,"4 1/8""",219.0,289.0,UR8A08F
2026-08-21,Wilson,Wilson Clash 100L v3 Racquet,Grade C,"4 1/4""",199.0,289.0,UR8B13F
2026-08-21,Wilson,Wilson Clash 100L v3 Reverse Racquet,Grade B,"4 3/8""",219.0,289.0,UR8A11C
2026-08-21,Wilson,Wilson Clash 108 v3 Racquet,Grade B,"4 3/8""",209.0,299.0,UR0C23C
2026-08-21,Wilson,Wilson Clash 108 v3 Racquet,Grade B,"4 1/2""",209.0,299.0,UR8A12E
2026-08-21,Wilson,Wilson Clash 108 v3 Racquet,Grade B,"4 1/2""",209.0,299.0,UR0C03F
2026-08-21,Wilson,Wilson Pro Staff 97 Classic Racquet,Grade B,"4 1/8""",249.0,299.0,UR0C27C
2026-08-21,Wilson,Wilson Ultra 100 v5 Racquet,Grade B,"4 1/8""",229.0,299.0,UR8B08F
2026-08-21,Wilson,Wilson Ultra 100 v5 Racquet,Grade A,"4 1/4""",239.0,299.0,UR8A05B
2026-08-21,Wilson,Wilson Ultra 100UL v5 Racquet,Grade B,"4 3/8""",209.0,279.0,UR0B25F
2026-08-21,Wilson,Wilson Ultra 111 v5 Racquet,Grade A,"4 3/8""",229.0,289.0,UR8A03A
2026-08-21,Wilson,Wilson Ultra 111 v5 Racquet,Grade A,"4 3/8""",229.0,289.0,UR8A07E
2026-08-21,Wilson,Wilson Ultra 111 v5 Racquet,Grade A,"4 3/8""",229.0,289.0,UR8A03F
2026-08-21,Wilson,Wilson Triad Three Racquet,Grade B,"4 1/4""",219.0,269.0,UR0C01B
2026-08-21,Head,Head Speed Tour 2026 Racquet,Grade A,"4 1/4""",209.0,269.0,UR0C19C
2026-08-21,Head,Head Speed Tour 2026 Racquet,Grade B,"4 3/8""",199.0,269.0,UR0C07F
2026-08-21,Head,Head Speed Tour 2026 Racquet,Grade C,"4 3/8""",189.0,269.0,UR0C35E
2026-08-21,Head,Head Speed Pro 2026 Racquet,Grade A,"4 1/2""",229.0,269.0,URD0E01E
2026-08-21,Head,Head Speed Team 2026 Racquet,Grade A,"4""",189.0,239.0,UR0B23B
2026-08-21,Head,Head Speed Team 2026 Racquet,Grade A,"4 1/4""",189.0,239.0,UR8B11G
2026-08-21,Head,Head Speed MP L 2026 Racquet,Grade A,"4 1/4""",199.0,249.0,UR8A13C
2026-08-21,Head,Head Speed Pro Legend 2025 Racquet,Grade C,"4 1/4""",199.0,269.0,UR0C29C
2026-08-21,Head,Head Speed Pro Legend 2025 Racquet,Grade B,"4 1/2""",199.0,269.0,UR8B18F
2026-08-21,Head,Head Extreme Pro 2024 Racquet,Grade B,"4 1/2""",219.0,199.0,UR0C15A
2026-08-21,Head,Head Extreme MP Racquet,Grade B,"4 3/8""",149.0,199.0,UR0C09D
2026-08-21,Head,Head Extreme Tour Racquet,Grade A,"4 5/8""",159.0,159.0,UR0C15F
2026-08-21,Head,Head Extreme Team Racquet,Grade C,"4 1/4""",119.0,179.0,UR0C29F
2026-08-21,Head,Head Boom MP 2026 Racquet,Grade A,"4 3/8""",219.0,259.0,UR0C03E
2026-08-21,Head,Head Boom Pro Racquet,Grade B,"4 1/2""",139.0,159.0,UR0B37C
2026-08-21,Head,Head Boom MP 2024 Racquet,Grade B,"4 3/8""",109.0,159.0,UR0C05D
2026-08-21,Head,Head Gravity Pro 2025 Racquet,Grade B,"4 1/4""",199.0,269.0,UR0C07D
2026-08-21,Head,Head Gravity Pro 2025 Racquet,Grade B,"4 1/4""",199.0,269.0,UR0C09A
2026-08-21,Head,Head Gravity Pro 2025 Racquet,Grade B,"4 1/4""",199.0,269.0,UR0C25A
2026-08-21,Head,Head Gravity Pro 2025 Racquet,Grade B,"4 1/4""",199.0,269.0,UR0C29D
2026-08-21,Head,Head Gravity Pro 2025 Racquet,Grade C,"4 1/4""",179.0,269.0,UR0B37E
2026-08-21,Head,Head Gravity Pro 2025 Racquet,Grade B,"4 3/8""",199.0,269.0,URD0D03D
2026-08-21,Head,Head Gravity Pro 2025 Racquet,Grade B,"4 3/8""",199.0,269.0,URD0D05C
2026-08-21,Head,Head Gravity Pro 2025 Racquet,Grade B,"4 1/2""",199.0,269.0,UR0C31F
2026-08-21,Head,Head Gravity Pro 2025 Racquet,Grade B,"4 1/2""",199.0,269.0,UR8A04G
2026-08-21,Head,Head Gravity Tour 2025 Racquet,Grade B,"4 3/8""",209.0,269.0,URD0D01E
2026-08-21,Head,Head Gravity Tour 2025 Racquet,Grade B,"4 1/2""",209.0,269.0,UR0C29B
2026-08-21,Head,Head Gravity MP 2025 Racquet,Grade A,"4 1/4""",209.0,259.0,UR8B08G
2026-08-21,Head,Head Gravity MP 2025 Racquet,Grade A,"4 1/4""",209.0,259.0,UR8B18G
2026-08-21,Head,Head Gravity MP 2025 Racquet,Grade B,"4 1/4""",199.0,259.0,UR0B27A
2026-08-21,Head,Head Gravity MP 2025 Racquet,Grade B,"4 3/8""",199.0,259.0,URD0E01D
2026-08-21,Head,Head Gravity MP L 2025 Racquet,Grade A,"4 1/4""",199.0,239.0,UR8A01C
2026-08-21,Head,Head Gravity MP L 2025 Racquet,Grade A,"4 1/4""",199.0,239.0,UR8A04C
2026-08-21,Head,Head Gravity Team 2025 Racquet,Grade C,"4 1/4""",169.0,229.0,UR8B01G
2026-08-21,Head,Head Gravity Team 2025 Racquet,Grade A,"4 3/8""",189.0,229.0,UR8B20C
2026-08-21,Head,Head Gravity Team 2025 Racquet,Grade A,"4 3/8""",189.0,229.0,UR8B01D
2026-08-21,Head,Head Gravity Team 2025 Racquet,Grade C,"4 3/8""",169.0,229.0,URD0D09B
2026-08-21,Head,Head Radical Pro 2025 Racquet,Grade B,"4 1/4""",219.0,269.0,UR0C31E
2026-08-21,Head,Head Radical Pro 2025 Racquet,Grade B,"4 1/2""",219.0,269.0,UR0B25E
2026-08-21,Head,Head Radical Team 2025 Racquet,Grade B,"4 1/4""",189.0,229.0,UR0B39C
2026-08-21,Head,Head Radical MP 2021 Racquet,Grade A,"4 3/8""",119.0,139.0,UR8B03G
2026-08-21,Head,Head Prestige Pro Racquet,Grade C,"4 3/8""",159.0,269.0,URD0E05B
2026-08-21,Head,Head Prestige Tour Racquet,Grade B,"4 1/2""",199.0,269.0,UR0C03A
2026-08-21,Head,Head Prestige MP L Racquet,Grade B,"4 1/4""",189.0,259.0,UR0B27F
2026-08-21,Head,Head Prestige MP L Racquet,Grade A,"4 3/8""",209.0,259.0,UR8A01D
2026-08-21,Head,Head Prestige MP L Racquet,Grade B,"4 3/8""",189.0,259.0,UR0B29B
2026-08-21,Head,Head Prestige MP L Racquet,Grade B,"4 3/8""",189.0,259.0,URD0D11E
2026-08-21,Head,Head PWR 110 Racquet,Grade A,"4 1/8""",159.0,199.0,UR0C05C
2026-08-21,Yonex,Yonex Muse 98 Racquet,Grade B,"4 3/8""",249.0,305.0,UR0B31D
2026-08-21,Yonex,Yonex EZONE 98 (2025) Racquet,Grade A,"4 3/8""",239.0,305.0,UR8B14D
2026-08-21,Yonex,Yonex EZONE 98 (2025) Racquet,Grade C,"4 3/8""",219.0,305.0,UR8B06E
2026-08-21,Yonex,Yonex EZONE 98 (2025) Racquet,Grade C,"4 3/8""",219.0,305.0,UR8B12E
2026-08-21,Yonex,Yonex EZONE 98+ (2025) Racquet,Grade C,"4 1/4""",229.0,305.0,UR0B29F
2026-08-21,Yonex,Yonex EZONE 98+ (2025) Racquet,Grade C,"4 3/8""",219.0,305.0,UR8B19D
2026-08-21,Yonex,Yonex EZONE 98+ (2025) Racquet,Grade C,"4 3/8""",219.0,305.0,UR8B20D
2026-08-21,Yonex,Yonex Percept 97D Racquet,Grade B,"4 3/8""",249.0,305.0,URD0E03C
2026-08-21,Tecnifibre,Tecnifibre TFight 305S Racquet,Grade B,"4 1/4""",229.0,279.0,URD0E03D
2026-08-21,Tecnifibre,Tecnifibre TFight 305S Racquet,Grade C,"4 3/8""",189.0,279.0,UR8B19E
2026-08-21,Tecnifibre,Tecnifibre TFight 305S Racquet,Grade C,"4 3/8""",189.0,279.0,UR8B18C
2026-08-21,Tecnifibre,Tecnifibre TFight 305S Racquet,Grade C,"4 1/2""",229.0,279.0,UR0C39A
2026-08-21,Tecnifibre,Tecnifibre TFight 315S Racquet,Grade B,"4 1/4""",199.0,279.0,UR0C03B
2026-08-21,Tecnifibre,Tecnifibre TFight 300 Racquet,Grade B,"4 1/2""",189.0,269.0,UR0B25C
2026-08-21,Tecnifibre,Tecnifibre Fire 285 Racquet,Grade A,"4 3/8""",209.0,249.0,UR0C23B
2026-08-21,Tecnifibre,Tecnifibre Fire 285 Racquet,Grade B,"4 3/8""",199.0,249.0,UR0B27B
2026-08-21,Tecnifibre,Tecnifibre Fire 260 OS Racquet,Grade A,"4 1/4""",209.0,249.0,UR0C01E
2026-08-21,Tecnifibre,Tecnifibre TF40 315g (16x19) Racquet 2024,Grade A,"4 1/4""",239.0,279.0,UR0C01F
2026-08-21,Tecnifibre,Tecnifibre TF40 315g (16x19) Racquet 2024,Grade A,"4 3/8""",239.0,279.0,UR0C05A
2026-08-21,Tecnifibre,Tecnifibre TF40 315g (16x19) Racquet 2024,Grade B,"4 3/8""",229.0,279.0,UR0B35F
2026-08-21,Tecnifibre,Tecnifibre TF40 305g (16x19) Racquet 2024,Grade A,"4 1/2""",159.0,279.0,URD0D07E
2026-08-21,Tecnifibre,Tecnifibre TF40 305g (16x19) Racquet 2024,Grade A,"4 1/2""",159.0,279.0,UR0C25E
2026-08-21,Tecnifibre,Tecnifibre TF40 290g (16x19) Racquet 2024,Grade B,"4 1/4""",209.0,249.0,UR0C07C
2026-08-21,Tecnifibre,Tecnifibre TF40 290g (16x19) Racquet 2024,Grade B,"4 3/8""",199.0,249.0,UR0C03C
2026-08-21,Wilson,Wilson Blade 100 v10 Racquet,Grade B,"4 1/4""",249.0,299.0,UR0C25D
2026-08-21,Wilson,Wilson Blade Pro 98 16x19 v10 Racquet,Grade B,"4 3/8""",249.0,299.0,UR0C11B
2026-08-21,Yonex,Yonex Muse 100 Racquet,Grade B,"4 1/8""",249.0,305.0,UR0B35D
2026-08-21,Yonex,Yonex Muse 100L Racquet,Grade B,"4 1/8""",249.0,305.0,UR0B29D
2026-08-22,Wilson,Wilson Blade 98 16x19 v10 US Open Racquet 2026,Grade A,,259.0,299.0,UR0B21D
2026-08-22,Wilson,Wilson Blade Pro 100 v10 Racquet,Grade C,"4 1/4""",229.0,299.0,UR0C11E
2026-08-22,Wilson,Wilson Blade Pro 100 v10 Racquet,Grade B,"4 3/8""",249.0,299.0,UR0B23E
2026-08-22,Wilson,Wilson Blade Pro 100 v10 Racquet,Grade B,"4 1/2""",249.0,299.0,URD0E01B
2026-08-22,Wilson,Wilson Blade 100 v10 Racquet,Grade B,"4 1/4""",249.0,299.0,UR0C25D
2026-08-22,Wilson,Wilson Blade 98 16x19 v9 Racquet,Grade B,"4 1/2""",189.0,249.0,UR8B04D
2026-08-22,Wilson,Wilson Blade 98S v9 Racquet,Grade A,"4 1/8""",209.0,249.0,UR8A15A
2026-08-22,Wilson,Wilson Blade 98S v9 Racquet,Grade A,"4 1/8""",209.0,249.0,UR8A11A
2026-08-22,Wilson,Wilson Blade 100 v9 Racquet,Grade B,"4 1/4""",199.0,249.0,UR0B21C
2026-08-22,Wilson,Wilson Blade 104 v9 Racquet,Grade B,"4 1/4""",199.0,249.0,UR8B15D
2026-08-22,Wilson,Wilson Blade 104 v9 Racquet,Grade C,"4 1/4""",179.0,249.0,UR0C05F
2026-08-22,Wilson,Wilson Blade 104 v9 Racquet,Grade B,"4 3/8""",199.0,249.0,UR8A15C
2026-08-22,Wilson,Wilson RF 01 Pro Racquet,Grade A,"4 1/4""",269.0,349.0,UR0C27A
2026-08-22,Wilson,Wilson RF 01 Pro Racquet,Grade B,"4 3/8""",259.0,349.0,UR0C17C
2026-08-22,Wilson,Wilson RF 01 Pro Racquet,Grade B,"4 1/2""",259.0,349.0,UR0C29A
2026-08-22,Wilson,Wilson RF 01 Pro Racquet,Grade B,"4 1/2""",259.0,349.0,UR8A17B
2026-08-22,Wilson,Wilson RF 01 Pro Racquet,Grade B,"4 1/2""",259.0,349.0,UR8A18A
2026-08-22,Wilson,Wilson RF 01 Pro Racquet,Grade B,"4 1/2""",259.0,349.0,UR8A05G
2026-08-22,Wilson,Wilson RF 01 Racquet,Grade B,"4 1/8""",249.0,329.0,UR8A20E
2026-08-22,Wilson,Wilson RF 01 Racquet,Grade B,"4 1/4""",249.0,329.0,UR8A13D
2026-08-22,Wilson,Wilson RF 01 Racquet,Grade A,"4 3/8""",259.0,329.0,UR0C25F
2026-08-22,Wilson,Wilson RF 01 Racquet,Grade A,"4 3/8""",259.0,329.0,UR8A10F
2026-08-22,Wilson,Wilson RF 01 Racquet,Grade B,"4 3/8""",249.0,329.0,UR8B14G
2026-08-22,Wilson,Wilson RF 01 Racquet,Grade B,"4 3/8""",249.0,329.0,UR8A03G
2026-08-22,Wilson,Wilson RF 01 Future Racquet,Grade B,"4 1/4""",229.0,309.0,UR8B12D
2026-08-22,Wilson,Wilson Blade Pro 98 16x19 v10 Racquet,Grade B,"4 3/8""",249.0,299.0,UR0C11B
2026-08-22,Wilson,Wilson Blade Pro 98 16x19 v9 Racquet,Grade B,"4 1/2""",189.0,269.0,UR8B05B
2026-08-22,Wilson,Wilson Blade Pro 98 16x19 v9 Racquet,Grade C,"4 1/2""",179.0,269.0,UR0C17D
2026-08-22,Wilson,Wilson Blade Pro 98 16x19 v9 Racquet,Grade C,"4 1/2""",179.0,269.0,UR0C17B
2026-08-22,Wilson,Wilson Blade Pro 98 16x19 v9 Racquet,Grade C,"4 1/2""",179.0,269.0,UR0C17F
2026-08-22,Wilson,Wilson Blade Pro 98 18x20 v9 Racquet,Grade B,"4 3/8""",189.0,269.0,UR8A02B
2026-08-22,Wilson,Wilson Blade Pro 98 18x20 v9 Racquet,Grade B,"4 3/8""",189.0,269.0,UR8A02C
2026-08-22,Wilson,Wilson Pro Staff Six.One 95 v14 Racquet,Grade C,"4 1/2""",199.0,219.0,UR0B39B
2026-08-22,Wilson,Wilson Ultra 99 Pro v5 Racquet,Grade B,"4 1/4""",229.0,299.0,UR8A06A
2026-08-22,Wilson,Wilson Ultra 99 Pro v5 Racquet,Grade B,"4 3/8""",229.0,299.0,UR8A17G
2026-08-22,Wilson,Wilson Clash 100 v3 Racquet,Grade B,"4 1/2""",229.0,299.0,URD0D07C
2026-08-22,Wilson,Wilson Clash 100L v3 Racquet,Grade B,"4 1/8""",219.0,289.0,UR8A08F
2026-08-22,Wilson,Wilson Clash 100L v3 Racquet,Grade C,"4 1/4""",199.0,289.0,UR8B13F
2026-08-22,Wilson,Wilson Clash 100L v3 Reverse Racquet,Grade B,"4 3/8""",219.0,289.0,UR8A11C
2026-08-22,Wilson,Wilson Clash 108 v3 Racquet,Grade B,"4 3/8""",209.0,299.0,UR0C23C
2026-08-22,Wilson,Wilson Clash 108 v3 Racquet,Grade B,"4 1/2""",209.0,299.0,UR8A12E
2026-08-22,Wilson,Wilson Clash 108 v3 Racquet,Grade B,"4 1/2""",209.0,299.0,UR0C03F
2026-08-22,Wilson,Wilson Pro Staff 97 Classic Racquet,Grade B,"4 1/8""",249.0,299.0,UR0C27C
2026-08-22,Wilson,Wilson Ultra 100 v5 Racquet,Grade B,"4 1/8""",229.0,299.0,UR8B08F
2026-08-22,Wilson,Wilson Ultra 100 v5 Racquet,Grade A,"4 1/4""",239.0,299.0,UR8A05B
2026-08-22,Wilson,Wilson Ultra 100UL v5 Racquet,Grade B,"4 3/8""",209.0,279.0,UR0B25F
2026-08-22,Wilson,Wilson Ultra 111 v5 Racquet,Grade A,"4 3/8""",229.0,289.0,UR8A03A
2026-08-22,Wilson,Wilson Ultra 111 v5 Racquet,Grade A,"4 3/8""",229.0,289.0,UR8A07E
2026-08-22,Wilson,Wilson Ultra 111 v5 Racquet,Grade A,"4 3/8""",229.0,289.0,UR8A03F
2026-08-22,Wilson,Wilson Triad Three Racquet,Grade B,"4 1/4""",219.0,269.0,UR0C01B
2026-08-22,Head,Head Speed Tour 2026 Racquet,Grade A,"4 1/4""",209.0,269.0,UR0C19C
2026-08-22,Head,Head Speed Tour 2026 Racquet,Grade B,"4 3/8""",199.0,269.0,UR0C07F
2026-08-22,Head,Head Speed Tour 2026 Racquet,Grade C,"4 3/8""",189.0,269.0,UR0C35E
2026-08-22,Head,Head Speed Pro 2026 Racquet,Grade A,"4 1/2""",229.0,269.0,URD0E01E
2026-08-22,Head,Head Speed Team 2026 Racquet,Grade A,"4""",189.0,239.0,UR0B23B
2026-08-22,Head,Head Speed Team 2026 Racquet,Grade A,"4 1/4""",189.0,239.0,UR8B11G
2026-08-22,Head,Head Speed MP L 2026 Racquet,Grade A,"4 1/4""",199.0,249.0,UR8A13C
2026-08-22,Head,Head Speed Pro Legend 2025 Racquet,Grade C,"4 1/4""",199.0,269.0,UR0C29C
2026-08-22,Head,Head Speed Pro Legend 2025 Racquet,Grade B,"4 1/2""",199.0,269.0,UR8B18F
2026-08-22,Head,Head Extreme Pro 2024 Racquet,Grade B,"4 1/2""",219.0,199.0,UR0C15A
2026-08-22,Head,Head Extreme Tour Racquet,Grade A,"4 5/8""",159.0,159.0,UR0C15F
2026-08-22,Head,Head Extreme Team Racquet,Grade C,"4 1/4""",119.0,179.0,UR0C29F
2026-08-22,Head,Head Boom MP 2026 Racquet,Grade A,"4 3/8""",219.0,259.0,UR0C03E
2026-08-22,Head,Head Boom Pro Racquet,Grade B,"4 1/2""",139.0,159.0,UR0B37C
2026-08-22,Head,Head Gravity Pro 2025 Racquet,Grade B,"4 1/4""",199.0,269.0,UR0C07D
2026-08-22,Head,Head Gravity Pro 2025 Racquet,Grade B,"4 1/4""",199.0,269.0,UR0C09A
2026-08-22,Head,Head Gravity Pro 2025 Racquet,Grade B,"4 1/4""",199.0,269.0,UR0C25A
2026-08-22,Head,Head Gravity Pro 2025 Racquet,Grade B,"4 1/4""",199.0,269.0,UR0C29D
2026-08-22,Head,Head Gravity Pro 2025 Racquet,Grade C,"4 1/4""",179.0,269.0,UR0B37E
2026-08-22,Head,Head Gravity Pro 2025 Racquet,Grade B,"4 3/8""",199.0,269.0,URD0D03D
2026-08-22,Head,Head Gravity Pro 2025 Racquet,Grade B,"4 3/8""",199.0,269.0,URD0D05C
2026-08-22,Head,Head Gravity Pro 2025 Racquet,Grade B,"4 1/2""",199.0,269.0,UR0C31F
2026-08-22,Head,Head Gravity Pro 2025 Racquet,Grade B,"4 1/2""",199.0,269.0,UR8A04G
2026-08-22,Head,Head Gravity Tour 2025 Racquet,Grade B,"4 3/8""",209.0,269.0,URD0D01E
2026-08-22,Head,Head Gravity Tour 2025 Racquet,Grade B,"4 1/2""",209.0,269.0,UR0C29B
2026-08-22,Head,Head Gravity MP 2025 Racquet,Grade A,"4 1/4""",209.0,259.0,UR8B08G
2026-08-22,Head,Head Gravity MP 2025 Racquet,Grade A,"4 1/4""",209.0,259.0,UR8B18G
2026-08-22,Head,Head Gravity MP 2025 Racquet,Grade B,"4 1/4""",199.0,259.0,UR0B27A
2026-08-22,Head,Head Gravity MP 2025 Racquet,Grade B,"4 3/8""",199.0,259.0,URD0E01D
2026-08-22,Head,Head Gravity MP L 2025 Racquet,Grade A,"4 1/4""",199.0,239.0,UR8A01C
2026-08-22,Head,Head Gravity MP L 2025 Racquet,Grade A,"4 1/4""",199.0,239.0,UR8A04C
2026-08-22,Head,Head Gravity Team 2025 Racquet,Grade C,"4 1/4""",169.0,229.0,UR8B01G
2026-08-22,Head,Head Gravity Team 2025 Racquet,Grade A,"4 3/8""",189.0,229.0,UR8B20C
2026-08-22,Head,Head Gravity Team 2025 Racquet,Grade A,"4 3/8""",189.0,229.0,UR8B01D
2026-08-22,Head,Head Gravity Team 2025 Racquet,Grade C,"4 3/8""",169.0,229.0,URD0D09B
2026-08-22,Head,Head Radical Pro 2025 Racquet,Grade B,"4 1/4""",219.0,269.0,UR0C31E
2026-08-22,Head,Head Radical Pro 2025 Racquet,Grade B,"4 1/2""",219.0,269.0,UR0B25E
2026-08-22,Head,Head Radical Team 2025 Racquet,Grade B,"4 1/4""",189.0,229.0,UR0B39C
2026-08-22,Head,Head Prestige Pro Racquet,Grade C,"4 3/8""",159.0,269.0,URD0E05B
2026-08-22,Head,Head Prestige Tour Racquet,Grade B,"4 1/2""",199.0,269.0,UR0C03A
2026-08-22,Head,Head Prestige MP L Racquet,Grade B,"4 1/4""",189.0,259.0,UR0B27F
2026-08-22,Head,Head Prestige MP L Racquet,Grade A,"4 3/8""",209.0,259.0,UR8A01D
2026-08-22,Head,Head Prestige MP L Racquet,Grade B,"4 3/8""",189.0,259.0,UR0B29B
2026-08-22,Head,Head Prestige MP L Racquet,Grade B,"4 3/8""",189.0,259.0,URD0D11E
2026-08-22,Head,Head PWR 110 Racquet,Grade A,"4 1/8""",159.0,199.0,UR0C05C
2026-08-22,Yonex,Yonex Muse 98 Racquet,Grade B,"4 3/8""",249.0,305.0,UR0B31D
2026-08-22,Yonex,Yonex Muse 100 Racquet,Grade B,"4 1/8""",249.0,305.0,UR0B35D
2026-08-22,Yonex,Yonex Muse 100L Racquet,Grade B,"4 1/8""",249.0,305.0,UR0B29D
2026-08-22,Yonex,Yonex EZONE 98 (2025) Racquet,Grade C,"4 3/8""",219.0,305.0,UR8B06E
2026-08-22,Yonex,Yonex EZONE 98 (2025) Racquet,Grade C,"4 3/8""",219.0,305.0,UR8B12E
2026-08-22,Yonex,Yonex EZONE 98+ (2025) Racquet,Grade C,"4 1/4""",229.0,305.0,UR0B29F
2026-08-22,Yonex,Yonex EZONE 98+ (2025) Racquet,Grade C,"4 3/8""",219.0,305.0,UR8B19D
2026-08-22,Yonex,Yonex EZONE 98+ (2025) Racquet,Grade C,"4 3/8""",219.0,305.0,UR8B20D
2026-08-22,Yonex,Yonex Percept 97D Racquet,Grade B,"4 3/8""",249.0,305.0,URD0E03C
2026-08-22,Tecnifibre,Tecnifibre TFight 305S Racquet,Grade B,"4 1/4""",229.0,279.0,URD0E03D
2026-08-22,Tecnifibre,Tecnifibre TFight 305S Racquet,Grade C,"4 3/8""",189.0,279.0,UR8B19E
2026-08-22,Tecnifibre,Tecnifibre TFight 305S Racquet,Grade C,"4 3/8""",189.0,279.0,UR8B18C
2026-08-22,Tecnifibre,Tecnifibre TFight 305S Racquet,Grade C,"4 1/2""",229.0,279.0,UR0C39A
2026-08-22,Tecnifibre,Tecnifibre TFight 315S Racquet,Grade B,"4 1/4""",199.0,279.0,UR0C03B
2026-08-22,Tecnifibre,Tecnifibre TFight 300 Racquet,Grade B,"4 1/2""",189.0,269.0,UR0B25C
2026-08-22,Tecnifibre,Tecnifibre Fire 285 Racquet,Grade A,"4 3/8""",209.0,249.0,UR0C23B
2026-08-22,Tecnifibre,Tecnifibre Fire 285 Racquet,Grade B,"4 3/8""",199.0,249.0,UR0B27B
2026-08-22,Tecnifibre,Tecnifibre Fire 260 OS Racquet,Grade A,"4 1/4""",209.0,249.0,UR0C01E
2026-08-22,Tecnifibre,Tecnifibre TF40 315g (16x19) Racquet 2024,Grade A,"4 1/4""",239.0,279.0,UR0C01F
2026-08-22,Tecnifibre,Tecnifibre TF40 315g (16x19) Racquet 2024,Grade A,"4 3/8""",239.0,279.0,UR0C05A
2026-08-22,Tecnifibre,Tecnifibre TF40 315g (16x19) Racquet 2024,Grade B,"4 3/8""",229.0,279.0,UR0B35F
2026-08-22,Tecnifibre,Tecnifibre TF40 305g (16x19) Racquet 2024,Grade A,"4 1/2""",159.0,279.0,URD0D07E
2026-08-22,Tecnifibre,Tecnifibre TF40 305g (16x19) Racquet 2024,Grade A,"4 1/2""",159.0,279.0,UR0C25E
2026-08-22,Tecnifibre,Tecnifibre TF40 290g (16x19) Racquet 2024,Grade B,"4 1/4""",209.0,249.0,UR0C07C
2026-08-22,Tecnifibre,Tecnifibre TF40 290g (16x19) Racquet 2024,Grade B,"4 3/8""",199.0,249.0,UR0C03C
2026-08-23,Wilson,Wilson Blade 98 16x19 v10 US Open Racquet 2026,Grade A,,259.0,299.0,UR0B21D
2026-08-23,Wilson,Wilson Blade Pro 100 v10 Racquet,Grade C,"4 1/4""",229.0,299.0,UR0C11E
2026-08-23,Wilson,Wilson Blade Pro 100 v10 Racquet,Grade B,"4 3/8""",249.0,299.0,UR0B23E
2026-08-23,Wilson,Wilson Blade Pro 100 v10 Racquet,Grade B,"4 1/2""",249.0,299.0,URD0E01B
2026-08-23,Wilson,Wilson Blade 100 v10 Racquet,Grade B,"4 1/4""",249.0,299.0,UR0C25D
2026-08-23,Wilson,Wilson Blade 98 16x19 v9 Racquet,Grade B,"4 1/2""",189.0,249.0,UR8B04D
2026-08-23,Wilson,Wilson Blade 98S v9 Racquet,Grade A,"4 1/8""",209.0,249.0,UR8A15A
2026-08-23,Wilson,Wilson Blade 98S v9 Racquet,Grade A,"4 1/8""",209.0,249.0,UR8A11A
2026-08-23,Wilson,Wilson Blade 100 v9 Racquet,Grade B,"4 1/4""",199.0,249.0,UR0B21C
2026-08-23,Wilson,Wilson Blade 104 v9 Racquet,Grade B,"4 1/4""",199.0,249.0,UR8B15D
2026-08-23,Wilson,Wilson Blade 104 v9 Racquet,Grade C,"4 1/4""",179.0,249.0,UR0C05F
2026-08-23,Wilson,Wilson Blade 104 v9 Racquet,Grade B,"4 3/8""",199.0,249.0,UR8A15C
2026-08-23,Wilson,Wilson RF 01 Pro Racquet,Grade A,"4 1/4""",269.0,349.0,UR0C27A
2026-08-23,Wilson,Wilson RF 01 Pro Racquet,Grade B,"4 3/8""",259.0,349.0,UR0C17C
2026-08-23,Wilson,Wilson RF 01 Pro Racquet,Grade B,"4 1/2""",259.0,349.0,UR0C29A
2026-08-23,Wilson,Wilson RF 01 Pro Racquet,Grade B,"4 1/2""",259.0,349.0,UR8A17B
2026-08-23,Wilson,Wilson RF 01 Pro Racquet,Grade B,"4 1/2""",259.0,349.0,UR8A18A
2026-08-23,Wilson,Wilson RF 01 Pro Racquet,Grade B,"4 1/2""",259.0,349.0,UR8A05G
2026-08-23,Wilson,Wilson RF 01 Racquet,Grade B,"4 1/8""",249.0,329.0,UR8A20E
2026-08-23,Wilson,Wilson RF 01 Racquet,Grade B,"4 1/4""",249.0,329.0,UR8A13D
2026-08-23,Wilson,Wilson RF 01 Racquet,Grade A,"4 3/8""",259.0,329.0,UR0C25F
2026-08-23,Wilson,Wilson RF 01 Racquet,Grade A,"4 3/8""",259.0,329.0,UR8A10F
2026-08-23,Wilson,Wilson RF 01 Racquet,Grade B,"4 3/8""",249.0,329.0,UR8B14G
2026-08-23,Wilson,Wilson RF 01 Racquet,Grade B,"4 3/8""",249.0,329.0,UR8A03G
2026-08-23,Wilson,Wilson RF 01 Future Racquet,Grade B,"4 1/4""",229.0,309.0,UR8B12D
2026-08-23,Wilson,Wilson Blade Pro 98 16x19 v10 Racquet,Grade B,"4 3/8""",249.0,299.0,UR0C11B
2026-08-23,Wilson,Wilson Blade Pro 98 16x19 v9 Racquet,Grade B,"4 1/2""",189.0,269.0,UR8B05B
2026-08-23,Wilson,Wilson Blade Pro 98 16x19 v9 Racquet,Grade C,"4 1/2""",179.0,269.0,UR0C17D
2026-08-23,Wilson,Wilson Blade Pro 98 16x19 v9 Racquet,Grade C,"4 1/2""",179.0,269.0,UR0C17B
2026-08-23,Wilson,Wilson Blade Pro 98 16x19 v9 Racquet,Grade C,"4 1/2""",179.0,269.0,UR0C17F
2026-08-23,Wilson,Wilson Blade Pro 98 18x20 v9 Racquet,Grade B,"4 3/8""",189.0,269.0,UR8A02B
2026-08-23,Wilson,Wilson Blade Pro 98 18x20 v9 Racquet,Grade B,"4 3/8""",189.0,269.0,UR8A02C
2026-08-23,Wilson,Wilson Pro Staff Six.One 95 v14 Racquet,Grade C,"4 1/2""",199.0,219.0,UR0B39B
2026-08-23,Wilson,Wilson Ultra 99 Pro v5 Racquet,Grade B,"4 1/4""",229.0,299.0,UR8A06A
2026-08-23,Wilson,Wilson Ultra 99 Pro v5 Racquet,Grade B,"4 3/8""",229.0,299.0,UR8A17G
2026-08-23,Wilson,Wilson Clash 100 v3 Racquet,Grade B,"4 1/2""",229.0,299.0,URD0D07C
2026-08-23,Wilson,Wilson Clash 100L v3 Racquet,Grade B,"4 1/8""",219.0,289.0,UR8A08F
2026-08-23,Wilson,Wilson Clash 100L v3 Racquet,Grade C,"4 1/4""",199.0,289.0,UR8B13F
2026-08-23,Wilson,Wilson Clash 100L v3 Reverse Racquet,Grade B,"4 3/8""",219.0,289.0,UR8A11C
2026-08-23,Wilson,Wilson Clash 108 v3 Racquet,Grade B,"4 3/8""",209.0,299.0,UR0C23C
2026-08-23,Wilson,Wilson Clash 108 v3 Racquet,Grade B,"4 1/2""",209.0,299.0,UR8A12E
2026-08-23,Wilson,Wilson Clash 108 v3 Racquet,Grade B,"4 1/2""",209.0,299.0,UR0C03F
2026-08-23,Wilson,Wilson Pro Staff 97 Classic Racquet,Grade B,"4 1/8""",249.0,299.0,UR0C27C
2026-08-23,Wilson,Wilson Ultra 100 v5 Racquet,Grade B,"4 1/8""",229.0,299.0,UR8B08F
2026-08-23,Wilson,Wilson Ultra 100 v5 Racquet,Grade A,"4 1/4""",239.0,299.0,UR8A05B
2026-08-23,Wilson,Wilson Ultra 100UL v5 Racquet,Grade B,"4 3/8""",209.0,279.0,UR0B25F
2026-08-23,Wilson,Wilson Ultra 111 v5 Racquet,Grade A,"4 3/8""",229.0,289.0,UR8A03A
2026-08-23,Wilson,Wilson Ultra 111 v5 Racquet,Grade A,"4 3/8""",229.0,289.0,UR8A07E
2026-08-23,Wilson,Wilson Ultra 111 v5 Racquet,Grade A,"4 3/8""",229.0,289.0,UR8A03F
2026-08-23,Wilson,Wilson Triad Three Racquet,Grade B,"4 1/4""",219.0,269.0,UR0C01B
2026-08-23,Head,Head Speed Tour 2026 Racquet,Grade A,"4 1/4""",209.0,269.0,UR0C19C
2026-08-23,Head,Head Speed Tour 2026 Racquet,Grade B,"4 3/8""",199.0,269.0,UR0C07F
2026-08-23,Head,Head Speed Tour 2026 Racquet,Grade C,"4 3/8""",189.0,269.0,UR0C35E
2026-08-23,Head,Head Speed Pro 2026 Racquet,Grade A,"4 1/2""",229.0,269.0,URD0E01E
2026-08-23,Head,Head Speed Team 2026 Racquet,Grade A,"4""",189.0,239.0,UR0B23B
2026-08-23,Head,Head Speed Team 2026 Racquet,Grade A,"4 1/4""",189.0,239.0,UR8B11G
2026-08-23,Head,Head Speed MP L 2026 Racquet,Grade A,"4 1/4""",199.0,249.0,UR8A13C
2026-08-23,Head,Head Speed Pro Legend 2025 Racquet,Grade C,"4 1/4""",199.0,269.0,UR0C29C
2026-08-23,Head,Head Speed Pro Legend 2025 Racquet,Grade B,"4 1/2""",199.0,269.0,UR8B18F
2026-08-23,Head,Head Extreme Pro 2024 Racquet,Grade B,"4 1/2""",219.0,199.0,UR0C15A
2026-08-23,Head,Head Extreme Tour Racquet,Grade A,"4 5/8""",159.0,159.0,UR0C15F
2026-08-23,Head,Head Extreme Team Racquet,Grade C,"4 1/4""",119.0,179.0,UR0C29F
2026-08-23,Head,Head Boom MP 2026 Racquet,Grade A,"4 3/8""",219.0,259.0,UR0C03E
2026-08-23,Head,Head Boom Pro Racquet,Grade B,"4 1/2""",139.0,159.0,UR0B37C
2026-08-23,Head,Head Gravity Pro 2025 Racquet,Grade B,"4 1/4""",199.0,269.0,UR0C07D
2026-08-23,Head,Head Gravity Pro 2025 Racquet,Grade B,"4 1/4""",199.0,269.0,UR0C09A
2026-08-23,Head,Head Gravity Pro 2025 Racquet,Grade B,"4 1/4""",199.0,269.0,UR0C25A
2026-08-23,Head,Head Gravity Pro 2025 Racquet,Grade B,"4 1/4""",199.0,269.0,UR0C29D
2026-08-23,Head,Head Gravity Pro 2025 Racquet,Grade C,"4 1/4""",179.0,269.0,UR0B37E
2026-08-23,Head,Head Gravity Pro 2025 Racquet,Grade B,"4 3/8""",199.0,269.0,URD0D03D
2026-08-23,Head,Head Gravity Pro 2025 Racquet,Grade B,"4 3/8""",199.0,269.0,URD0D05C
2026-08-23,Head,Head Gravity Pro 2025 Racquet,Grade B,"4 1/2""",199.0,269.0,UR0C31F
2026-08-23,Head,Head Gravity Pro 2025 Racquet,Grade B,"4 1/2""",199.0,269.0,UR8A04G
2026-08-23,Head,Head Gravity Tour 2025 Racquet,Grade B,"4 3/8""",209.0,269.0,URD0D01E
2026-08-23,Head,Head Gravity Tour 2025 Racquet,Grade B,"4 1/2""",209.0,269.0,UR0C29B
2026-08-23,Head,Head Gravity MP 2025 Racquet,Grade A,"4 1/4""",209.0,259.0,UR8B08G
2026-08-23,Head,Head Gravity MP 2025 Racquet,Grade A,"4 1/4""",209.0,259.0,UR8B18G
2026-08-23,Head,Head Gravity MP 2025 Racquet,Grade B,"4 1/4""",199.0,259.0,UR0B27A
2026-08-23,Head,Head Gravity MP 2025 Racquet,Grade B,"4 3/8""",199.0,259.0,URD0E01D
2026-08-23,Head,Head Gravity MP L 2025 Racquet,Grade A,"4 1/4""",199.0,239.0,UR8A01C
2026-08-23,Head,Head Gravity MP L 2025 Racquet,Grade A,"4 1/4""",199.0,239.0,UR8A04C
2026-08-23,Head,Head Gravity Team 2025 Racquet,Grade C,"4 1/4""",169.0,229.0,UR8B01G
2026-08-23,Head,Head Gravity Team 2025 Racquet,Grade A,"4 3/8""",189.0,229.0,UR8B20C
2026-08-23,Head,Head Gravity Team 2025 Racquet,Grade A,"4 3/8""",189.0,229.0,UR8B01D
2026-08-23,Head,Head Gravity Team 2025 Racquet,Grade C,"4 3/8""",169.0,229.0,URD0D09B
2026-08-23,Head,Head Radical Pro 2025 Racquet,Grade B,"4 1/4""",219.0,269.0,UR0C31E
2026-08-23,Head,Head Radical Pro 2025 Racquet,Grade B,"4 1/2""",219.0,269.0,UR0B25E
2026-08-23,Head,Head Radical Team 2025 Racquet,Grade B,"4 1/4""",189.0,229.0,UR0B39C
2026-08-23,Head,Head Prestige Pro Racquet,Grade C,"4 3/8""",159.0,269.0,URD0E05B
2026-08-23,Head,Head Prestige Tour Racquet,Grade B,"4 1/2""",199.0,269.0,UR0C03A
2026-08-23,Head,Head Prestige MP L Racquet,Grade B,"4 1/4""",189.0,259.0,UR0B27F
2026-08-23,Head,Head Prestige MP L Racquet,Grade A,"4 3/8""",209.0,259.0,UR8A01D
2026-08-23,Head,Head Prestige MP L Racquet,Grade B,"4 3/8""",189.0,259.0,UR0B29B
2026-08-23,Head,Head Prestige MP L Racquet,Grade B,"4 3/8""",189.0,259.0,URD0D11E
2026-08-23,Head,Head PWR 110 Racquet,Grade A,"4 1/8""",159.0,199.0,UR0C05C
2026-08-23,Yonex,Yonex Muse 98 Racquet,Grade B,"4 3/8""",249.0,305.0,UR0B31D
2026-08-23,Yonex,Yonex Muse 100 Racquet,Grade B,"4 1/8""",249.0,305.0,UR0B35D
2026-08-23,Yonex,Yonex Muse 100L Racquet,Grade B,"4 1/8""",249.0,305.0,UR0B29D
2026-08-23,Yonex,Yonex EZONE 98 (2025) Racquet,Grade C,"4 3/8""",219.0,305.0,UR8B06E
2026-08-23,Yonex,Yonex EZONE 98 (2025) Racquet,Grade C,"4 3/8""",219.0,305.0,UR8B12E
2026-08-23,Yonex,Yonex EZONE 98+ (2025) Racquet,Grade C,"4 1/4""",229.0,305.0,UR0B29F
2026-08-23,Yonex,Yonex EZONE 98+ (2025) Racquet,Grade C,"4 3/8""",219.0,305.0,UR8B19D
2026-08-23,Yonex,Yonex EZONE 98+ (2025) Racquet,Grade C,"4 3/8""",219.0,305.0,UR8B20D
2026-08-23,Yonex,Yonex Percept 97D Racquet,Grade B,"4 3/8""",249.0,305.0,URD0E03C
2026-08-23,Tecnifibre,Tecnifibre TFight 305S Racquet,Grade B,"4 1/4""",229.0,279.0,URD0E03D
2026-08-23,Tecnifibre,Tecnifibre TFight 305S Racquet,Grade C,"4 3/8""",189.0,279.0,UR8B19E
2026-08-23,Tecnifibre,Tecnifibre TFight 305S Racquet,Grade C,"4 3/8""",189.0,279.0,UR8B18C
2026-08-23,Tecnifibre,Tecnifibre TFight 305S Racquet,Grade C,"4 1/2""",229.0,279.0,UR0C39A
2026-08-23,Tecnifibre,Tecnifibre TFight 315S Racquet,Grade B,"4 1/4""",199.0,279.0,UR0C03B
2026-08-23,Tecnifibre,Tecnifibre TFight 300 Racquet,Grade B,"4 1/2""",189.0,269.0,UR0B25C
2026-08-23,Tecnifibre,Tecnifibre Fire 285 Racquet,Grade A,"4 3/8""",209.0,249.0,UR0C23B
2026-08-23,Tecnifibre,Tecnifibre Fire 285 Racquet,Grade B,"4 3/8""",199.0,249.0,UR0B27B
2026-08-23,Tecnifibre,Tecnifibre Fire 260 OS Racquet,Grade A,"4 1/4""",209.0,249.0,UR0C01E
2026-08-23,Tecnifibre,Tecnifibre TF40 315g (16x19) Racquet 2024,Grade A,"4 1/4""",239.0,279.0,UR0C01F
2026-08-23,Tecnifibre,Tecnifibre TF40 315g (16x19) Racquet 2024,Grade A,"4 3/8""",239.0,279.0,UR0C05A
2026-08-23,Tecnifibre,Tecnifibre TF40 315g (16x19) Racquet 2024,Grade B,"4 3/8""",229.0,279.0,UR0B35F
2026-08-23,Tecnifibre,Tecnifibre TF40 305g (16x19) Racquet 2024,Grade A,"4 1/2""",159.0,279.0,URD0D07E
2026-08-23,Tecnifibre,Tecnifibre TF40 305g (16x19) Racquet 2024,Grade A,"4 1/2""",159.0,279.0,UR0C25E
2026-08-23,Tecnifibre,Tecnifibre TF40 290g (16x19) Racquet 2024,Grade B,"4 1/4""",209.0,249.0,UR0C07C
2026-08-23,Tecnifibre,Tecnifibre TF40 290g (16x19) Racquet 2024,Grade B,"4 3/8""",199.0,249.0,UR0C03C
2026-08-24,Wilson,Wilson Blade 98 16x19 v10 US Open Racquet 2026,Grade A,,259.0,299.0,UR0B21D
2026-08-24,Wilson,Wilson Blade Pro 100 v10 Racquet,Grade C,"4 1/4""",229.0,299.0,UR0C11E
2026-08-24,Wilson,Wilson Blade Pro 100 v10 Racquet,Grade B,"4 3/8""",249.0,299.0,UR0B23E
2026-08-24,Wilson,Wilson Blade Pro 100 v10 Racquet,Grade B,"4 1/2""",249.0,299.0,URD0E01B
2026-08-24,Wilson,Wilson Blade 100 v10 Racquet,Grade B,"4 1/4""",249.0,299.0,UR0C25D
2026-08-24,Wilson,Wilson Blade 98 16x19 v9 Racquet,Grade B,"4 1/2""",189.0,249.0,UR8B04D
2026-08-24,Wilson,Wilson Blade 98S v9 Racquet,Grade A,"4 1/8""",209.0,249.0,UR8A15A
2026-08-24,Wilson,Wilson Blade 98S v9 Racquet,Grade A,"4 1/8""",209.0,249.0,UR8A11A
2026-08-24,Wilson,Wilson Blade 100 v9 Racquet,Grade B,"4 1/4""",199.0,249.0,UR0B21C
2026-08-24,Wilson,Wilson Blade 104 v9 Racquet,Grade B,"4 1/4""",199.0,249.0,UR8B15D
2026-08-24,Wilson,Wilson Blade 104 v9 Racquet,Grade C,"4 1/4""",179.0,249.0,UR0C05F
2026-08-24,Wilson,Wilson Blade 104 v9 Racquet,Grade B,"4 3/8""",199.0,249.0,UR8A15C
2026-08-24,Wilson,Wilson RF 01 Pro Racquet,Grade A,"4 1/4""",269.0,349.0,UR0C27A
2026-08-24,Wilson,Wilson RF 01 Pro Racquet,Grade B,"4 3/8""",259.0,349.0,UR0C17C
2026-08-24,Wilson,Wilson RF 01 Pro Racquet,Grade B,"4 1/2""",259.0,349.0,UR0C29A
2026-08-24,Wilson,Wilson RF 01 Pro Racquet,Grade B,"4 1/2""",259.0,349.0,UR8A17B
2026-08-24,Wilson,Wilson RF 01 Pro Racquet,Grade B,"4 1/2""",259.0,349.0,UR8A18A
2026-08-24,Wilson,Wilson RF 01 Pro Racquet,Grade B,"4 1/2""",259.0,349.0,UR8A05G
2026-08-24,Wilson,Wilson RF 01 Racquet,Grade B,"4 1/8""",249.0,329.0,UR8A20E
2026-08-24,Wilson,Wilson RF 01 Racquet,Grade B,"4 1/4""",249.0,329.0,UR8A13D
2026-08-24,Wilson,Wilson RF 01 Racquet,Grade A,"4 3/8""",259.0,329.0,UR0C25F
2026-08-24,Wilson,Wilson RF 01 Racquet,Grade A,"4 3/8""",259.0,329.0,UR8A10F
2026-08-24,Wilson,Wilson RF 01 Racquet,Grade B,"4 3/8""",249.0,329.0,UR8B14G
2026-08-24,Wilson,Wilson RF 01 Racquet,Grade B,"4 3/8""",249.0,329.0,UR8A03G
2026-08-24,Wilson,Wilson RF 01 Future Racquet,Grade B,"4 1/4""",229.0,309.0,UR8B12D
2026-08-24,Wilson,Wilson Blade Pro 98 16x19 v10 Racquet,Grade B,"4 3/8""",249.0,299.0,UR0C11B
2026-08-24,Wilson,Wilson Blade Pro 98 16x19 v9 Racquet,Grade B,"4 1/2""",189.0,269.0,UR8B05B
2026-08-24,Wilson,Wilson Blade Pro 98 16x19 v9 Racquet,Grade C,"4 1/2""",179.0,269.0,UR0C17D
2026-08-24,Wilson,Wilson Blade Pro 98 16x19 v9 Racquet,Grade C,"4 1/2""",179.0,269.0,UR0C17B
2026-08-24,Wilson,Wilson Blade Pro 98 16x19 v9 Racquet,Grade C,"4 1/2""",179.0,269.0,UR0C17F
2026-08-24,Wilson,Wilson Blade Pro 98 18x20 v9 Racquet,Grade B,"4 3/8""",189.0,269.0,UR8A02B
2026-08-24,Wilson,Wilson Blade Pro 98 18x20 v9 Racquet,Grade B,"4 3/8""",189.0,269.0,UR8A02C
2026-08-24,Wilson,Wilson Pro Staff Six.One 95 v14 Racquet,Grade C,"4 1/2""",199.0,219.0,UR0B39B
2026-08-24,Wilson,Wilson Ultra 99 Pro v5 Racquet,Grade B,"4 1/4""",229.0,299.0,UR8A06A
2026-08-24,Wilson,Wilson Ultra 99 Pro v5 Racquet,Grade B,"4 3/8""",229.0,299.0,UR8A17G
2026-08-24,Wilson,Wilson Clash 100 v3 Racquet,Grade B,"4 1/2""",229.0,299.0,URD0D07C
2026-08-24,Wilson,Wilson Clash 100L v3 Racquet,Grade B,"4 1/8""",219.0,289.0,UR8A08F
2026-08-24,Wilson,Wilson Clash 100L v3 Racquet,Grade C,"4 1/4""",199.0,289.0,UR8B13F
2026-08-24,Wilson,Wilson Clash 108 v3 Racquet,Grade B,"4 3/8""",209.0,299.0,UR0C23C
2026-08-24,Wilson,Wilson Clash 108 v3 Racquet,Grade B,"4 1/2""",209.0,299.0,UR8A12E
2026-08-24,Wilson,Wilson Clash 108 v3 Racquet,Grade B,"4 1/2""",209.0,299.0,UR0C03F
2026-08-24,Wilson,Wilson Pro Staff 97 Classic Racquet,Grade B,"4 1/8""",249.0,299.0,UR0C27C
2026-08-24,Wilson,Wilson Ultra 100 v5 Racquet,Grade B,"4 1/8""",229.0,299.0,UR8B08F
2026-08-24,Wilson,Wilson Ultra 100 v5 Racquet,Grade A,"4 1/4""",239.0,299.0,UR8A05B
2026-08-24,Wilson,Wilson Ultra 100UL v5 Racquet,Grade B,"4 3/8""",209.0,279.0,UR0B25F
2026-08-24,Wilson,Wilson Ultra 111 v5 Racquet,Grade A,"4 3/8""",229.0,289.0,UR8A03A
2026-08-24,Wilson,Wilson Ultra 111 v5 Racquet,Grade A,"4 3/8""",229.0,289.0,UR8A07E
2026-08-24,Wilson,Wilson Ultra 111 v5 Racquet,Grade A,"4 3/8""",229.0,289.0,UR8A03F
2026-08-24,Wilson,Wilson Triad Three Racquet,Grade B,"4 1/4""",219.0,269.0,UR0C01B
2026-08-24,Head,Head Speed Tour 2026 Racquet,Grade A,"4 1/4""",209.0,269.0,UR0C19C
2026-08-24,Head,Head Speed Tour 2026 Racquet,Grade B,"4 3/8""",199.0,269.0,UR0C07F
2026-08-24,Head,Head Speed Tour 2026 Racquet,Grade C,"4 3/8""",189.0,269.0,UR0C35E
2026-08-24,Head,Head Speed Pro 2026 Racquet,Grade A,"4 1/2""",229.0,269.0,URD0E01E
2026-08-24,Head,Head Speed Team 2026 Racquet,Grade A,"4""",189.0,239.0,UR0B23B
2026-08-24,Head,Head Speed Team 2026 Racquet,Grade A,"4 1/4""",189.0,239.0,UR8B11G
2026-08-24,Head,Head Speed MP L 2026 Racquet,Grade A,"4 1/4""",199.0,249.0,UR8A13C
2026-08-24,Head,Head Speed Pro Legend 2025 Racquet,Grade C,"4 1/4""",199.0,269.0,UR0C29C
2026-08-24,Head,Head Extreme Pro 2024 Racquet,Grade B,"4 1/2""",219.0,199.0,UR0C15A
2026-08-24,Head,Head Extreme Tour Racquet,Grade A,"4 5/8""",159.0,159.0,UR0C15F
2026-08-24,Head,Head Extreme Team Racquet,Grade C,"4 1/4""",119.0,179.0,UR0C29F
2026-08-24,Head,Head Boom MP 2026 Racquet,Grade A,"4 3/8""",219.0,259.0,UR0C03E
2026-08-24,Head,Head Boom Pro Racquet,Grade B,"4 1/2""",139.0,159.0,UR0B37C
2026-08-24,Head,Head Gravity Pro 2025 Racquet,Grade B,"4 1/4""",199.0,269.0,UR0C07D
2026-08-24,Head,Head Gravity Pro 2025 Racquet,Grade B,"4 1/4""",199.0,269.0,UR0C09A
2026-08-24,Head,Head Gravity Pro 2025 Racquet,Grade B,"4 1/4""",199.0,269.0,UR0C25A
2026-08-24,Head,Head Gravity Pro 2025 Racquet,Grade B,"4 1/4""",199.0,269.0,UR0C29D
2026-08-24,Head,Head Gravity Pro 2025 Racquet,Grade C,"4 1/4""",179.0,269.0,UR0B37E
2026-08-24,Head,Head Gravity Pro 2025 Racquet,Grade B,"4 3/8""",199.0,269.0,URD0D03D
2026-08-24,Head,Head Gravity Pro 2025 Racquet,Grade B,"4 3/8""",199.0,269.0,URD0D05C
2026-08-24,Head,Head Gravity Pro 2025 Racquet,Grade B,"4 1/2""",199.0,269.0,UR0C31F
2026-08-24,Head,Head Gravity Pro 2025 Racquet,Grade B,"4 1/2""",199.0,269.0,UR8A04G
2026-08-24,Head,Head Gravity Tour 2025 Racquet,Grade B,"4 3/8""",209.0,269.0,URD0D01E
2026-08-24,Head,Head Gravity Tour 2025 Racquet,Grade B,"4 1/2""",209.0,269.0,UR0C29B
2026-08-24,Head,Head Gravity MP 2025 Racquet,Grade A,"4 1/4""",209.0,259.0,UR8B08G
2026-08-24,Head,Head Gravity MP 2025 Racquet,Grade A,"4 1/4""",209.0,259.0,UR8B18G
2026-08-24,Head,Head Gravity MP 2025 Racquet,Grade B,"4 1/4""",199.0,259.0,UR0B27A
2026-08-24,Head,Head Gravity MP 2025 Racquet,Grade B,"4 3/8""",199.0,259.0,URD0E01D
2026-08-24,Head,Head Gravity MP L 2025 Racquet,Grade A,"4 1/4""",199.0,239.0,UR8A01C
2026-08-24,Head,Head Gravity MP L 2025 Racquet,Grade A,"4 1/4""",199.0,239.0,UR8A04C
2026-08-24,Head,Head Gravity Team 2025 Racquet,Grade C,"4 1/4""",169.0,229.0,UR8B01G
2026-08-24,Head,Head Gravity Team 2025 Racquet,Grade A,"4 3/8""",189.0,229.0,UR8B20C
2026-08-24,Head,Head Gravity Team 2025 Racquet,Grade A,"4 3/8""",189.0,229.0,UR8B01D
2026-08-24,Head,Head Gravity Team 2025 Racquet,Grade C,"4 3/8""",169.0,229.0,URD0D09B
2026-08-24,Head,Head Radical Pro 2025 Racquet,Grade B,"4 1/4""",219.0,269.0,UR0C31E
2026-08-24,Head,Head Radical Pro 2025 Racquet,Grade B,"4 1/2""",219.0,269.0,UR0B25E
2026-08-24,Head,Head Radical Team 2025 Racquet,Grade B,"4 1/4""",189.0,229.0,UR0B39C
2026-08-24,Head,Head Prestige Pro Racquet,Grade C,"4 3/8""",159.0,269.0,URD0E05B
2026-08-24,Head,Head Prestige Tour Racquet,Grade B,"4 1/2""",199.0,269.0,UR0C03A
2026-08-24,Head,Head Prestige MP L Racquet,Grade B,"4 1/4""",189.0,259.0,UR0B27F
2026-08-24,Head,Head Prestige MP L Racquet,Grade A,"4 3/8""",209.0,259.0,UR8A01D
2026-08-24,Head,Head Prestige MP L Racquet,Grade B,"4 3/8""",189.0,259.0,UR0B29B
2026-08-24,Head,Head Prestige MP L Racquet,Grade B,"4 3/8""",189.0,259.0,URD0D11E
2026-08-24,Head,Head PWR 110 Racquet,Grade A,"4 1/8""",159.0,199.0,UR0C05C
2026-08-24,Yonex,Yonex Muse 98 Racquet,Grade B,"4 3/8""",249.0,305.0,UR0B31D
2026-08-24,Yonex,Yonex Muse 100 Racquet,Grade B,"4 1/8""",249.0,305.0,UR0B35D
2026-08-24,Yonex,Yonex Muse 100L Racquet,Grade B,"4 1/8""",249.0,305.0,UR0B29D
2026-08-24,Yonex,Yonex EZONE 98+ (2025) Racquet,Grade C,"4 1/4""",229.0,305.0,UR0B29F
2026-08-24,Yonex,Yonex EZONE 98+ (2025) Racquet,Grade C,"4 3/8""",219.0,305.0,UR8B19D
2026-08-24,Yonex,Yonex EZONE 98+ (2025) Racquet,Grade C,"4 3/8""",219.0,305.0,UR8B20D
2026-08-24,Yonex,Yonex Percept 97D Racquet,Grade B,"4 3/8""",249.0,305.0,URD0E03C
2026-08-24,Tecnifibre,Tecnifibre TFight 305S Racquet,Grade B,"4 1/4""",229.0,279.0,URD0E03D
2026-08-24,Tecnifibre,Tecnifibre TFight 305S Racquet,Grade C,"4 3/8""",189.0,279.0,UR8B19E
2026-08-24,Tecnifibre,Tecnifibre TFight 305S Racquet,Grade C,"4 3/8""",189.0,279.0,UR8B18C
2026-08-24,Tecnifibre,Tecnifibre TFight 305S Racquet,Grade C,"4 1/2""",229.0,279.0,UR0C39A
2026-08-24,Tecnifibre,Tecnifibre TFight 315S Racquet,Grade B,"4 1/4""",199.0,279.0,UR0C03B
2026-08-24,Tecnifibre,Tecnifibre TFight 300 Racquet,Grade B,"4 1/2""",189.0,269.0,UR0B25C
2026-08-24,Tecnifibre,Tecnifibre Fire 285 Racquet,Grade A,"4 3/8""",209.0,249.0,UR0C23B
2026-08-24,Tecnifibre,Tecnifibre Fire 285 Racquet,Grade B,"4 3/8""",199.0,249.0,UR0B27B
2026-08-24,Tecnifibre,Tecnifibre Fire 260 OS Racquet,Grade A,"4 1/4""",209.0,249.0,UR0C01E
2026-08-24,Tecnifibre,Tecnifibre TF40 315g (16x19) Racquet 2024,Grade A,"4 1/4""",239.0,279.0,UR0C01F
2026-08-24,Tecnifibre,Tecnifibre TF40 315g (16x19) Racquet 2024,Grade A,"4 3/8""",239.0,279.0,UR0C05A
2026-08-24,Tecnifibre,Tecnifibre TF40 315g (16x19) Racquet 2024,Grade B,"4 3/8""",229.0,279.0,UR0B35F
2026-08-24,Tecnifibre,Tecnifibre TF40 305g (16x19) Racquet 2024,Grade A,"4 1/2""",159.0,279.0,URD0D07E
2026-08-24,Tecnifibre,Tecnifibre TF40 305g (16x19) Racquet 2024,Grade A,"4 1/2""",159.0,279.0,UR0C25E
2026-08-24,Tecnifibre,Tecnifibre TF40 290g (16x19) Racquet 2024,Grade B,"4 1/4""",209.0,249.0,UR0C07C
2026-08-24,Tecnifibre,Tecnifibre TF40 290g (16x19) Racquet 2024,Grade B,"4 3/8""",199.0,249.0,UR0C03C
2026-08-24,Head,Head Radical MP 2023 Racquet,Grade B,"4 3/8""",119.0,169.0,UR0C05D
2026-08-24,Head,Head Radical MP 2023 Racquet,Grade C,"4 3/8""",109.0,169.0,UR0C31A
2026-08-25,Wilson,Wilson Blade 98 16x19 v10 US Open Racquet 2026,Grade A,,259.0,299.0,UR0B21D
2026-08-25,Wilson,Wilson Blade Pro 100 v10 Racquet,Grade C,"4 1/4""",229.0,299.0,UR0C11E
2026-08-25,Wilson,Wilson Blade Pro 100 v10 Racquet,Grade B,"4 3/8""",249.0,299.0,UR0B23E
2026-08-25,Wilson,Wilson Blade Pro 100 v10 Racquet,Grade B,"4 1/2""",249.0,299.0,URD0E01B
2026-08-25,Wilson,Wilson Blade 100 v10 Racquet,Grade B,"4 1/4""",249.0,299.0,UR0C25D
2026-08-25,Wilson,Wilson Blade 98S v9 Racquet,Grade A,"4 1/8""",209.0,249.0,UR8A15A
2026-08-25,Wilson,Wilson Blade 98S v9 Racquet,Grade A,"4 1/8""",209.0,249.0,UR8A11A
2026-08-25,Wilson,Wilson Blade 100 v9 Racquet,Grade B,"4 1/4""",199.0,249.0,UR0B21C
2026-08-25,Wilson,Wilson Blade 104 v9 Racquet,Grade B,"4 1/4""",199.0,249.0,UR8B15D
2026-08-25,Wilson,Wilson Blade 104 v9 Racquet,Grade C,"4 1/4""",179.0,249.0,UR0C05F
2026-08-25,Wilson,Wilson Blade 104 v9 Racquet,Grade B,"4 3/8""",199.0,249.0,UR8A15C
2026-08-25,Wilson,Wilson RF 01 Pro Racquet,Grade A,"4 1/4""",269.0,349.0,UR0C27A
2026-08-25,Wilson,Wilson RF 01 Pro Racquet,Grade B,"4 3/8""",259.0,349.0,UR0C17C
2026-08-25,Wilson,Wilson RF 01 Pro Racquet,Grade B,"4 1/2""",259.0,349.0,UR0C29A
2026-08-25,Wilson,Wilson RF 01 Pro Racquet,Grade B,"4 1/2""",259.0,349.0,UR8A17B
2026-08-25,Wilson,Wilson RF 01 Pro Racquet,Grade B,"4 1/2""",259.0,349.0,UR8A18A
2026-08-25,Wilson,Wilson RF 01 Pro Racquet,Grade B,"4 1/2""",259.0,349.0,UR8A05G
2026-08-25,Wilson,Wilson RF 01 Racquet,Grade B,"4 1/8""",249.0,329.0,UR8A20E
2026-08-25,Wilson,Wilson RF 01 Racquet,Grade B,"4 1/4""",249.0,329.0,UR8A13D
2026-08-25,Wilson,Wilson RF 01 Racquet,Grade A,"4 3/8""",259.0,329.0,UR0C25F
2026-08-25,Wilson,Wilson RF 01 Racquet,Grade A,"4 3/8""",259.0,329.0,UR8A10F
2026-08-25,Wilson,Wilson RF 01 Racquet,Grade B,"4 3/8""",249.0,329.0,UR8B14G
2026-08-25,Wilson,Wilson RF 01 Racquet,Grade B,"4 3/8""",249.0,329.0,UR8A03G
2026-08-25,Wilson,Wilson RF 01 Future Racquet,Grade B,"4 1/4""",229.0,309.0,UR8B12D
2026-08-25,Wilson,Wilson Blade Pro 98 16x19 v9 Racquet,Grade C,"4 1/2""",179.0,269.0,UR0C17B
2026-08-25,Wilson,Wilson Blade Pro 98 16x19 v9 Racquet,Grade C,"4 1/2""",179.0,269.0,UR0C17F
2026-08-25,Wilson,Wilson Blade Pro 98 18x20 v9 Racquet,Grade B,"4 3/8""",189.0,269.0,UR8A02B
2026-08-25,Wilson,Wilson Pro Staff Six.One 95 v14 Racquet,Grade C,"4 1/2""",199.0,219.0,UR0B39B
2026-08-25,Wilson,Wilson Ultra 99 Pro v5 Racquet,Grade B,"4 1/4""",229.0,299.0,UR8A06A
2026-08-25,Wilson,Wilson Ultra 99 Pro v5 Racquet,Grade B,"4 3/8""",229.0,299.0,UR8A17G
2026-08-25,Wilson,Wilson Clash 100 v3 Racquet,Grade B,"4 1/2""",229.0,299.0,URD0D07C
2026-08-25,Wilson,Wilson Clash 100L v3 Racquet,Grade B,"4 1/8""",219.0,289.0,UR8A08F
2026-08-25,Wilson,Wilson Clash 100L v3 Racquet,Grade C,"4 1/4""",199.0,289.0,UR8B13F
2026-08-25,Wilson,Wilson Clash 108 v3 Racquet,Grade B,"4 3/8""",209.0,299.0,UR0C23C
2026-08-25,Wilson,Wilson Clash 108 v3 Racquet,Grade B,"4 1/2""",209.0,299.0,UR8A12E
2026-08-25,Wilson,Wilson Clash 108 v3 Racquet,Grade B,"4 1/2""",209.0,299.0,UR0C03F
2026-08-25,Wilson,Wilson Pro Staff 97 Classic Racquet,Grade B,"4 1/8""",249.0,299.0,UR0C27C
2026-08-25,Wilson,Wilson Ultra 100 v5 Racquet,Grade B,"4 1/8""",229.0,299.0,UR8B08F
2026-08-25,Wilson,Wilson Ultra 100 v5 Racquet,Grade A,"4 1/4""",239.0,299.0,UR8A05B
2026-08-25,Wilson,Wilson Ultra 100UL v5 Racquet,Grade B,"4 3/8""",209.0,279.0,UR0B25F
2026-08-25,Wilson,Wilson Ultra 111 v5 Racquet,Grade A,"4 3/8""",229.0,289.0,UR8A03A
2026-08-25,Wilson,Wilson Ultra 111 v5 Racquet,Grade A,"4 3/8""",229.0,289.0,UR8A07E
2026-08-25,Wilson,Wilson Ultra 111 v5 Racquet,Grade A,"4 3/8""",229.0,289.0,UR8A03F
2026-08-25,Wilson,Wilson Triad Three Racquet,Grade B,"4 1/4""",219.0,269.0,UR0C01B
2026-08-25,Head,Head Speed Tour 2026 Racquet,Grade B,"4 3/8""",199.0,269.0,UR0C07F
2026-08-25,Head,Head Speed Tour 2026 Racquet,Grade C,"4 3/8""",189.0,269.0,UR0C35E
2026-08-25,Head,Head Speed Pro 2026 Racquet,Grade A,"4 1/2""",229.0,269.0,URD0E01E
2026-08-25,Head,Head Speed Team 2026 Racquet,Grade A,"4""",189.0,239.0,UR0B23B
2026-08-25,Head,Head Speed Team 2026 Racquet,Grade A,"4 1/4""",189.0,239.0,UR8B11G
2026-08-25,Head,Head Speed MP L 2026 Racquet,Grade A,"4 1/4""",199.0,249.0,UR8A13C
2026-08-25,Head,Head Speed Pro Legend 2025 Racquet,Grade C,"4 1/4""",199.0,269.0,UR0C29C
2026-08-25,Head,Head Extreme Pro 2024 Racquet,Grade B,"4 1/2""",219.0,199.0,UR0C15A
2026-08-25,Head,Head Extreme Tour Racquet,Grade A,"4 5/8""",159.0,159.0,UR0C15F
2026-08-25,Head,Head Extreme Team Racquet,Grade C,"4 1/4""",119.0,179.0,UR0C29F
2026-08-25,Head,Head Boom MP 2026 Racquet,Grade A,"4 3/8""",219.0,259.0,UR0C03E
2026-08-25,Head,Head Boom Pro Racquet,Grade B,"4 1/2""",139.0,159.0,UR0B37C
2026-08-25,Head,Head Gravity Pro 2025 Racquet,Grade B,"4 1/4""",199.0,269.0,UR0C07D
2026-08-25,Head,Head Gravity Pro 2025 Racquet,Grade B,"4 1/4""",199.0,269.0,UR0C09A
2026-08-25,Head,Head Gravity Pro 2025 Racquet,Grade B,"4 1/4""",199.0,269.0,UR0C25A
2026-08-25,Head,Head Gravity Pro 2025 Racquet,Grade B,"4 1/4""",199.0,269.0,UR0C29D
2026-08-25,Head,Head Gravity Pro 2025 Racquet,Grade C,"4 1/4""",179.0,269.0,UR0B37E
2026-08-25,Head,Head Gravity Pro 2025 Racquet,Grade B,"4 3/8""",199.0,269.0,URD0D03D
2026-08-25,Head,Head Gravity Pro 2025 Racquet,Grade B,"4 3/8""",199.0,269.0,URD0D05C
2026-08-25,Head,Head Gravity Pro 2025 Racquet,Grade B,"4 1/2""",199.0,269.0,UR0C31F
2026-08-25,Head,Head Gravity Pro 2025 Racquet,Grade B,"4 1/2""",199.0,269.0,UR8A04G
2026-08-25,Head,Head Gravity Tour 2025 Racquet,Grade B,"4 3/8""",209.0,269.0,URD0D01E
2026-08-25,Head,Head Gravity Tour 2025 Racquet,Grade B,"4 1/2""",209.0,269.0,UR0C29B
2026-08-25,Head,Head Gravity MP 2025 Racquet,Grade A,"4 1/4""",209.0,259.0,UR8B08G
2026-08-25,Head,Head Gravity MP 2025 Racquet,Grade A,"4 1/4""",209.0,259.0,UR8B18G
2026-08-25,Head,Head Gravity MP 2025 Racquet,Grade B,"4 1/4""",199.0,259.0,UR0B27A
2026-08-25,Head,Head Gravity MP 2025 Racquet,Grade B,"4 3/8""",199.0,259.0,URD0E01D
2026-08-25,Head,Head Gravity MP L 2025 Racquet,Grade A,"4 1/4""",199.0,239.0,UR8A01C
2026-08-25,Head,Head Gravity MP L 2025 Racquet,Grade A,"4 1/4""",199.0,239.0,UR8A04C
2026-08-25,Head,Head Gravity Team 2025 Racquet,Grade C,"4 1/4""",169.0,229.0,UR8B01G
2026-08-25,Head,Head Gravity Team 2025 Racquet,Grade A,"4 3/8""",189.0,229.0,UR8B20C
2026-08-25,Head,Head Gravity Team 2025 Racquet,Grade A,"4 3/8""",189.0,229.0,UR8B01D
2026-08-25,Head,Head Gravity Team 2025 Racquet,Grade C,"4 3/8""",169.0,229.0,URD0D09B
2026-08-25,Head,Head Radical Pro 2025 Racquet,Grade B,"4 1/4""",219.0,269.0,UR0C31E
2026-08-25,Head,Head Radical Pro 2025 Racquet,Grade B,"4 1/2""",219.0,269.0,UR0B25E
2026-08-25,Head,Head Radical Team 2025 Racquet,Grade B,"4 1/4""",189.0,229.0,UR0B39C
2026-08-25,Head,Head Radical MP 2023 Racquet,Grade B,"4 3/8""",119.0,169.0,UR0C05D
2026-08-25,Head,Head Radical MP 2023 Racquet,Grade C,"4 3/8""",109.0,169.0,UR0C31A
2026-08-25,Head,Head Prestige Pro Racquet,Grade C,"4 3/8""",159.0,269.0,URD0E05B
2026-08-25,Head,Head Prestige Tour Racquet,Grade B,"4 1/2""",199.0,269.0,UR0C03A
2026-08-25,Head,Head Prestige MP L Racquet,Grade B,"4 1/4""",189.0,259.0,UR0B27F
2026-08-25,Head,Head Prestige MP L Racquet,Grade A,"4 3/8""",209.0,259.0,UR8A01D
2026-08-25,Head,Head Prestige MP L Racquet,Grade B,"4 3/8""",189.0,259.0,UR0B29B
2026-08-25,Head,Head Prestige MP L Racquet,Grade B,"4 3/8""",189.0,259.0,URD0D11E
2026-08-25,Head,Head PWR 110 Racquet,Grade A,"4 1/8""",159.0,199.0,UR0C05C
2026-08-25,Yonex,Yonex Muse 98 Racquet,Grade B,"4 3/8""",249.0,305.0,UR0B31D
2026-08-25,Yonex,Yonex Muse 100 Racquet,Grade B,"4 1/8""",249.0,305.0,UR0B35D
2026-08-25,Yonex,Yonex Muse 100L Racquet,Grade B,"4 1/8""",249.0,305.0,UR0B29D
2026-08-25,Yonex,Yonex EZONE 98+ (2025) Racquet,Grade C,"4 1/4""",229.0,305.0,UR0B29F
2026-08-25,Yonex,Yonex EZONE 98+ (2025) Racquet,Grade C,"4 3/8""",219.0,305.0,UR8B19D
2026-08-25,Yonex,Yonex EZONE 98+ (2025) Racquet,Grade C,"4 3/8""",219.0,305.0,UR8B20D
2026-08-25,Yonex,Yonex Percept 97D Racquet,Grade B,"4 3/8""",249.0,305.0,URD0E03C
2026-08-25,Tecnifibre,Tecnifibre TFight 305S Racquet,Grade B,"4 1/4""",229.0,279.0,URD0E03D
2026-08-25,Tecnifibre,Tecnifibre TFight 305S Racquet,Grade C,"4 3/8""",189.0,279.0,UR8B19E
2026-08-25,Tecnifibre,Tecnifibre TFight 305S Racquet,Grade C,"4 3/8""",189.0,279.0,UR8B18C
2026-08-25,Tecnifibre,Tecnifibre TFight 305S Racquet,Grade C,"4 1/2""",229.0,279.0,UR0C39A
2026-08-25,Tecnifibre,Tecnifibre TFight 315S Racquet,Grade B,"4 1/4""",199.0,279.0,UR0C03B
2026-08-25,Tecnifibre,Tecnifibre TFight 300 Racquet,Grade B,"4 1/2""",189.0,269.0,UR0B25C
2026-08-25,Tecnifibre,Tecnifibre Fire 285 Racquet,Grade A,"4 3/8""",209.0,249.0,UR0C23B
2026-08-25,Tecnifibre,Tecnifibre Fire 285 Racquet,Grade B,"4 3/8""",199.0,249.0,UR0B27B
2026-08-25,Tecnifibre,Tecnifibre Fire 260 OS Racquet,Grade A,"4 1/4""",209.0,249.0,UR0C01E
2026-08-25,Tecnifibre,Tecnifibre TF40 315g (16x19) Racquet 2024,Grade A,"4 1/4""",239.0,279.0,UR0C01F
2026-08-25,Tecnifibre,Tecnifibre TF40 315g (16x19) Racquet 2024,Grade A,"4 3/8""",239.0,279.0,UR0C05A
2026-08-25,Tecnifibre,Tecnifibre TF40 315g (16x19) Racquet 2024,Grade B,"4 3/8""",229.0,279.0,UR0B35F
2026-08-25,Tecnifibre,Tecnifibre TF40 305g (16x19) Racquet 2024,Grade A,"4 1/2""",159.0,279.0,URD0D07E
2026-08-25,Tecnifibre,Tecnifibre TF40 305g (16x19) Racquet 2024,Grade A,"4 1/2""",159.0,279.0,UR0C25E
2026-08-25,Tecnifibre,Tecnifibre TF40 290g (16x19) Racquet 2024,Grade B,"4 1/4""",209.0,249.0,UR0C07C
2026-08-25,Tecnifibre,Tecnifibre TF40 290g (16x19) Racquet 2024,Grade B,"4 3/8""",199.0,249.0,UR0C03C
2026-08-25,Wilson,Wilson Clash 100L v3 Reverse Racquet,Grade B,"4 3/8""",219.0,289.0,UR8A11C
2026-08-25,Wilson,Wilson Blade 100L v10 Racquet,Grade A,"4 1/4""",249.0,289.0,UR0C19C
2026-08-25,Wilson,Wilson Blade 98 18x20 v9 Racquet,Grade A,"4 1/4""",199.0,249.0,UR0C13E
2026-08-25,Wilson,Wilson Ultra 100L v5 Racquet,Grade B,"4 3/8""",159.0,289.0,UR8B11A
2026-08-25,Head,Head Speed MP 2026 Racquet,Grade A,"4 3/8""",209.0,259.0,UR8A12A
2026-08-25,Head,Head Extreme Pro 2024 Racquet,Grade B,"4 1/2""",219.0,199.0,UR0C11F
2026-08-25,Head,Head Extreme MP Racquet,Grade B,"4 1/4""",149.0,199.0,UR8B13B
2026-08-25,Head,Head Boom MP 2024 Racquet,Grade A,"4 1/4""",119.0,159.0,UR0B27C
2026-08-25,Head,Head Instinct PWR 110 Racquet,Grade B,"4 1/8""",99.0,139.0,UR8B17B
2026-08-25,Yonex,Yonex Muse 98 Racquet,Grade B,"4 3/8""",239.0,305.0,UR0B31D
2026-08-25,Yonex,Yonex Muse 100 Racquet,Grade B,"4 1/8""",239.0,305.0,UR0B35D
2026-08-25,Yonex,Yonex Muse 100L Racquet,Grade B,"4 1/8""",239.0,305.0,UR0B29D
2026-08-25,Head,Head Boom MP 2024 Racquet,Grade A,"4 1/4""",119.0,159.0,UR8B04B
2026-08-25,Yonex,Yonex Muse 100 Racquet,Grade A,"4 1/8""",239.0,305.0,UR8B01B
2026-08-25,Yonex,Yonex VCORE 100 8th Gen Racquet,Grade B,"4 1/4""",239.0,305.0,UR8B12A
2026-08-25,Yonex,Yonex EZONE 100 (2025) Racquet,Grade B,"4 1/4""",229.0,305.0,UR8B15A
2026-08-26,Wilson,Wilson Blade Pro 100 v10 Racquet,Grade B,"4 3/8""",249.0,299.0,UR0B23E
2026-08-26,Wilson,Wilson Blade Pro 100 v10 Racquet,Grade B,"4 1/2""",249.0,299.0,URD0E01B
2026-08-26,Wilson,Wilson Blade 100 v10 Racquet,Grade B,"4 1/4""",249.0,299.0,UR0C25D
2026-08-26,Wilson,Wilson Blade 100L v10 Racquet,Grade A,"4 1/4""",249.0,289.0,UR0C19C
2026-08-26,Wilson,Wilson Blade 98 18x20 v9 Racquet,Grade A,"4 1/4""",199.0,249.0,UR0C13E
2026-08-26,Wilson,Wilson Blade 98S v9 Racquet,Grade A,"4 1/8""",209.0,249.0,UR8A15A
2026-08-26,Wilson,Wilson Blade 98S v9 Racquet,Grade A,"4 1/8""",209.0,249.0,UR8A11A
2026-08-26,Wilson,Wilson Blade 104 v9 Racquet,Grade B,"4 1/4""",199.0,249.0,UR8B15D
2026-08-26,Wilson,Wilson Blade 104 v9 Racquet,Grade B,"4 3/8""",199.0,249.0,UR8A15C
2026-08-26,Wilson,Wilson RF 01 Pro Racquet,Grade A,"4 1/4""",269.0,349.0,UR0C27A
2026-08-26,Wilson,Wilson RF 01 Pro Racquet,Grade B,"4 3/8""",259.0,349.0,UR0C17C
2026-08-26,Wilson,Wilson RF 01 Pro Racquet,Grade B,"4 1/2""",259.0,349.0,UR0C29A
2026-08-26,Wilson,Wilson RF 01 Pro Racquet,Grade B,"4 1/2""",259.0,349.0,UR8A17B
2026-08-26,Wilson,Wilson RF 01 Pro Racquet,Grade B,"4 1/2""",259.0,349.0,UR8A18A
2026-08-26,Wilson,Wilson RF 01 Pro Racquet,Grade B,"4 1/2""",259.0,349.0,UR8A05G
2026-08-26,Wilson,Wilson RF 01 Racquet,Grade B,"4 1/8""",249.0,329.0,UR8A20E
2026-08-26,Wilson,Wilson RF 01 Racquet,Grade A,"4 3/8""",259.0,329.0,UR0C25F
2026-08-26,Wilson,Wilson RF 01 Racquet,Grade A,"4 3/8""",259.0,329.0,UR8A10F
2026-08-26,Wilson,Wilson RF 01 Racquet,Grade B,"4 3/8""",249.0,329.0,UR8B14G
2026-08-26,Wilson,Wilson RF 01 Racquet,Grade B,"4 3/8""",249.0,329.0,UR8A03G
2026-08-26,Wilson,Wilson RF 01 Future Racquet,Grade B,"4 1/4""",229.0,309.0,UR8B12D
2026-08-26,Wilson,Wilson Blade Pro 98 16x19 v9 Racquet,Grade C,"4 1/2""",179.0,269.0,UR0C17B
2026-08-26,Wilson,Wilson Blade Pro 98 16x19 v9 Racquet,Grade C,"4 1/2""",179.0,269.0,UR0C17F
2026-08-26,Wilson,Wilson Pro Staff Six.One 95 v14 Racquet,Grade C,"4 1/2""",199.0,219.0,UR0B39B
2026-08-26,Wilson,Wilson Ultra 99 Pro v5 Racquet,Grade B,"4 1/4""",229.0,299.0,UR8A06A
2026-08-26,Wilson,Wilson Ultra 99 Pro v5 Racquet,Grade B,"4 3/8""",229.0,299.0,UR8A17G
2026-08-26,Wilson,Wilson Clash 100L v3 Racquet,Grade B,"4 1/8""",219.0,289.0,UR8A08F
2026-08-26,Wilson,Wilson Clash 100L v3 Racquet,Grade C,"4 1/4""",199.0,289.0,UR8B13F
2026-08-26,Wilson,Wilson Clash 100L v3 Reverse Racquet,Grade B,"4 3/8""",219.0,289.0,UR8A11C
2026-08-26,Wilson,Wilson Clash 108 v3 Racquet,Grade B,"4 3/8""",209.0,299.0,UR0C23C
2026-08-26,Wilson,Wilson Clash 108 v3 Racquet,Grade B,"4 1/2""",209.0,299.0,UR8A12E
2026-08-26,Wilson,Wilson Clash 108 v3 Racquet,Grade B,"4 1/2""",209.0,299.0,UR0C03F
2026-08-26,Wilson,Wilson Pro Staff 97 Classic Racquet,Grade B,"4 1/8""",249.0,299.0,UR0C27C
2026-08-26,Wilson,Wilson Ultra 100 v5 Racquet,Grade B,"4 1/8""",229.0,299.0,UR8B08F
2026-08-26,Wilson,Wilson Ultra 100 v5 Racquet,Grade A,"4 1/4""",239.0,299.0,UR8A05B
2026-08-26,Wilson,Wilson Ultra 100L v5 Racquet,Grade B,"4 3/8""",159.0,289.0,UR8B11A
2026-08-26,Wilson,Wilson Ultra 100UL v5 Racquet,Grade B,"4 3/8""",209.0,279.0,UR0B25F
2026-08-26,Wilson,Wilson Ultra 111 v5 Racquet,Grade A,"4 3/8""",229.0,289.0,UR8A03A
2026-08-26,Wilson,Wilson Ultra 111 v5 Racquet,Grade A,"4 3/8""",229.0,289.0,UR8A07E
2026-08-26,Wilson,Wilson Ultra 111 v5 Racquet,Grade A,"4 3/8""",229.0,289.0,UR8A03F
2026-08-26,Wilson,Wilson Triad Three Racquet,Grade B,"4 1/4""",219.0,269.0,UR0C01B
2026-08-26,Head,Head Speed Tour 2026 Racquet,Grade B,"4 3/8""",199.0,269.0,UR0C07F
2026-08-26,Head,Head Speed Tour 2026 Racquet,Grade C,"4 3/8""",189.0,269.0,UR0C35E
2026-08-26,Head,Head Speed MP 2026 Racquet,Grade A,"4 3/8""",209.0,259.0,UR8A12A
2026-08-26,Head,Head Speed Pro 2026 Racquet,Grade A,"4 1/2""",229.0,269.0,URD0E01E
2026-08-26,Head,Head Speed Team 2026 Racquet,Grade A,"4""",189.0,239.0,UR0B23B
2026-08-26,Head,Head Speed Team 2026 Racquet,Grade A,"4 1/4""",189.0,239.0,UR8B11G
2026-08-26,Head,Head Speed Pro Legend 2025 Racquet,Grade C,"4 1/4""",199.0,269.0,UR0C29C
2026-08-26,Head,Head Extreme Pro 2024 Racquet,Grade B,"4 1/2""",219.0,199.0,UR0C11F
2026-08-26,Head,Head Extreme Pro 2024 Racquet,Grade B,"4 1/2""",219.0,199.0,UR0C15A
2026-08-26,Head,Head Extreme MP Racquet,Grade B,"4 1/4""",149.0,199.0,UR8B13B
2026-08-26,Head,Head Extreme Tour Racquet,Grade A,"4 5/8""",159.0,159.0,UR0C15F
2026-08-26,Head,Head Extreme Team Racquet,Grade C,"4 1/4""",119.0,179.0,UR0C29F
2026-08-26,Head,Head Boom MP 2026 Racquet,Grade A,"4 3/8""",219.0,259.0,UR0C03E
2026-08-26,Head,Head Boom Pro Racquet,Grade B,"4 1/2""",139.0,159.0,UR0B37C
2026-08-26,Head,Head Gravity Pro 2025 Racquet,Grade B,"4 1/4""",199.0,269.0,UR0C07D
2026-08-26,Head,Head Gravity Pro 2025 Racquet,Grade B,"4 1/4""",199.0,269.0,UR0C09A
2026-08-26,Head,Head Gravity Pro 2025 Racquet,Grade B,"4 1/4""",199.0,269.0,UR0C25A
2026-08-26,Head,Head Gravity Pro 2025 Racquet,Grade B,"4 1/4""",199.0,269.0,UR0C29D
2026-08-26,Head,Head Gravity Pro 2025 Racquet,Grade C,"4 1/4""",179.0,269.0,UR0B37E
2026-08-26,Head,Head Gravity Pro 2025 Racquet,Grade B,"4 3/8""",199.0,269.0,URD0D05C
2026-08-26,Head,Head Gravity Pro 2025 Racquet,Grade B,"4 3/8""",199.0,269.0,URD0D03D
2026-08-26,Head,Head Gravity Pro 2025 Racquet,Grade B,"4 1/2""",199.0,269.0,UR0C31F
2026-08-26,Head,Head Gravity Pro 2025 Racquet,Grade B,"4 1/2""",199.0,269.0,UR8A04G
2026-08-26,Head,Head Gravity Tour 2025 Racquet,Grade B,"4 3/8""",209.0,269.0,URD0D01E
2026-08-26,Head,Head Gravity Tour 2025 Racquet,Grade B,"4 1/2""",209.0,269.0,UR0C29B
2026-08-26,Head,Head Gravity MP 2025 Racquet,Grade A,"4 1/4""",209.0,259.0,UR8B08G
2026-08-26,Head,Head Gravity MP 2025 Racquet,Grade A,"4 1/4""",209.0,259.0,UR8B18G
2026-08-26,Head,Head Gravity MP 2025 Racquet,Grade B,"4 1/4""",199.0,259.0,UR0B27A
2026-08-26,Head,Head Gravity MP 2025 Racquet,Grade B,"4 3/8""",199.0,259.0,URD0E01D
2026-08-26,Head,Head Gravity MP L 2025 Racquet,Grade A,"4 1/4""",199.0,239.0,UR8A01C
2026-08-26,Head,Head Gravity MP L 2025 Racquet,Grade A,"4 1/4""",199.0,239.0,UR8A04C
2026-08-26,Head,Head Gravity Team 2025 Racquet,Grade C,"4 1/4""",169.0,229.0,UR8B01G
2026-08-26,Head,Head Gravity Team 2025 Racquet,Grade A,"4 3/8""",189.0,229.0,UR8B20C
2026-08-26,Head,Head Gravity Team 2025 Racquet,Grade A,"4 3/8""",189.0,229.0,UR8B01D
2026-08-26,Head,Head Gravity Team 2025 Racquet,Grade C,"4 3/8""",169.0,229.0,URD0D09B
2026-08-26,Head,Head Radical Pro 2025 Racquet,Grade B,"4 1/4""",219.0,269.0,UR0C31E
2026-08-26,Head,Head Radical Pro 2025 Racquet,Grade B,"4 1/2""",219.0,269.0,UR0B25E
2026-08-26,Head,Head Radical Team 2025 Racquet,Grade B,"4 1/4""",189.0,229.0,UR0B39C
2026-08-26,Head,Head Prestige Pro Racquet,Grade C,"4 3/8""",159.0,269.0,URD0E05B
2026-08-26,Head,Head Prestige Tour Racquet,Grade B,"4 1/2""",199.0,269.0,UR0C03A
2026-08-26,Head,Head Prestige MP L Racquet,Grade B,"4 1/4""",189.0,259.0,UR0B27F
2026-08-26,Head,Head Prestige MP L Racquet,Grade A,"4 3/8""",209.0,259.0,UR8A01D
2026-08-26,Head,Head Prestige MP L Racquet,Grade B,"4 3/8""",189.0,259.0,UR0B29B
2026-08-26,Head,Head Prestige MP L Racquet,Grade B,"4 3/8""",189.0,259.0,URD0D11E
2026-08-26,Head,Head Instinct PWR 110 Racquet,Grade B,"4 1/8""",99.0,139.0,UR8B17B
2026-08-26,Head,Head PWR 110 Racquet,Grade A,"4 1/8""",159.0,199.0,UR0C05C
2026-08-26,Yonex,Yonex Muse 98 Racquet,Grade B,"4 3/8""",239.0,305.0,UR0B31D
2026-08-26,Yonex,Yonex Muse 100 Racquet,Grade A,"4 1/8""",239.0,305.0,UR8B01B
2026-08-26,Yonex,Yonex Muse 100 Racquet,Grade B,"4 1/8""",239.0,305.0,UR0B35D
2026-08-26,Yonex,Yonex Muse 100L Racquet,Grade B,"4 1/8""",239.0,305.0,UR0B29D
2026-08-26,Yonex,Yonex VCORE 100 8th Gen Racquet,Grade B,"4 1/4""",239.0,305.0,UR8B12A
2026-08-26,Yonex,Yonex EZONE 100 (2025) Racquet,Grade B,"4 1/4""",229.0,305.0,UR8B15A
2026-08-26,Yonex,Yonex EZONE 98+ (2025) Racquet,Grade C,"4 1/4""",229.0,305.0,UR0B29F
2026-08-26,Yonex,Yonex EZONE 98+ (2025) Racquet,Grade C,"4 3/8""",219.0,305.0,UR8B19D
2026-08-26,Yonex,Yonex EZONE 98+ (2025) Racquet,Grade C,"4 3/8""",219.0,305.0,UR8B20D
2026-08-26,Yonex,Yonex Percept 97D Racquet,Grade B,"4 3/8""",249.0,305.0,URD0E03C
2026-08-26,Tecnifibre,Tecnifibre TFight 305S Racquet,Grade B,"4 1/4""",229.0,279.0,URD0E03D
2026-08-26,Tecnifibre,Tecnifibre TFight 305S Racquet,Grade C,"4 3/8""",189.0,279.0,UR8B19E
2026-08-26,Tecnifibre,Tecnifibre TFight 305S Racquet,Grade C,"4 3/8""",189.0,279.0,UR8B18C
2026-08-26,Tecnifibre,Tecnifibre TFight 305S Racquet,Grade C,"4 1/2""",229.0,279.0,UR0C39A
2026-08-26,Tecnifibre,Tecnifibre TFight 300 Racquet,Grade B,"4 1/2""",189.0,269.0,UR0B25C
2026-08-26,Tecnifibre,Tecnifibre Fire 285 Racquet,Grade A,"4 3/8""",209.0,249.0,UR0C23B
2026-08-26,Tecnifibre,Tecnifibre Fire 285 Racquet,Grade B,"4 3/8""",199.0,249.0,UR0B27B
2026-08-26,Tecnifibre,Tecnifibre Fire 260 OS Racquet,Grade A,"4 1/4""",209.0,249.0,UR0C01E
2026-08-26,Tecnifibre,Tecnifibre TF40 315g (16x19) Racquet 2024,Grade A,"4 1/4""",239.0,279.0,UR0C01F
2026-08-26,Tecnifibre,Tecnifibre TF40 315g (16x19) Racquet 2024,Grade A,"4 3/8""",239.0,279.0,UR0C05A
2026-08-26,Tecnifibre,Tecnifibre TF40 315g (16x19) Racquet 2024,Grade B,"4 3/8""",229.0,279.0,UR0B35F
2026-08-26,Tecnifibre,Tecnifibre TF40 305g (16x19) Racquet 2024,Grade A,"4 1/2""",159.0,279.0,URD0D07E
2026-08-26,Tecnifibre,Tecnifibre TF40 305g (16x19) Racquet 2024,Grade A,"4 1/2""",159.0,279.0,UR0C25E
2026-08-26,Tecnifibre,Tecnifibre TF40 290g (16x19) Racquet 2024,Grade B,"4 1/4""",209.0,249.0,UR0C07C
2026-08-26,Tecnifibre,Tecnifibre TF40 290g (16x19) Racquet 2024,Grade B,"4 3/8""",199.0,249.0,UR0C03C
2026-08-27,Wilson,Wilson Blade Pro 100 v10 Racquet,Grade B,"4 3/8""",249.0,299.0,UR0B23E
2026-08-27,Wilson,Wilson Blade Pro 100 v10 Racquet,Grade B,"4 1/2""",249.0,299.0,URD0E01B
2026-08-27,Wilson,Wilson Blade 100 v10 Racquet,Grade B,"4 1/4""",249.0,299.0,UR0C25D
2026-08-27,Wilson,Wilson Blade 100L v10 Racquet,Grade A,"4 1/4""",249.0,289.0,UR0C19C
2026-08-27,Wilson,Wilson Blade 98 18x20 v9 Racquet,Grade A,"4 1/4""",199.0,249.0,UR0C13E
2026-08-27,Wilson,Wilson Blade 98S v9 Racquet,Grade A,"4 1/8""",209.0,249.0,UR8A15A
2026-08-27,Wilson,Wilson Blade 98S v9 Racquet,Grade A,"4 1/8""",209.0,249.0,UR8A11A
2026-08-27,Wilson,Wilson Blade 104 v9 Racquet,Grade B,"4 1/4""",199.0,249.0,UR8B15D
2026-08-27,Wilson,Wilson Blade 104 v9 Racquet,Grade B,"4 3/8""",199.0,249.0,UR8A15C
2026-08-27,Wilson,Wilson RF 01 Pro Racquet,Grade A,"4 1/4""",269.0,349.0,UR0C27A
2026-08-27,Wilson,Wilson RF 01 Pro Racquet,Grade B,"4 3/8""",259.0,349.0,UR0C17C
2026-08-27,Wilson,Wilson RF 01 Pro Racquet,Grade B,"4 1/2""",259.0,349.0,UR0C29A
2026-08-27,Wilson,Wilson RF 01 Pro Racquet,Grade B,"4 1/2""",259.0,349.0,UR8A17B
2026-08-27,Wilson,Wilson RF 01 Pro Racquet,Grade B,"4 1/2""",259.0,349.0,UR8A18A
2026-08-27,Wilson,Wilson RF 01 Pro Racquet,Grade B,"4 1/2""",259.0,349.0,UR8A05G
2026-08-27,Wilson,Wilson RF 01 Racquet,Grade B,"4 1/8""",249.0,329.0,UR8A20E
2026-08-27,Wilson,Wilson RF 01 Racquet,Grade A,"4 3/8""",259.0,329.0,UR0C25F
2026-08-27,Wilson,Wilson RF 01 Racquet,Grade A,"4 3/8""",259.0,329.0,UR8A10F
2026-08-27,Wilson,Wilson RF 01 Racquet,Grade B,"4 3/8""",249.0,329.0,UR8B14G
2026-08-27,Wilson,Wilson RF 01 Racquet,Grade B,"4 3/8""",249.0,329.0,UR8A03G
2026-08-27,Wilson,Wilson RF 01 Future Racquet,Grade B,"4 1/4""",229.0,309.0,UR8B12D
2026-08-27,Wilson,Wilson Blade Pro 98 16x19 v9 Racquet,Grade C,"4 1/2""",179.0,269.0,UR0C17B
2026-08-27,Wilson,Wilson Blade Pro 98 16x19 v9 Racquet,Grade C,"4 1/2""",179.0,269.0,UR0C17F
2026-08-27,Wilson,Wilson Pro Staff Six.One 95 v14 Racquet,Grade C,"4 1/2""",199.0,219.0,UR0B39B
2026-08-27,Wilson,Wilson Ultra 99 Pro v5 Racquet,Grade B,"4 1/4""",229.0,299.0,UR8A06A
2026-08-27,Wilson,Wilson Ultra 99 Pro v5 Racquet,Grade B,"4 3/8""",229.0,299.0,UR8A17G
2026-08-27,Wilson,Wilson Clash 100L v3 Racquet,Grade B,"4 1/8""",219.0,289.0,UR8A08F
2026-08-27,Wilson,Wilson Clash 100L v3 Racquet,Grade C,"4 1/4""",199.0,289.0,UR8B13F
2026-08-27,Wilson,Wilson Clash 100L v3 Reverse Racquet,Grade B,"4 3/8""",219.0,289.0,UR8A11C
2026-08-27,Wilson,Wilson Clash 108 v3 Racquet,Grade B,"4 3/8""",209.0,299.0,UR0C23C
2026-08-27,Wilson,Wilson Clash 108 v3 Racquet,Grade B,"4 1/2""",209.0,299.0,UR8A12E
2026-08-27,Wilson,Wilson Clash 108 v3 Racquet,Grade B,"4 1/2""",209.0,299.0,UR0C03F
2026-08-27,Wilson,Wilson Pro Staff 97 Classic Racquet,Grade B,"4 1/8""",249.0,299.0,UR0C27C
2026-08-27,Wilson,Wilson Ultra 100 v5 Racquet,Grade B,"4 1/8""",229.0,299.0,UR8B08F
2026-08-27,Wilson,Wilson Ultra 100 v5 Racquet,Grade A,"4 1/4""",239.0,299.0,UR8A05B
2026-08-27,Wilson,Wilson Ultra 100L v5 Racquet,Grade B,"4 3/8""",159.0,289.0,UR8B11A
2026-08-27,Wilson,Wilson Ultra 100UL v5 Racquet,Grade B,"4 3/8""",209.0,279.0,UR0B25F
2026-08-27,Wilson,Wilson Ultra 111 v5 Racquet,Grade A,"4 3/8""",229.0,289.0,UR8A07E
2026-08-27,Wilson,Wilson Ultra 111 v5 Racquet,Grade A,"4 3/8""",229.0,289.0,UR8A03F
2026-08-27,Wilson,Wilson Triad Three Racquet,Grade B,"4 1/4""",219.0,269.0,UR0C01B
2026-08-27,Head,Head Speed Tour 2026 Racquet,Grade B,"4 3/8""",199.0,269.0,UR0C07F
2026-08-27,Head,Head Speed Tour 2026 Racquet,Grade C,"4 3/8""",189.0,269.0,UR0C35E
2026-08-27,Head,Head Speed MP 2026 Racquet,Grade A,"4 3/8""",209.0,259.0,UR8A12A
2026-08-27,Head,Head Speed Pro 2026 Racquet,Grade A,"4 1/2""",229.0,269.0,URD0E01E
2026-08-27,Head,Head Speed Team 2026 Racquet,Grade A,"4""",189.0,239.0,UR0B23B
2026-08-27,Head,Head Speed Team 2026 Racquet,Grade A,"4 1/4""",189.0,239.0,UR8B11G
2026-08-27,Head,Head Speed Pro Legend 2025 Racquet,Grade C,"4 1/4""",199.0,269.0,UR0C29C
2026-08-27,Head,Head Extreme Pro 2024 Racquet,Grade B,"4 1/2""",219.0,199.0,UR0C11F
2026-08-27,Head,Head Extreme Pro 2024 Racquet,Grade B,"4 1/2""",219.0,199.0,UR0C15A
2026-08-27,Head,Head Extreme Tour Racquet,Grade A,"4 5/8""",159.0,159.0,UR0C15F
2026-08-27,Head,Head Extreme Team Racquet,Grade C,"4 1/4""",119.0,179.0,UR0C29F
2026-08-27,Head,Head Boom MP 2026 Racquet,Grade A,"4 3/8""",219.0,259.0,UR0C03E
2026-08-27,Head,Head Boom Pro Racquet,Grade B,"4 1/2""",139.0,159.0,UR0B37C
2026-08-27,Head,Head Gravity Pro 2025 Racquet,Grade B,"4 1/4""",199.0,269.0,UR0C07D
2026-08-27,Head,Head Gravity Pro 2025 Racquet,Grade B,"4 1/4""",199.0,269.0,UR0C09A
2026-08-27,Head,Head Gravity Pro 2025 Racquet,Grade B,"4 1/4""",199.0,269.0,UR0C25A
2026-08-27,Head,Head Gravity Pro 2025 Racquet,Grade B,"4 1/4""",199.0,269.0,UR0C29D
2026-08-27,Head,Head Gravity Pro 2025 Racquet,Grade C,"4 1/4""",179.0,269.0,UR0B37E
2026-08-27,Head,Head Gravity Pro 2025 Racquet,Grade B,"4 3/8""",199.0,269.0,URD0D05C
2026-08-27,Head,Head Gravity Pro 2025 Racquet,Grade B,"4 3/8""",199.0,269.0,URD0D03D
2026-08-27,Head,Head Gravity Pro 2025 Racquet,Grade B,"4 1/2""",199.0,269.0,UR0C31F
2026-08-27,Head,Head Gravity Pro 2025 Racquet,Grade B,"4 1/2""",199.0,269.0,UR8A04G
2026-08-27,Head,Head Gravity Tour 2025 Racquet,Grade B,"4 3/8""",209.0,269.0,URD0D01E
2026-08-27,Head,Head Gravity Tour 2025 Racquet,Grade B,"4 1/2""",209.0,269.0,UR0C29B
2026-08-27,Head,Head Gravity MP 2025 Racquet,Grade A,"4 1/4""",209.0,259.0,UR8B08G
2026-08-27,Head,Head Gravity MP 2025 Racquet,Grade A,"4 1/4""",209.0,259.0,UR8B18G
2026-08-27,Head,Head Gravity MP 2025 Racquet,Grade B,"4 1/4""",199.0,259.0,UR0B27A
2026-08-27,Head,Head Gravity MP 2025 Racquet,Grade B,"4 3/8""",199.0,259.0,URD0E01D
2026-08-27,Head,Head Gravity MP L 2025 Racquet,Grade A,"4 1/4""",199.0,239.0,UR8A01C
2026-08-27,Head,Head Gravity MP L 2025 Racquet,Grade A,"4 1/4""",199.0,239.0,UR8A04C
2026-08-27,Head,Head Gravity Team 2025 Racquet,Grade C,"4 1/4""",169.0,229.0,UR8B01G
2026-08-27,Head,Head Gravity Team 2025 Racquet,Grade A,"4 3/8""",189.0,229.0,UR8B20C
2026-08-27,Head,Head Gravity Team 2025 Racquet,Grade A,"4 3/8""",189.0,229.0,UR8B01D
2026-08-27,Head,Head Gravity Team 2025 Racquet,Grade C,"4 3/8""",169.0,229.0,URD0D09B
2026-08-27,Head,Head Radical Pro 2025 Racquet,Grade B,"4 1/4""",219.0,269.0,UR0C31E
2026-08-27,Head,Head Radical Pro 2025 Racquet,Grade B,"4 1/2""",219.0,269.0,UR0B25E
2026-08-27,Head,Head Radical Team 2025 Racquet,Grade B,"4 1/4""",189.0,229.0,UR0B39C
2026-08-27,Head,Head Prestige Pro Racquet,Grade C,"4 3/8""",159.0,269.0,URD0E05B
2026-08-27,Head,Head Prestige Tour Racquet,Grade B,"4 1/2""",199.0,269.0,UR0C03A
2026-08-27,Head,Head Prestige MP L Racquet,Grade B,"4 1/4""",189.0,259.0,UR0B27F
2026-08-27,Head,Head Prestige MP L Racquet,Grade A,"4 3/8""",209.0,259.0,UR8A01D
2026-08-27,Head,Head Prestige MP L Racquet,Grade B,"4 3/8""",189.0,259.0,UR0B29B
2026-08-27,Head,Head Prestige MP L Racquet,Grade B,"4 3/8""",189.0,259.0,URD0D11E
2026-08-27,Head,Head Instinct PWR 110 Racquet,Grade B,"4 1/8""",99.0,139.0,UR8B17B
2026-08-27,Head,Head PWR 110 Racquet,Grade A,"4 1/8""",159.0,199.0,UR0C05C
2026-08-27,Yonex,Yonex EZONE 100 (2025) Racquet,Grade B,"4 1/4""",229.0,305.0,UR8B15A
2026-08-27,Yonex,Yonex EZONE 98+ (2025) Racquet,Grade C,"4 1/4""",229.0,305.0,UR0B29F
2026-08-27,Yonex,Yonex EZONE 98+ (2025) Racquet,Grade C,"4 3/8""",219.0,305.0,UR8B19D
2026-08-27,Yonex,Yonex EZONE 98+ (2025) Racquet,Grade C,"4 3/8""",219.0,305.0,UR8B20D
2026-08-27,Yonex,Yonex VCORE 100 8th Gen Racquet,Grade B,"4 1/4""",239.0,305.0,UR8B12A
2026-08-27,Yonex,Yonex Muse 98 Racquet,Grade B,"4 3/8""",239.0,305.0,UR0B31D
2026-08-27,Yonex,Yonex Muse 100 Racquet,Grade A,"4 1/8""",239.0,305.0,UR8B01B
2026-08-27,Yonex,Yonex Muse 100 Racquet,Grade B,"4 1/8""",239.0,305.0,UR0B35D
2026-08-27,Yonex,Yonex Muse 100L Racquet,Grade B,"4 1/8""",239.0,305.0,UR0B29D
2026-08-27,Yonex,Yonex Percept 97D Racquet,Grade B,"4 3/8""",249.0,305.0,URD0E03C
2026-08-27,Tecnifibre,Tecnifibre TFight 305S Racquet,Grade B,"4 1/4""",229.0,279.0,URD0E03D
2026-08-27,Tecnifibre,Tecnifibre TFight 305S Racquet,Grade C,"4 3/8""",189.0,279.0,UR8B19E
2026-08-27,Tecnifibre,Tecnifibre TFight 305S Racquet,Grade C,"4 3/8""",189.0,279.0,UR8B18C
2026-08-27,Tecnifibre,Tecnifibre TFight 305S Racquet,Grade C,"4 1/2""",229.0,279.0,UR0C39A
2026-08-27,Tecnifibre,Tecnifibre TFight 300 Racquet,Grade B,"4 1/2""",189.0,269.0,UR0B25C
2026-08-27,Tecnifibre,Tecnifibre Fire 285 Racquet,Grade A,"4 3/8""",209.0,249.0,UR0C23B
2026-08-27,Tecnifibre,Tecnifibre Fire 285 Racquet,Grade B,"4 3/8""",199.0,249.0,UR0B27B
2026-08-27,Tecnifibre,Tecnifibre Fire 260 OS Racquet,Grade A,"4 1/4""",209.0,249.0,UR0C01E
2026-08-27,Tecnifibre,Tecnifibre TF40 315g (16x19) Racquet 2024,Grade A,"4 1/4""",239.0,279.0,UR0C01F
2026-08-27,Tecnifibre,Tecnifibre TF40 315g (16x19) Racquet 2024,Grade A,"4 3/8""",239.0,279.0,UR0C05A
2026-08-27,Tecnifibre,Tecnifibre TF40 315g (16x19) Racquet 2024,Grade B,"4 3/8""",229.0,279.0,UR0B35F
2026-08-27,Tecnifibre,Tecnifibre TF40 290g (16x19) Racquet 2024,Grade B,"4 1/4""",209.0,249.0,UR0C07C
2026-08-27,Tecnifibre,Tecnifibre TF40 290g (16x19) Racquet 2024,Grade B,"4 3/8""",199.0,249.0,UR0C03C
2026-08-27,Head,Head Speed Pro 2026 Racquet,Grade B,"4 1/2""",219.0,269.0,URD0D01B
2026-08-27,Head,Head Speed Pro 2026 Racquet,Grade C,"4 1/2""",209.0,269.0,URD0D05D
2026-08-28,Wilson,Wilson Blade Pro 100 v10 Racquet,Grade B,"4 1/2""",249.0,299.0,URD0E01B
2026-08-28,Wilson,Wilson Blade 100 v10 Racquet,Grade B,"4 1/4""",249.0,299.0,UR0C25D
2026-08-28,Wilson,Wilson Blade 100L v10 Racquet,Grade A,"4 1/4""",249.0,289.0,UR0C19C
2026-08-28,Wilson,Wilson Blade 98 18x20 v9 Racquet,Grade A,"4 1/4""",199.0,249.0,UR0C13E
2026-08-28,Wilson,Wilson Blade 98S v9 Racquet,Grade A,"4 1/8""",209.0,249.0,UR8A15A
2026-08-28,Wilson,Wilson Blade 98S v9 Racquet,Grade A,"4 1/8""",209.0,249.0,UR8A11A
2026-08-28,Wilson,Wilson Blade 104 v9 Racquet,Grade B,"4 1/4""",199.0,249.0,UR8B15D
2026-08-28,Wilson,Wilson Blade 104 v9 Racquet,Grade B,"4 3/8""",199.0,249.0,UR8A15C
2026-08-28,Wilson,Wilson RF 01 Pro Racquet,Grade A,"4 1/4""",269.0,349.0,UR0C27A
2026-08-28,Wilson,Wilson RF 01 Pro Racquet,Grade B,"4 3/8""",259.0,349.0,UR0C17C
2026-08-28,Wilson,Wilson RF 01 Pro Racquet,Grade B,"4 1/2""",259.0,349.0,UR0C29A
2026-08-28,Wilson,Wilson RF 01 Pro Racquet,Grade B,"4 1/2""",259.0,349.0,UR8A17B
2026-08-28,Wilson,Wilson RF 01 Pro Racquet,Grade B,"4 1/2""",259.0,349.0,UR8A18A
2026-08-28,Wilson,Wilson RF 01 Pro Racquet,Grade B,"4 1/2""",259.0,349.0,UR8A05G
2026-08-28,Wilson,Wilson RF 01 Racquet,Grade B,"4 1/8""",249.0,329.0,UR8A20E
2026-08-28,Wilson,Wilson RF 01 Racquet,Grade A,"4 3/8""",259.0,329.0,UR0C25F
2026-08-28,Wilson,Wilson RF 01 Racquet,Grade A,"4 3/8""",259.0,329.0,UR8A10F
2026-08-28,Wilson,Wilson RF 01 Racquet,Grade B,"4 3/8""",249.0,329.0,UR8B14G
2026-08-28,Wilson,Wilson RF 01 Racquet,Grade B,"4 3/8""",249.0,329.0,UR8A03G
2026-08-28,Wilson,Wilson RF 01 Future Racquet,Grade B,"4 1/4""",229.0,309.0,UR8B12D
2026-08-28,Wilson,Wilson Blade Pro 98 16x19 v9 Racquet,Grade C,"4 1/2""",179.0,269.0,UR0C17B
2026-08-28,Wilson,Wilson Blade Pro 98 16x19 v9 Racquet,Grade C,"4 1/2""",179.0,269.0,UR0C17F
2026-08-28,Wilson,Wilson Pro Staff Six.One 95 v14 Racquet,Grade C,"4 1/2""",199.0,219.0,UR0B39B
2026-08-28,Wilson,Wilson Ultra 99 Pro v5 Racquet,Grade B,"4 1/4""",229.0,299.0,UR8A06A
2026-08-28,Wilson,Wilson Ultra 99 Pro v5 Racquet,Grade B,"4 3/8""",229.0,299.0,UR8A17G
2026-08-28,Wilson,Wilson Clash 100L v3 Racquet,Grade B,"4 1/8""",219.0,289.0,UR8A08F
2026-08-28,Wilson,Wilson Clash 100L v3 Racquet,Grade C,"4 1/4""",199.0,289.0,UR8B13F
2026-08-28,Wilson,Wilson Clash 100L v3 Reverse Racquet,Grade B,"4 3/8""",219.0,289.0,UR8A11C
2026-08-28,Wilson,Wilson Clash 108 v3 Racquet,Grade B,"4 3/8""",209.0,299.0,UR0C23C
2026-08-28,Wilson,Wilson Clash 108 v3 Racquet,Grade B,"4 1/2""",209.0,299.0,UR8A12E
2026-08-28,Wilson,Wilson Clash 108 v3 Racquet,Grade B,"4 1/2""",209.0,299.0,UR0C03F
2026-08-28,Wilson,Wilson Pro Staff 97 Classic Racquet,Grade B,"4 1/8""",249.0,299.0,UR0C27C
2026-08-28,Wilson,Wilson Ultra 100 v5 Racquet,Grade B,"4 1/8""",229.0,299.0,UR8B08F
2026-08-28,Wilson,Wilson Ultra 100 v5 Racquet,Grade A,"4 1/4""",239.0,299.0,UR8A05B
2026-08-28,Wilson,Wilson Ultra 100L v5 Racquet,Grade B,"4 3/8""",159.0,289.0,UR8B11A
2026-08-28,Wilson,Wilson Ultra 100UL v5 Racquet,Grade B,"4 3/8""",209.0,279.0,UR0B25F
2026-08-28,Wilson,Wilson Ultra 111 v5 Racquet,Grade A,"4 3/8""",229.0,289.0,UR8A07E
2026-08-28,Wilson,Wilson Ultra 111 v5 Racquet,Grade A,"4 3/8""",229.0,289.0,UR8A03F
2026-08-28,Wilson,Wilson Triad Three Racquet,Grade B,"4 1/4""",219.0,269.0,UR0C01B
2026-08-28,Head,Head Speed Tour 2026 Racquet,Grade B,"4 3/8""",199.0,269.0,UR0C07F
2026-08-28,Head,Head Speed Tour 2026 Racquet,Grade C,"4 3/8""",189.0,269.0,UR0C35E
2026-08-28,Head,Head Speed MP 2026 Racquet,Grade A,"4 3/8""",209.0,259.0,UR8A12A
2026-08-28,Head,Head Speed Pro 2026 Racquet,Grade A,"4 1/2""",229.0,269.0,URD0E01E
2026-08-28,Head,Head Speed Pro 2026 Racquet,Grade B,"4 1/2""",219.0,269.0,URD0D01B
2026-08-28,Head,Head Speed Pro 2026 Racquet,Grade C,"4 1/2""",209.0,269.0,URD0D05D
2026-08-28,Head,Head Speed Team 2026 Racquet,Grade A,"4""",189.0,239.0,UR0B23B
2026-08-28,Head,Head Speed Team 2026 Racquet,Grade A,"4 1/4""",189.0,239.0,UR8B11G
2026-08-28,Head,Head Speed Pro Legend 2025 Racquet,Grade C,"4 1/4""",199.0,269.0,UR0C29C
2026-08-28,Head,Head Extreme Pro 2024 Racquet,Grade B,"4 1/2""",219.0,199.0,UR0C11F
2026-08-28,Head,Head Extreme Pro 2024 Racquet,Grade B,"4 1/2""",219.0,199.0,UR0C15A
2026-08-28,Head,Head Extreme Tour Racquet,Grade A,"4 5/8""",159.0,159.0,UR0C15F
2026-08-28,Head,Head Extreme Team Racquet,Grade C,"4 1/4""",119.0,179.0,UR0C29F
2026-08-28,Head,Head Boom MP 2026 Racquet,Grade A,"4 3/8""",219.0,259.0,UR0C03E
2026-08-28,Head,Head Boom Pro Racquet,Grade B,"4 1/2""",139.0,159.0,UR0B37C
2026-08-28,Head,Head Gravity Pro 2025 Racquet,Grade B,"4 1/4""",199.0,269.0,UR0C07D
2026-08-28,Head,Head Gravity Pro 2025 Racquet,Grade B,"4 1/4""",199.0,269.0,UR0C09A
2026-08-28,Head,Head Gravity Pro 2025 Racquet,Grade B,"4 1/4""",199.0,269.0,UR0C25A
2026-08-28,Head,Head Gravity Pro 2025 Racquet,Grade B,"4 1/4""",199.0,269.0,UR0C29D
2026-08-28,Head,Head Gravity Pro 2025 Racquet,Grade C,"4 1/4""",179.0,269.0,UR0B37E
2026-08-28,Head,Head Gravity Pro 2025 Racquet,Grade B,"4 3/8""",199.0,269.0,URD0D05C
2026-08-28,Head,Head Gravity Pro 2025 Racquet,Grade B,"4 3/8""",199.0,269.0,URD0D03D
2026-08-28,Head,Head Gravity Pro 2025 Racquet,Grade B,"4 1/2""",199.0,269.0,UR0C31F
2026-08-28,Head,Head Gravity Pro 2025 Racquet,Grade B,"4 1/2""",199.0,269.0,UR8A04G
2026-08-28,Head,Head Gravity Tour 2025 Racquet,Grade B,"4 3/8""",209.0,269.0,URD0D01E
2026-08-28,Head,Head Gravity Tour 2025 Racquet,Grade B,"4 1/2""",209.0,269.0,UR0C29B
2026-08-28,Head,Head Gravity MP 2025 Racquet,Grade A,"4 1/4""",209.0,259.0,UR8B18G
2026-08-28,Head,Head Gravity MP 2025 Racquet,Grade B,"4 1/4""",199.0,259.0,UR0B27A
2026-08-28,Head,Head Gravity MP 2025 Racquet,Grade B,"4 3/8""",199.0,259.0,URD0E01D
2026-08-28,Head,Head Gravity MP L 2025 Racquet,Grade A,"4 1/4""",199.0,239.0,UR8A01C
2026-08-28,Head,Head Gravity MP L 2025 Racquet,Grade A,"4 1/4""",199.0,239.0,UR8A04C
2026-08-28,Head,Head Gravity Team 2025 Racquet,Grade C,"4 1/4""",169.0,229.0,UR8B01G
2026-08-28,Head,Head Gravity Team 2025 Racquet,Grade A,"4 3/8""",189.0,229.0,UR8B20C
2026-08-28,Head,Head Gravity Team 2025 Racquet,Grade A,"4 3/8""",189.0,229.0,UR8B01D
2026-08-28,Head,Head Gravity Team 2025 Racquet,Grade C,"4 3/8""",169.0,229.0,URD0D09B
2026-08-28,Head,Head Radical Pro 2025 Racquet,Grade B,"4 1/4""",219.0,269.0,UR0C31E
2026-08-28,Head,Head Radical Pro 2025 Racquet,Grade B,"4 1/2""",219.0,269.0,UR0B25E
2026-08-28,Head,Head Radical Team 2025 Racquet,Grade B,"4 1/4""",189.0,229.0,UR0B39C
2026-08-28,Head,Head Prestige Pro Racquet,Grade C,"4 3/8""",159.0,269.0,URD0E05B
2026-08-28,Head,Head Prestige Tour Racquet,Grade B,"4 1/2""",199.0,269.0,UR0C03A
2026-08-28,Head,Head Prestige MP L Racquet,Grade B,"4 1/4""",189.0,259.0,UR0B27F
2026-08-28,Head,Head Prestige MP L Racquet,Grade A,"4 3/8""",209.0,259.0,UR8A01D
2026-08-28,Head,Head Prestige MP L Racquet,Grade B,"4 3/8""",189.0,259.0,UR0B29B
2026-08-28,Head,Head Prestige MP L Racquet,Grade B,"4 3/8""",189.0,259.0,URD0D11E
2026-08-28,Head,Head Instinct PWR 110 Racquet,Grade B,"4 1/8""",99.0,139.0,UR8B17B
2026-08-28,Head,Head PWR 110 Racquet,Grade A,"4 1/8""",159.0,199.0,UR0C05C
2026-08-28,Yonex,Yonex EZONE 100 (2025) Racquet,Grade B,"4 1/4""",229.0,305.0,UR8B15A
2026-08-28,Yonex,Yonex EZONE 98+ (2025) Racquet,Grade C,"4 1/4""",229.0,305.0,UR0B29F
2026-08-28,Yonex,Yonex EZONE 98+ (2025) Racquet,Grade C,"4 3/8""",219.0,305.0,UR8B19D
2026-08-28,Yonex,Yonex EZONE 98+ (2025) Racquet,Grade C,"4 3/8""",219.0,305.0,UR8B20D
2026-08-28,Yonex,Yonex VCORE 100 8th Gen Racquet,Grade B,"4 1/4""",239.0,305.0,UR8B12A
2026-08-28,Yonex,Yonex Muse 98 Racquet,Grade B,"4 3/8""",239.0,305.0,UR0B31D
2026-08-28,Yonex,Yonex Muse 100 Racquet,Grade A,"4 1/8""",239.0,305.0,UR8B01B
2026-08-28,Yonex,Yonex Muse 100 Racquet,Grade B,"4 1/8""",239.0,305.0,UR0B35D
2026-08-28,Yonex,Yonex Muse 100L Racquet,Grade B,"4 1/8""",239.0,305.0,UR0B29D
2026-08-28,Yonex,Yonex Percept 97D Racquet,Grade B,"4 3/8""",249.0,305.0,URD0E03C
2026-08-28,Tecnifibre,Tecnifibre TFight 305S Racquet,Grade B,"4 1/4""",229.0,279.0,URD0E03D
2026-08-28,Tecnifibre,Tecnifibre TFight 305S Racquet,Grade C,"4 3/8""",189.0,279.0,UR8B19E
2026-08-28,Tecnifibre,Tecnifibre TFight 305S Racquet,Grade C,"4 3/8""",189.0,279.0,UR8B18C
2026-08-28,Tecnifibre,Tecnifibre TFight 305S Racquet,Grade C,"4 1/2""",229.0,279.0,UR0C39A
2026-08-28,Tecnifibre,Tecnifibre TFight 300 Racquet,Grade B,"4 1/2""",189.0,269.0,UR0B25C
2026-08-28,Tecnifibre,Tecnifibre Fire 285 Racquet,Grade A,"4 3/8""",209.0,249.0,UR0C23B
2026-08-28,Tecnifibre,Tecnifibre Fire 285 Racquet,Grade B,"4 3/8""",199.0,249.0,UR0B27B
2026-08-28,Tecnifibre,Tecnifibre Fire 260 OS Racquet,Grade A,"4 1/4""",209.0,249.0,UR0C01E
2026-08-28,Tecnifibre,Tecnifibre TF40 315g (16x19) Racquet 2024,Grade A,"4 1/4""",239.0,279.0,UR0C01F
2026-08-28,Tecnifibre,Tecnifibre TF40 315g (16x19) Racquet 2024,Grade A,"4 3/8""",239.0,279.0,UR0C05A
2026-08-28,Tecnifibre,Tecnifibre TF40 315g (16x19) Racquet 2024,Grade B,"4 3/8""",229.0,279.0,UR0B35F
2026-08-28,Tecnifibre,Tecnifibre TF40 290g (16x19) Racquet 2024,Grade B,"4 1/4""",209.0,249.0,UR0C07C
2026-08-28,Tecnifibre,Tecnifibre TF40 290g (16x19) Racquet 2024,Grade B,"4 3/8""",199.0,249.0,UR0C03C
2026-08-28,Wilson,Wilson Clash 100 Pro v3 Racquet,Grade C,"4 3/8""",239.0,299.0,URD0E01C
2026-08-28,Head,Head Extreme Pro 2024 Racquet,Grade B,"4 1/2""",149.0,199.0,UR0C11F
2026-08-28,Head,Head Extreme Pro 2024 Racquet,Grade B,"4 1/2""",149.0,199.0,UR0C15A
2026-08-28,Yonex,Yonex Muse 100 Racquet,Grade B,"4 1/8""",229.0,305.0,UR0B35D
2026-08-28,Yonex,Yonex Muse 100 Racquet,Grade A,"4 3/8""",239.0,305.0,UR0B29E
2026-08-28,Tecnifibre,Tecnifibre TFight Blue 305S Racquet,Grade B,"4 1/4""",229.0,279.95,UR0C05B
2026-08-28,Tecnifibre,Tecnifibre TFight Blue 305S Racquet,Grade B,"4 3/8""",229.0,279.95,UR0C19D
2026-08-29,Wilson,Wilson Blade Pro 100 v10 Racquet,Grade B,"4 1/2""",249.0,299.0,URD0E01B
2026-08-29,Wilson,Wilson Blade 100 v10 Racquet,Grade B,"4 1/4""",249.0,299.0,UR0C25D
2026-08-29,Wilson,Wilson Blade 100L v10 Racquet,Grade A,"4 1/4""",249.0,289.0,UR0C19C
2026-08-29,Wilson,Wilson Blade 98 18x20 v9 Racquet,Grade A,"4 1/4""",199.0,249.0,UR0C13E
2026-08-29,Wilson,Wilson Blade 98S v9 Racquet,Grade A,"4 1/8""",209.0,249.0,UR8A15A
2026-08-29,Wilson,Wilson Blade 98S v9 Racquet,Grade A,"4 1/8""",209.0,249.0,UR8A11A
2026-08-29,Wilson,Wilson Blade 104 v9 Racquet,Grade B,"4 1/4""",199.0,249.0,UR8B15D
2026-08-29,Wilson,Wilson Blade 104 v9 Racquet,Grade B,"4 3/8""",199.0,249.0,UR8A15C
2026-08-29,Wilson,Wilson RF 01 Pro Racquet,Grade A,"4 1/4""",269.0,349.0,UR0C27A
2026-08-29,Wilson,Wilson RF 01 Pro Racquet,Grade B,"4 3/8""",259.0,349.0,UR0C17C
2026-08-29,Wilson,Wilson RF 01 Pro Racquet,Grade B,"4 1/2""",259.0,349.0,UR0C29A
2026-08-29,Wilson,Wilson RF 01 Pro Racquet,Grade B,"4 1/2""",259.0,349.0,UR8A17B
2026-08-29,Wilson,Wilson RF 01 Pro Racquet,Grade B,"4 1/2""",259.0,349.0,UR8A18A
2026-08-29,Wilson,Wilson RF 01 Pro Racquet,Grade B,"4 1/2""",259.0,349.0,UR8A05G
2026-08-29,Wilson,Wilson RF 01 Racquet,Grade B,"4 1/8""",249.0,329.0,UR8A20E
2026-08-29,Wilson,Wilson RF 01 Racquet,Grade A,"4 3/8""",259.0,329.0,UR0C25F
2026-08-29,Wilson,Wilson RF 01 Racquet,Grade A,"4 3/8""",259.0,329.0,UR8A10F
2026-08-29,Wilson,Wilson RF 01 Racquet,Grade B,"4 3/8""",249.0,329.0,UR8B14G
2026-08-29,Wilson,Wilson RF 01 Racquet,Grade B,"4 3/8""",249.0,329.0,UR8A03G
2026-08-29,Wilson,Wilson RF 01 Future Racquet,Grade B,"4 1/4""",229.0,309.0,UR8B12D
2026-08-29,Wilson,Wilson Blade Pro 98 16x19 v9 Racquet,Grade C,"4 1/2""",179.0,269.0,UR0C17B
2026-08-29,Wilson,Wilson Blade Pro 98 16x19 v9 Racquet,Grade C,"4 1/2""",179.0,269.0,UR0C17F
2026-08-29,Wilson,Wilson Pro Staff Six.One 95 v14 Racquet,Grade C,"4 1/2""",199.0,219.0,UR0B39B
2026-08-29,Wilson,Wilson Ultra 99 Pro v5 Racquet,Grade B,"4 1/4""",229.0,299.0,UR8A06A
2026-08-29,Wilson,Wilson Ultra 99 Pro v5 Racquet,Grade B,"4 3/8""",229.0,299.0,UR8A17G
2026-08-29,Wilson,Wilson Clash 100 Pro v3 Racquet,Grade C,"4 3/8""",239.0,299.0,URD0E01C
2026-08-29,Wilson,Wilson Clash 100L v3 Racquet,Grade B,"4 1/8""",219.0,289.0,UR8A08F
2026-08-29,Wilson,Wilson Clash 100L v3 Racquet,Grade C,"4 1/4""",199.0,289.0,UR8B13F
2026-08-29,Wilson,Wilson Clash 100L v3 Reverse Racquet,Grade B,"4 3/8""",219.0,289.0,UR8A11C
2026-08-29,Wilson,Wilson Clash 108 v3 Racquet,Grade B,"4 3/8""",209.0,299.0,UR0C23C
2026-08-29,Wilson,Wilson Clash 108 v3 Racquet,Grade B,"4 1/2""",209.0,299.0,UR8A12E
2026-08-29,Wilson,Wilson Clash 108 v3 Racquet,Grade B,"4 1/2""",209.0,299.0,UR0C03F
2026-08-29,Wilson,Wilson Pro Staff 97 Classic Racquet,Grade B,"4 1/8""",249.0,299.0,UR0C27C
2026-08-29,Wilson,Wilson Ultra 100 v5 Racquet,Grade B,"4 1/8""",229.0,299.0,UR8B08F
2026-08-29,Wilson,Wilson Ultra 100 v5 Racquet,Grade A,"4 1/4""",239.0,299.0,UR8A05B
2026-08-29,Wilson,Wilson Ultra 100L v5 Racquet,Grade B,"4 3/8""",159.0,289.0,UR8B11A
2026-08-29,Wilson,Wilson Ultra 100UL v5 Racquet,Grade B,"4 3/8""",209.0,279.0,UR0B25F
2026-08-29,Wilson,Wilson Ultra 111 v5 Racquet,Grade A,"4 3/8""",229.0,289.0,UR8A07E
2026-08-29,Wilson,Wilson Ultra 111 v5 Racquet,Grade A,"4 3/8""",229.0,289.0,UR8A03F
2026-08-29,Wilson,Wilson Triad Three Racquet,Grade B,"4 1/4""",219.0,269.0,UR0C01B
2026-08-29,Head,Head Speed Tour 2026 Racquet,Grade B,"4 3/8""",199.0,269.0,UR0C07F
2026-08-29,Head,Head Speed Tour 2026 Racquet,Grade C,"4 3/8""",189.0,269.0,UR0C35E
2026-08-29,Head,Head Speed Pro 2026 Racquet,Grade A,"4 1/2""",229.0,269.0,URD0E01E
2026-08-29,Head,Head Speed Pro 2026 Racquet,Grade B,"4 1/2""",219.0,269.0,URD0D01B
2026-08-29,Head,Head Speed Pro 2026 Racquet,Grade C,"4 1/2""",209.0,269.0,URD0D05D
2026-08-29,Head,Head Speed Team 2026 Racquet,Grade A,"4""",189.0,239.0,UR0B23B
2026-08-29,Head,Head Speed Team 2026 Racquet,Grade A,"4 1/4""",189.0,239.0,UR8B11G
2026-08-29,Head,Head Speed Pro Legend 2025 Racquet,Grade C,"4 1/4""",199.0,269.0,UR0C29C
2026-08-29,Head,Head Extreme Pro 2024 Racquet,Grade B,"4 1/2""",149.0,199.0,UR0C11F
2026-08-29,Head,Head Extreme Pro 2024 Racquet,Grade B,"4 1/2""",149.0,199.0,UR0C15A
2026-08-29,Head,Head Extreme Tour Racquet,Grade A,"4 5/8""",159.0,159.0,UR0C15F
2026-08-29,Head,Head Extreme Team Racquet,Grade C,"4 1/4""",119.0,179.0,UR0C29F
2026-08-29,Head,Head Boom MP 2026 Racquet,Grade A,"4 3/8""",219.0,259.0,UR0C03E
2026-08-29,Head,Head Boom Pro Racquet,Grade B,"4 1/2""",139.0,159.0,UR0B37C
2026-08-29,Head,Head Gravity Pro 2025 Racquet,Grade B,"4 1/4""",199.0,269.0,UR0C07D
2026-08-29,Head,Head Gravity Pro 2025 Racquet,Grade B,"4 1/4""",199.0,269.0,UR0C09A
2026-08-29,Head,Head Gravity Pro 2025 Racquet,Grade B,"4 1/4""",199.0,269.0,UR0C25A
2026-08-29,Head,Head Gravity Pro 2025 Racquet,Grade B,"4 1/4""",199.0,269.0,UR0C29D
2026-08-29,Head,Head Gravity Pro 2025 Racquet,Grade C,"4 1/4""",179.0,269.0,UR0B37E
2026-08-29,Head,Head Gravity Pro 2025 Racquet,Grade B,"4 3/8""",199.0,269.0,URD0D05C
2026-08-29,Head,Head Gravity Pro 2025 Racquet,Grade B,"4 3/8""",199.0,269.0,URD0D03D
2026-08-29,Head,Head Gravity Pro 2025 Racquet,Grade B,"4 1/2""",199.0,269.0,UR0C31F
2026-08-29,Head,Head Gravity Pro 2025 Racquet,Grade B,"4 1/2""",199.0,269.0,UR8A04G
2026-08-29,Head,Head Gravity Tour 2025 Racquet,Grade B,"4 3/8""",209.0,269.0,URD0D01E
2026-08-29,Head,Head Gravity Tour 2025 Racquet,Grade B,"4 1/2""",209.0,269.0,UR0C29B
2026-08-29,Head,Head Gravity MP 2025 Racquet,Grade A,"4 1/4""",209.0,259.0,UR8B18G
2026-08-29,Head,Head Gravity MP 2025 Racquet,Grade B,"4 1/4""",199.0,259.0,UR0B27A
2026-08-29,Head,Head Gravity MP 2025 Racquet,Grade B,"4 3/8""",199.0,259.0,URD0E01D
2026-08-29,Head,Head Gravity MP L 2025 Racquet,Grade A,"4 1/4""",199.0,239.0,UR8A01C
2026-08-29,Head,Head Gravity MP L 2025 Racquet,Grade A,"4 1/4""",199.0,239.0,UR8A04C
2026-08-29,Head,Head Gravity Team 2025 Racquet,Grade C,"4 1/4""",169.0,229.0,UR8B01G
2026-08-29,Head,Head Gravity Team 2025 Racquet,Grade A,"4 3/8""",189.0,229.0,UR8B20C
2026-08-29,Head,Head Gravity Team 2025 Racquet,Grade A,"4 3/8""",189.0,229.0,UR8B01D
2026-08-29,Head,Head Gravity Team 2025 Racquet,Grade C,"4 3/8""",169.0,229.0,URD0D09B
2026-08-29,Head,Head Radical Pro 2025 Racquet,Grade B,"4 1/4""",219.0,269.0,UR0C31E
2026-08-29,Head,Head Radical Pro 2025 Racquet,Grade B,"4 1/2""",219.0,269.0,UR0B25E
2026-08-29,Head,Head Radical Team 2025 Racquet,Grade B,"4 1/4""",189.0,229.0,UR0B39C
2026-08-29,Head,Head Prestige Pro Racquet,Grade C,"4 3/8""",159.0,269.0,URD0E05B
2026-08-29,Head,Head Prestige Tour Racquet,Grade B,"4 1/2""",199.0,269.0,UR0C03A
2026-08-29,Head,Head Prestige MP L Racquet,Grade B,"4 1/4""",189.0,259.0,UR0B27F
2026-08-29,Head,Head Prestige MP L Racquet,Grade A,"4 3/8""",209.0,259.0,UR8A01D
2026-08-29,Head,Head Prestige MP L Racquet,Grade B,"4 3/8""",189.0,259.0,UR0B29B
2026-08-29,Head,Head Prestige MP L Racquet,Grade B,"4 3/8""",189.0,259.0,URD0D11E
2026-08-29,Head,Head Instinct PWR 110 Racquet,Grade B,"4 1/8""",99.0,139.0,UR8B17B
2026-08-29,Head,Head PWR 110 Racquet,Grade A,"4 1/8""",159.0,199.0,UR0C05C
2026-08-29,Yonex,Yonex EZONE 98+ (2025) Racquet,Grade C,"4 1/4""",229.0,305.0,UR0B29F
2026-08-29,Yonex,Yonex EZONE 98+ (2025) Racquet,Grade C,"4 3/8""",219.0,305.0,UR8B19D
2026-08-29,Yonex,Yonex EZONE 98+ (2025) Racquet,Grade C,"4 3/8""",219.0,305.0,UR8B20D
2026-08-29,Yonex,Yonex Muse 98 Racquet,Grade B,"4 3/8""",239.0,305.0,UR0B31D
2026-08-29,Yonex,Yonex Muse 100 Racquet,Grade A,"4 1/8""",239.0,305.0,UR8B01B
2026-08-29,Yonex,Yonex Muse 100 Racquet,Grade B,"4 1/8""",229.0,305.0,UR0B35D
2026-08-29,Yonex,Yonex Muse 100 Racquet,Grade A,"4 3/8""",239.0,305.0,UR0B29E
2026-08-29,Yonex,Yonex Muse 100L Racquet,Grade B,"4 1/8""",239.0,305.0,UR0B29D
2026-08-29,Yonex,Yonex Percept 97D Racquet,Grade B,"4 3/8""",249.0,305.0,URD0E03C
2026-08-29,Tecnifibre,Tecnifibre TFight Blue 305S Racquet,Grade B,"4 1/4""",229.0,279.95,UR0C05B
2026-08-29,Tecnifibre,Tecnifibre TFight Blue 305S Racquet,Grade B,"4 3/8""",229.0,279.95,UR0C19D
2026-08-29,Tecnifibre,Tecnifibre TFight 305S Racquet,Grade B,"4 1/4""",229.0,279.0,URD0E03D
2026-08-29,Tecnifibre,Tecnifibre TFight 305S Racquet,Grade C,"4 3/8""",189.0,279.0,UR8B19E
2026-08-29,Tecnifibre,Tecnifibre TFight 305S Racquet,Grade C,"4 3/8""",189.0,279.0,UR8B18C
2026-08-29,Tecnifibre,Tecnifibre TFight 305S Racquet,Grade C,"4 1/2""",229.0,279.0,UR0C39A
2026-08-29,Tecnifibre,Tecnifibre TFight 300 Racquet,Grade B,"4 1/2""",189.0,269.0,UR0B25C
2026-08-29,Tecnifibre,Tecnifibre Fire 285 Racquet,Grade A,"4 3/8""",209.0,249.0,UR0C23B
2026-08-29,Tecnifibre,Tecnifibre Fire 285 Racquet,Grade B,"4 3/8""",199.0,249.0,UR0B27B
2026-08-29,Tecnifibre,Tecnifibre Fire 260 OS Racquet,Grade A,"4 1/4""",209.0,249.0,UR0C01E
2026-08-29,Tecnifibre,Tecnifibre TF40 315g (16x19) Racquet 2024,Grade A,"4 1/4""",239.0,279.0,UR0C01F
2026-08-29,Tecnifibre,Tecnifibre TF40 315g (16x19) Racquet 2024,Grade A,"4 3/8""",239.0,279.0,UR0C05A
2026-08-29,Tecnifibre,Tecnifibre TF40 315g (16x19) Racquet 2024,Grade B,"4 3/8""",229.0,279.0,UR0B35F
2026-08-29,Tecnifibre,Tecnifibre TF40 290g (16x19) Racquet 2024,Grade B,"4 1/4""",209.0,249.0,UR0C07C
2026-08-29,Tecnifibre,Tecnifibre TF40 290g (16x19) Racquet 2024,Grade B,"4 3/8""",199.0,249.0,UR0C03C
2026-08-30,Wilson,Wilson Blade Pro 100 v10 Racquet,Grade B,"4 1/2""",249.0,299.0,URD0E01B
2026-08-30,Wilson,Wilson Blade 100 v10 Racquet,Grade B,"4 1/4""",249.0,299.0,UR0C25D
2026-08-30,Wilson,Wilson Blade 100L v10 Racquet,Grade A,"4 1/4""",249.0,289.0,UR0C19C
2026-08-30,Wilson,Wilson Blade 98 18x20 v9 Racquet,Grade A,"4 1/4""",199.0,249.0,UR0C13E
2026-08-30,Wilson,Wilson Blade 98S v9 Racquet,Grade A,"4 1/8""",209.0,249.0,UR8A15A
2026-08-30,Wilson,Wilson Blade 98S v9 Racquet,Grade A,"4 1/8""",209.0,249.0,UR8A11A
2026-08-30,Wilson,Wilson Blade 104 v9 Racquet,Grade B,"4 1/4""",199.0,249.0,UR8B15D
2026-08-30,Wilson,Wilson Blade 104 v9 Racquet,Grade B,"4 3/8""",199.0,249.0,UR8A15C
2026-08-30,Wilson,Wilson RF 01 Pro Racquet,Grade A,"4 1/4""",269.0,349.0,UR0C27A
2026-08-30,Wilson,Wilson RF 01 Pro Racquet,Grade B,"4 3/8""",259.0,349.0,UR0C17C
2026-08-30,Wilson,Wilson RF 01 Pro Racquet,Grade B,"4 1/2""",259.0,349.0,UR0C29A
2026-08-30,Wilson,Wilson RF 01 Pro Racquet,Grade B,"4 1/2""",259.0,349.0,UR8A17B
2026-08-30,Wilson,Wilson RF 01 Pro Racquet,Grade B,"4 1/2""",259.0,349.0,UR8A18A
2026-08-30,Wilson,Wilson RF 01 Pro Racquet,Grade B,"4 1/2""",259.0,349.0,UR8A05G
2026-08-30,Wilson,Wilson RF 01 Racquet,Grade B,"4 1/8""",249.0,329.0,UR8A20E
2026-08-30,Wilson,Wilson RF 01 Racquet,Grade A,"4 3/8""",259.0,329.0,UR0C25F
2026-08-30,Wilson,Wilson RF 01 Racquet,Grade A,"4 3/8""",259.0,329.0,UR8A10F
2026-08-30,Wilson,Wilson RF 01 Racquet,Grade B,"4 3/8""",249.0,329.0,UR8B14G
2026-08-30,Wilson,Wilson RF 01 Racquet,Grade B,"4 3/8""",249.0,329.0,UR8A03G
2026-08-30,Wilson,Wilson RF 01 Future Racquet,Grade B,"4 1/4""",229.0,309.0,UR8B12D
2026-08-30,Wilson,Wilson Blade Pro 98 16x19 v9 Racquet,Grade C,"4 1/2""",179.0,269.0,UR0C17B
2026-08-30,Wilson,Wilson Blade Pro 98 16x19 v9 Racquet,Grade C,"4 1/2""",179.0,269.0,UR0C17F
2026-08-30,Wilson,Wilson Ultra 99 Pro v5 Racquet,Grade B,"4 1/4""",229.0,299.0,UR8A06A
2026-08-30,Wilson,Wilson Ultra 99 Pro v5 Racquet,Grade B,"4 3/8""",229.0,299.0,UR8A17G
2026-08-30,Wilson,Wilson Clash 100 Pro v3 Racquet,Grade C,"4 3/8""",239.0,299.0,URD0E01C
2026-08-30,Wilson,Wilson Clash 100L v3 Racquet,Grade B,"4 1/8""",219.0,289.0,UR8A08F
2026-08-30,Wilson,Wilson Clash 100L v3 Racquet,Grade C,"4 1/4""",199.0,289.0,UR8B13F
2026-08-30,Wilson,Wilson Clash 100L v3 Reverse Racquet,Grade B,"4 3/8""",219.0,289.0,UR8A11C
2026-08-30,Wilson,Wilson Clash 108 v3 Racquet,Grade B,"4 3/8""",209.0,299.0,UR0C23C
2026-08-30,Wilson,Wilson Clash 108 v3 Racquet,Grade B,"4 1/2""",209.0,299.0,UR8A12E
2026-08-30,Wilson,Wilson Clash 108 v3 Racquet,Grade B,"4 1/2""",209.0,299.0,UR0C03F
2026-08-30,Wilson,Wilson Pro Staff 97 Classic Racquet,Grade B,"4 1/8""",249.0,299.0,UR0C27C
2026-08-30,Wilson,Wilson Ultra 100 v5 Racquet,Grade B,"4 1/8""",229.0,299.0,UR8B08F
2026-08-30,Wilson,Wilson Ultra 100 v5 Racquet,Grade A,"4 1/4""",239.0,299.0,UR8A05B
2026-08-30,Wilson,Wilson Ultra 100L v5 Racquet,Grade B,"4 3/8""",159.0,289.0,UR8B11A
2026-08-30,Wilson,Wilson Ultra 100UL v5 Racquet,Grade B,"4 3/8""",209.0,279.0,UR0B25F
2026-08-30,Wilson,Wilson Ultra 111 v5 Racquet,Grade A,"4 3/8""",229.0,289.0,UR8A07E
2026-08-30,Wilson,Wilson Ultra 111 v5 Racquet,Grade A,"4 3/8""",229.0,289.0,UR8A03F
2026-08-30,Wilson,Wilson Triad Three Racquet,Grade B,"4 1/4""",219.0,269.0,UR0C01B
2026-08-30,Head,Head Speed Tour 2026 Racquet,Grade B,"4 3/8""",199.0,269.0,UR0C07F
2026-08-30,Head,Head Speed Tour 2026 Racquet,Grade C,"4 3/8""",189.0,269.0,UR0C35E
2026-08-30,Head,Head Speed Pro 2026 Racquet,Grade A,"4 1/2""",229.0,269.0,URD0E01E
2026-08-30,Head,Head Speed Pro 2026 Racquet,Grade B,"4 1/2""",219.0,269.0,URD0D01B
2026-08-30,Head,Head Speed Pro 2026 Racquet,Grade C,"4 1/2""",209.0,269.0,URD0D05D
2026-08-30,Head,Head Speed Team 2026 Racquet,Grade A,"4""",189.0,239.0,UR0B23B
2026-08-30,Head,Head Speed Team 2026 Racquet,Grade A,"4 1/4""",189.0,239.0,UR8B11G
2026-08-30,Head,Head Speed Pro Legend 2025 Racquet,Grade C,"4 1/4""",199.0,269.0,UR0C29C
2026-08-30,Head,Head Extreme Pro 2024 Racquet,Grade B,"4 1/2""",149.0,199.0,UR0C11F
2026-08-30,Head,Head Extreme Pro 2024 Racquet,Grade B,"4 1/2""",149.0,199.0,UR0C15A
2026-08-30,Head,Head Extreme Tour Racquet,Grade A,"4 5/8""",159.0,159.0,UR0C15F
2026-08-30,Head,Head Extreme Team Racquet,Grade C,"4 1/4""",119.0,179.0,UR0C29F
2026-08-30,Head,Head Boom MP 2026 Racquet,Grade A,"4 3/8""",219.0,259.0,UR0C03E
2026-08-30,Head,Head Boom Pro Racquet,Grade B,"4 1/2""",139.0,159.0,UR0B37C
2026-08-30,Head,Head Gravity Pro 2025 Racquet,Grade B,"4 1/4""",199.0,269.0,UR0C07D
2026-08-30,Head,Head Gravity Pro 2025 Racquet,Grade B,"4 1/4""",199.0,269.0,UR0C09A
2026-08-30,Head,Head Gravity Pro 2025 Racquet,Grade B,"4 1/4""",199.0,269.0,UR0C25A
2026-08-30,Head,Head Gravity Pro 2025 Racquet,Grade B,"4 1/4""",199.0,269.0,UR0C29D
2026-08-30,Head,Head Gravity Pro 2025 Racquet,Grade C,"4 1/4""",179.0,269.0,UR0B37E
2026-08-30,Head,Head Gravity Pro 2025 Racquet,Grade B,"4 3/8""",199.0,269.0,URD0D05C
2026-08-30,Head,Head Gravity Pro 2025 Racquet,Grade B,"4 3/8""",199.0,269.0,URD0D03D
2026-08-30,Head,Head Gravity Pro 2025 Racquet,Grade B,"4 1/2""",199.0,269.0,UR0C31F
2026-08-30,Head,Head Gravity Pro 2025 Racquet,Grade B,"4 1/2""",199.0,269.0,UR8A04G
2026-08-30,Head,Head Gravity Tour 2025 Racquet,Grade B,"4 3/8""",209.0,269.0,URD0D01E
2026-08-30,Head,Head Gravity Tour 2025 Racquet,Grade B,"4 1/2""",209.0,269.0,UR0C29B
2026-08-30,Head,Head Gravity MP 2025 Racquet,Grade A,"4 1/4""",209.0,259.0,UR8B18G
2026-08-30,Head,Head Gravity MP 2025 Racquet,Grade B,"4 1/4""",199.0,259.0,UR0B27A
2026-08-30,Head,Head Gravity MP 2025 Racquet,Grade B,"4 3/8""",199.0,259.0,URD0E01D
2026-08-30,Head,Head Gravity MP L 2025 Racquet,Grade A,"4 1/4""",199.0,239.0,UR8A01C
2026-08-30,Head,Head Gravity MP L 2025 Racquet,Grade A,"4 1/4""",199.0,239.0,UR8A04C
2026-08-30,Head,Head Gravity Team 2025 Racquet,Grade C,"4 1/4""",169.0,229.0,UR8B01G
2026-08-30,Head,Head Gravity Team 2025 Racquet,Grade A,"4 3/8""",189.0,229.0,UR8B20C
2026-08-30,Head,Head Gravity Team 2025 Racquet,Grade A,"4 3/8""",189.0,229.0,UR8B01D
2026-08-30,Head,Head Gravity Team 2025 Racquet,Grade C,"4 3/8""",169.0,229.0,URD0D09B
2026-08-30,Head,Head Radical Pro 2025 Racquet,Grade B,"4 1/4""",219.0,269.0,UR0C31E
2026-08-30,Head,Head Radical Pro 2025 Racquet,Grade B,"4 1/2""",219.0,269.0,UR0B25E
2026-08-30,Head,Head Radical Team 2025 Racquet,Grade B,"4 1/4""",189.0,229.0,UR0B39C
2026-08-30,Head,Head Prestige Pro Racquet,Grade C,"4 3/8""",159.0,269.0,URD0E05B
2026-08-30,Head,Head Prestige Tour Racquet,Grade B,"4 1/2""",199.0,269.0,UR0C03A
2026-08-30,Head,Head Prestige MP L Racquet,Grade B,"4 1/4""",189.0,259.0,UR0B27F
2026-08-30,Head,Head Prestige MP L Racquet,Grade A,"4 3/8""",209.0,259.0,UR8A01D
2026-08-30,Head,Head Prestige MP L Racquet,Grade B,"4 3/8""",189.0,259.0,UR0B29B
2026-08-30,Head,Head Prestige MP L Racquet,Grade B,"4 3/8""",189.0,259.0,URD0D11E
2026-08-30,Head,Head Instinct PWR 110 Racquet,Grade B,"4 1/8""",99.0,139.0,UR8B17B
2026-08-30,Head,Head PWR 110 Racquet,Grade A,"4 1/8""",159.0,199.0,UR0C05C
2026-08-30,Yonex,Yonex EZONE 98+ (2025) Racquet,Grade C,"4 1/4""",229.0,305.0,UR0B29F
2026-08-30,Yonex,Yonex EZONE 98+ (2025) Racquet,Grade C,"4 3/8""",219.0,305.0,UR8B19D
2026-08-30,Yonex,Yonex EZONE 98+ (2025) Racquet,Grade C,"4 3/8""",219.0,305.0,UR8B20D
2026-08-30,Yonex,Yonex Muse 98 Racquet,Grade B,"4 3/8""",239.0,305.0,UR0B31D
2026-08-30,Yonex,Yonex Muse 100 Racquet,Grade A,"4 1/8""",239.0,305.0,UR8B01B
2026-08-30,Yonex,Yonex Muse 100 Racquet,Grade B,"4 1/8""",229.0,305.0,UR0B35D
2026-08-30,Yonex,Yonex Muse 100 Racquet,Grade A,"4 3/8""",239.0,305.0,UR0B29E
2026-08-30,Yonex,Yonex Muse 100L Racquet,Grade B,"4 1/8""",239.0,305.0,UR0B29D
2026-08-30,Yonex,Yonex Percept 97D Racquet,Grade B,"4 3/8""",249.0,305.0,URD0E03C
2026-08-30,Tecnifibre,Tecnifibre TFight Blue 305S Racquet,Grade B,"4 1/4""",229.0,279.95,UR0C05B
2026-08-30,Tecnifibre,Tecnifibre TFight Blue 305S Racquet,Grade B,"4 3/8""",229.0,279.95,UR0C19D
2026-08-30,Tecnifibre,Tecnifibre TFight 305S Racquet,Grade B,"4 1/4""",229.0,279.0,URD0E03D
2026-08-30,Tecnifibre,Tecnifibre TFight 305S Racquet,Grade C,"4 3/8""",189.0,279.0,UR8B19E
2026-08-30,Tecnifibre,Tecnifibre TFight 305S Racquet,Grade C,"4 3/8""",189.0,279.0,UR8B18C
2026-08-30,Tecnifibre,Tecnifibre TFight 305S Racquet,Grade C,"4 1/2""",229.0,279.0,UR0C39A
2026-08-30,Tecnifibre,Tecnifibre TFight 300 Racquet,Grade B,"4 1/2""",189.0,269.0,UR0B25C
2026-08-30,Tecnifibre,Tecnifibre Fire 285 Racquet,Grade A,"4 3/8""",209.0,249.0,UR0C23B
2026-08-30,Tecnifibre,Tecnifibre Fire 285 Racquet,Grade B,"4 3/8""",199.0,249.0,UR0B27B
2026-08-30,Tecnifibre,Tecnifibre Fire 260 OS Racquet,Grade A,"4 1/4""",209.0,249.0,UR0C01E
2026-08-30,Tecnifibre,Tecnifibre TF40 315g (16x19) Racquet 2024,Grade A,"4 1/4""",239.0,279.0,UR0C01F
2026-08-30,Tecnifibre,Tecnifibre TF40 315g (16x19) Racquet 2024,Grade A,"4 3/8""",239.0,279.0,UR0C05A
2026-08-30,Tecnifibre,Tecnifibre TF40 315g (16x19) Racquet 2024,Grade B,"4 3/8""",229.0,279.0,UR0B35F
2026-08-30,Tecnifibre,Tecnifibre TF40 290g (16x19) Racquet 2024,Grade B,"4 1/4""",209.0,249.0,UR0C07C
2026-08-30,Tecnifibre,Tecnifibre TF40 290g (16x19) Racquet 2024,Grade B,"4 3/8""",199.0,249.0,UR0C03C
2026-08-31,Wilson,Wilson Blade Pro 100 v10 Racquet,Grade B,"4 1/2""",249.0,299.0,URD0E01B
2026-08-31,Wilson,Wilson Blade 100 v10 Racquet,Grade B,"4 1/4""",249.0,299.0,UR0C25D
2026-08-31,Wilson,Wilson Blade 100L v10 Racquet,Grade A,"4 1/4""",249.0,289.0,UR0C19C
2026-08-31,Wilson,Wilson Blade 98 18x20 v9 Racquet,Grade A,"4 1/4""",199.0,249.0,UR0C13E
2026-08-31,Wilson,Wilson Blade 98S v9 Racquet,Grade A,"4 1/8""",209.0,249.0,UR8A15A
2026-08-31,Wilson,Wilson Blade 98S v9 Racquet,Grade A,"4 1/8""",209.0,249.0,UR8A11A
2026-08-31,Wilson,Wilson Blade 104 v9 Racquet,Grade B,"4 1/4""",199.0,249.0,UR8B15D
2026-08-31,Wilson,Wilson Blade 104 v9 Racquet,Grade B,"4 3/8""",199.0,249.0,UR8A15C
2026-08-31,Wilson,Wilson RF 01 Pro Racquet,Grade A,"4 1/4""",269.0,349.0,UR0C27A
2026-08-31,Wilson,Wilson RF 01 Pro Racquet,Grade B,"4 3/8""",259.0,349.0,UR0C17C
2026-08-31,Wilson,Wilson RF 01 Pro Racquet,Grade B,"4 1/2""",259.0,349.0,UR0C29A
2026-08-31,Wilson,Wilson RF 01 Pro Racquet,Grade B,"4 1/2""",259.0,349.0,UR8A17B
2026-08-31,Wilson,Wilson RF 01 Pro Racquet,Grade B,"4 1/2""",259.0,349.0,UR8A18A
2026-08-31,Wilson,Wilson RF 01 Pro Racquet,Grade B,"4 1/2""",259.0,349.0,UR8A05G
2026-08-31,Wilson,Wilson RF 01 Racquet,Grade B,"4 1/8""",249.0,329.0,UR8A20E
2026-08-31,Wilson,Wilson RF 01 Racquet,Grade A,"4 3/8""",259.0,329.0,UR0C25F
2026-08-31,Wilson,Wilson RF 01 Racquet,Grade A,"4 3/8""",259.0,329.0,UR8A10F
2026-08-31,Wilson,Wilson RF 01 Racquet,Grade B,"4 3/8""",249.0,329.0,UR8B14G
2026-08-31,Wilson,Wilson RF 01 Racquet,Grade B,"4 3/8""",249.0,329.0,UR8A03G
2026-08-31,Wilson,Wilson RF 01 Future Racquet,Grade B,"4 1/4""",229.0,309.0,UR8B12D
2026-08-31,Wilson,Wilson Blade Pro 98 16x19 v9 Racquet,Grade C,"4 1/2""",179.0,269.0,UR0C17B
2026-08-31,Wilson,Wilson Blade Pro 98 16x19 v9 Racquet,Grade C,"4 1/2""",179.0,269.0,UR0C17F
2026-08-31,Wilson,Wilson Ultra 99 Pro v5 Racquet,Grade B,"4 1/4""",229.0,299.0,UR8A06A
2026-08-31,Wilson,Wilson Clash 100 Pro v3 Racquet,Grade C,"4 3/8""",239.0,299.0,URD0E01C
2026-08-31,Wilson,Wilson Clash 100L v3 Racquet,Grade B,"4 1/8""",219.0,289.0,UR8A08F
2026-08-31,Wilson,Wilson Clash 100L v3 Racquet,Grade C,"4 1/4""",199.0,289.0,UR8B13F
2026-08-31,Wilson,Wilson Clash 100L v3 Reverse Racquet,Grade B,"4 3/8""",219.0,289.0,UR8A11C
2026-08-31,Wilson,Wilson Clash 108 v3 Racquet,Grade B,"4 3/8""",209.0,299.0,UR0C23C
2026-08-31,Wilson,Wilson Clash 108 v3 Racquet,Grade B,"4 1/2""",209.0,299.0,UR8A12E
2026-08-31,Wilson,Wilson Clash 108 v3 Racquet,Grade B,"4 1/2""",209.0,299.0,UR0C03F
2026-08-31,Wilson,Wilson Pro Staff 97 Classic Racquet,Grade B,"4 1/8""",249.0,299.0,UR0C27C
2026-08-31,Wilson,Wilson Ultra 100 v5 Racquet,Grade B,"4 1/8""",229.0,299.0,UR8B08F
2026-08-31,Wilson,Wilson Ultra 100 v5 Racquet,Grade A,"4 1/4""",239.0,299.0,UR8A05B
2026-08-31,Wilson,Wilson Ultra 100L v5 Racquet,Grade B,"4 3/8""",159.0,289.0,UR8B11A
2026-08-31,Wilson,Wilson Ultra 100UL v5 Racquet,Grade B,"4 3/8""",209.0,279.0,UR0B25F
2026-08-31,Wilson,Wilson Ultra 111 v5 Racquet,Grade A,"4 3/8""",229.0,289.0,UR8A07E
2026-08-31,Wilson,Wilson Ultra 111 v5 Racquet,Grade A,"4 3/8""",229.0,289.0,UR8A03F
2026-08-31,Wilson,Wilson Triad Three Racquet,Grade B,"4 1/4""",219.0,269.0,UR0C01B
2026-08-31,Head,Head Speed Tour 2026 Racquet,Grade B,"4 3/8""",199.0,269.0,UR0C07F
2026-08-31,Head,Head Speed Tour 2026 Racquet,Grade C,"4 3/8""",189.0,269.0,UR0C35E
2026-08-31,Head,Head Speed Pro 2026 Racquet,Grade A,"4 1/2""",229.0,269.0,URD0E01E
2026-08-31,Head,Head Speed Pro 2026 Racquet,Grade B,"4 1/2""",219.0,269.0,URD0D01B
2026-08-31,Head,Head Speed Pro 2026 Racquet,Grade C,"4 1/2""",209.0,269.0,URD0D05D
2026-08-31,Head,Head Speed Team 2026 Racquet,Grade A,"4""",189.0,239.0,UR0B23B
2026-08-31,Head,Head Speed Team 2026 Racquet,Grade A,"4 1/4""",189.0,239.0,UR8B11G
2026-08-31,Head,Head Speed Pro Legend 2025 Racquet,Grade C,"4 1/4""",199.0,269.0,UR0C29C
2026-08-31,Head,Head Extreme Pro 2024 Racquet,Grade B,"4 1/2""",149.0,199.0,UR0C11F
2026-08-31,Head,Head Extreme Pro 2024 Racquet,Grade B,"4 1/2""",149.0,199.0,UR0C15A
2026-08-31,Head,Head Extreme Tour Racquet,Grade A,"4 5/8""",159.0,159.0,UR0C15F
2026-08-31,Head,Head Extreme Team Racquet,Grade C,"4 1/4""",119.0,179.0,UR0C29F
2026-08-31,Head,Head Boom MP 2026 Racquet,Grade A,"4 3/8""",219.0,259.0,UR0C03E
2026-08-31,Head,Head Boom Pro Racquet,Grade B,"4 1/2""",139.0,159.0,UR0B37C
2026-08-31,Head,Head Gravity Pro 2025 Racquet,Grade B,"4 1/4""",199.0,269.0,UR0C07D
2026-08-31,Head,Head Gravity Pro 2025 Racquet,Grade B,"4 1/4""",199.0,269.0,UR0C09A
2026-08-31,Head,Head Gravity Pro 2025 Racquet,Grade B,"4 1/4""",199.0,269.0,UR0C25A
2026-08-31,Head,Head Gravity Pro 2025 Racquet,Grade B,"4 1/4""",199.0,269.0,UR0C29D
2026-08-31,Head,Head Gravity Pro 2025 Racquet,Grade C,"4 1/4""",179.0,269.0,UR0B37E
2026-08-31,Head,Head Gravity Pro 2025 Racquet,Grade B,"4 3/8""",199.0,269.0,URD0D05C
2026-08-31,Head,Head Gravity Pro 2025 Racquet,Grade B,"4 3/8""",199.0,269.0,URD0D03D
2026-08-31,Head,Head Gravity Pro 2025 Racquet,Grade B,"4 1/2""",199.0,269.0,UR0C31F
2026-08-31,Head,Head Gravity Pro 2025 Racquet,Grade B,"4 1/2""",199.0,269.0,UR8A04G
2026-08-31,Head,Head Gravity Tour 2025 Racquet,Grade B,"4 3/8""",209.0,269.0,URD0D01E
2026-08-31,Head,Head Gravity Tour 2025 Racquet,Grade B,"4 1/2""",209.0,269.0,UR0C29B
2026-08-31,Head,Head Gravity MP 2025 Racquet,Grade A,"4 1/4""",209.0,259.0,UR8B18G
2026-08-31,Head,Head Gravity MP 2025 Racquet,Grade B,"4 1/4""",199.0,259.0,UR0B27A
2026-08-31,Head,Head Gravity MP 2025 Racquet,Grade B,"4 3/8""",199.0,259.0,URD0E01D
2026-08-31,Head,Head Gravity MP L 2025 Racquet,Grade A,"4 1/4""",199.0,239.0,UR8A01C
2026-08-31,Head,Head Gravity MP L 2025 Racquet,Grade A,"4 1/4""",199.0,239.0,UR8A04C
2026-08-31,Head,Head Gravity Team 2025 Racquet,Grade C,"4 1/4""",169.0,229.0,UR8B01G
2026-08-31,Head,Head Gravity Team 2025 Racquet,Grade A,"4 3/8""",189.0,229.0,UR8B20C
2026-08-31,Head,Head Gravity Team 2025 Racquet,Grade A,"4 3/8""",189.0,229.0,UR8B01D
2026-08-31,Head,Head Gravity Team 2025 Racquet,Grade C,"4 3/8""",169.0,229.0,URD0D09B
2026-08-31,Head,Head Radical Pro 2025 Racquet,Grade B,"4 1/4""",219.0,269.0,UR0C31E
2026-08-31,Head,Head Radical Pro 2025 Racquet,Grade B,"4 1/2""",219.0,269.0,UR0B25E
2026-08-31,Head,Head Radical Team 2025 Racquet,Grade B,"4 1/4""",189.0,229.0,UR0B39C
2026-08-31,Head,Head Prestige Pro Racquet,Grade C,"4 3/8""",159.0,269.0,URD0E05B
2026-08-31,Head,Head Prestige Tour Racquet,Grade B,"4 1/2""",199.0,269.0,UR0C03A
2026-08-31,Head,Head Prestige MP L Racquet,Grade B,"4 1/4""",189.0,259.0,UR0B27F
2026-08-31,Head,Head Prestige MP L Racquet,Grade A,"4 3/8""",209.0,259.0,UR8A01D
2026-08-31,Head,Head Prestige MP L Racquet,Grade B,"4 3/8""",189.0,259.0,UR0B29B
2026-08-31,Head,Head Prestige MP L Racquet,Grade B,"4 3/8""",189.0,259.0,URD0D11E
2026-08-31,Head,Head Instinct PWR 110 Racquet,Grade B,"4 1/8""",99.0,139.0,UR8B17B
2026-08-31,Head,Head PWR 110 Racquet,Grade A,"4 1/8""",159.0,199.0,UR0C05C
2026-08-31,Yonex,Yonex EZONE 98+ (2025) Racquet,Grade C,"4 1/4""",229.0,305.0,UR0B29F
2026-08-31,Yonex,Yonex EZONE 98+ (2025) Racquet,Grade C,"4 3/8""",219.0,305.0,UR8B19D
2026-08-31,Yonex,Yonex EZONE 98+ (2025) Racquet,Grade C,"4 3/8""",219.0,305.0,UR8B20D
2026-08-31,Yonex,Yonex Muse 98 Racquet,Grade B,"4 3/8""",239.0,305.0,UR0B31D
2026-08-31,Yonex,Yonex Muse 100 Racquet,Grade A,"4 1/8""",239.0,305.0,UR8B01B
2026-08-31,Yonex,Yonex Muse 100 Racquet,Grade B,"4 1/8""",229.0,305.0,UR0B35D
2026-08-31,Yonex,Yonex Muse 100L Racquet,Grade B,"4 1/8""",239.0,305.0,UR0B29D
2026-08-31,Yonex,Yonex Percept 97D Racquet,Grade B,"4 3/8""",249.0,305.0,URD0E03C
2026-08-31,Tecnifibre,Tecnifibre TFight Blue 305S Racquet,Grade B,"4 1/4""",229.0,279.95,UR0C05B
2026-08-31,Tecnifibre,Tecnifibre TFight 305S Racquet,Grade B,"4 1/4""",229.0,279.0,URD0E03D
2026-08-31,Tecnifibre,Tecnifibre TFight 305S Racquet,Grade C,"4 3/8""",189.0,279.0,UR8B19E
2026-08-31,Tecnifibre,Tecnifibre TFight 305S Racquet,Grade C,"4 3/8""",189.0,279.0,UR8B18C
2026-08-31,Tecnifibre,Tecnifibre TFight 305S Racquet,Grade C,"4 1/2""",189.0,279.0,UR0C39A
2026-08-31,Tecnifibre,Tecnifibre TFight 300 Racquet,Grade B,"4 1/2""",189.0,269.0,UR0B25C
2026-08-31,Tecnifibre,Tecnifibre Fire 285 Racquet,Grade A,"4 3/8""",209.0,249.0,UR0C23B
2026-08-31,Tecnifibre,Tecnifibre Fire 285 Racquet,Grade B,"4 3/8""",199.0,249.0,UR0B27B
2026-08-31,Tecnifibre,Tecnifibre Fire 260 OS Racquet,Grade A,"4 1/4""",209.0,249.0,UR0C01E
2026-08-31,Tecnifibre,Tecnifibre TF40 315g (16x19) Racquet 2024,Grade A,"4 1/4""",239.0,279.0,UR0C01F
2026-08-31,Tecnifibre,Tecnifibre TF40 315g (16x19) Racquet 2024,Grade A,"4 3/8""",239.0,279.0,UR0C05A
2026-08-31,Tecnifibre,Tecnifibre TF40 315g (16x19) Racquet 2024,Grade B,"4 3/8""",229.0,279.0,UR0B35F
2026-08-31,Tecnifibre,Tecnifibre TF40 290g (16x19) Racquet 2024,Grade B,"4 1/4""",209.0,249.0,UR0C07C
2026-08-31,Tecnifibre,Tecnifibre TF40 290g (16x19) Racquet 2024,Grade B,"4 3/8""",199.0,249.0,UR0C03C
2026-08-31,Wilson,Wilson Pro Staff X v14 Racquet,Grade B,"4 1/2""",119.0,169.0,URD0E03E
2026-08-31,Head,Head Speed Tour 2026 Racquet,Grade C,"4 1/4""",209.0,269.0,UR0C11B
2026-08-31,Tecnifibre,Tecnifibre TF40 290g (16x19) Racquet 2024,Grade B,"4 1/4""",199.0,249.0,UR0C09D
2026-09-01,Wilson,Wilson Blade 100 v10 Racquet,Grade B,"4 1/4""",249.0,299.0,UR0C25D
2026-09-01,Wilson,Wilson Blade 100L v10 Racquet,Grade A,"4 1/4""",249.0,289.0,UR0C19C
2026-09-01,Wilson,Wilson Blade 98 18x20 v9 Racquet,Grade A,"4 1/4""",199.0,249.0,UR0C13E
2026-09-01,Wilson,Wilson Blade 98S v9 Racquet,Grade A,"4 1/8""",209.0,249.0,UR8A15A
2026-09-01,Wilson,Wilson Blade 98S v9 Racquet,Grade A,"4 1/8""",209.0,249.0,UR8A11A
2026-09-01,Wilson,Wilson Blade 104 v9 Racquet,Grade B,"4 1/4""",199.0,249.0,UR8B15D
2026-09-01,Wilson,Wilson Blade 104 v9 Racquet,Grade B,"4 3/8""",199.0,249.0,UR8A15C
2026-09-01,Wilson,Wilson RF 01 Pro Racquet,Grade A,"4 1/4""",269.0,349.0,UR0C27A
2026-09-01,Wilson,Wilson RF 01 Pro Racquet,Grade B,"4 3/8""",259.0,349.0,UR0C17C
2026-09-01,Wilson,Wilson RF 01 Pro Racquet,Grade B,"4 1/2""",259.0,349.0,UR0C29A
2026-09-01,Wilson,Wilson RF 01 Pro Racquet,Grade B,"4 1/2""",259.0,349.0,UR8A17B
2026-09-01,Wilson,Wilson RF 01 Pro Racquet,Grade B,"4 1/2""",259.0,349.0,UR8A18A
2026-09-01,Wilson,Wilson RF 01 Pro Racquet,Grade B,"4 1/2""",259.0,349.0,UR8A05G
2026-09-01,Wilson,Wilson RF 01 Racquet,Grade B,"4 1/8""",249.0,329.0,UR8A20E
2026-09-01,Wilson,Wilson RF 01 Racquet,Grade A,"4 3/8""",259.0,329.0,UR0C25F
2026-09-01,Wilson,Wilson RF 01 Racquet,Grade A,"4 3/8""",259.0,329.0,UR8A10F
2026-09-01,Wilson,Wilson RF 01 Racquet,Grade B,"4 3/8""",249.0,329.0,UR8B14G
2026-09-01,Wilson,Wilson RF 01 Racquet,Grade B,"4 3/8""",249.0,329.0,UR8A03G
2026-09-01,Wilson,Wilson RF 01 Future Racquet,Grade B,"4 1/4""",229.0,309.0,UR8B12D
2026-09-01,Wilson,Wilson Blade Pro 98 16x19 v9 Racquet,Grade C,"4 1/2""",179.0,269.0,UR0C17B
2026-09-01,Wilson,Wilson Blade Pro 98 16x19 v9 Racquet,Grade C,"4 1/2""",179.0,269.0,UR0C17F
2026-09-01,Wilson,Wilson Ultra 99 Pro v5 Racquet,Grade B,"4 1/4""",229.0,299.0,UR8A06A
2026-09-01,Wilson,Wilson Clash 100 Pro v3 Racquet,Grade C,"4 3/8""",239.0,299.0,URD0E01C
2026-09-01,Wilson,Wilson Clash 100L v3 Racquet,Grade B,"4 1/8""",219.0,289.0,UR8A08F
2026-09-01,Wilson,Wilson Clash 100L v3 Racquet,Grade C,"4 1/4""",199.0,289.0,UR8B13F
2026-09-01,Wilson,Wilson Clash 100L v3 Reverse Racquet,Grade B,"4 3/8""",219.0,289.0,UR8A11C
2026-09-01,Wilson,Wilson Clash 108 v3 Racquet,Grade B,"4 3/8""",209.0,299.0,UR0C23C
2026-09-01,Wilson,Wilson Clash 108 v3 Racquet,Grade B,"4 1/2""",209.0,299.0,UR8A12E
2026-09-01,Wilson,Wilson Clash 108 v3 Racquet,Grade B,"4 1/2""",209.0,299.0,UR0C03F
2026-09-01,Wilson,Wilson Pro Staff 97 Classic Racquet,Grade B,"4 1/8""",249.0,299.0,UR0C27C
2026-09-01,Wilson,Wilson Ultra 100 v5 Racquet,Grade B,"4 1/8""",229.0,299.0,UR8B08F
2026-09-01,Wilson,Wilson Ultra 100 v5 Racquet,Grade A,"4 1/4""",239.0,299.0,UR8A05B
2026-09-01,Wilson,Wilson Ultra 100L v5 Racquet,Grade B,"4 3/8""",159.0,289.0,UR8B11A
2026-09-01,Wilson,Wilson Ultra 100UL v5 Racquet,Grade B,"4 3/8""",209.0,279.0,UR0B25F
2026-09-01,Wilson,Wilson Ultra 111 v5 Racquet,Grade A,"4 3/8""",229.0,289.0,UR8A07E
2026-09-01,Wilson,Wilson Ultra 111 v5 Racquet,Grade A,"4 3/8""",229.0,289.0,UR8A03F
2026-09-01,Wilson,Wilson Triad Three Racquet,Grade B,"4 1/4""",219.0,269.0,UR0C01B
2026-09-01,Head,Head Speed Tour 2026 Racquet,Grade C,"4 1/4""",209.0,269.0,UR0C11B
2026-09-01,Head,Head Speed Tour 2026 Racquet,Grade C,"4 3/8""",189.0,269.0,UR0C35E
2026-09-01,Head,Head Speed Pro 2026 Racquet,Grade A,"4 1/2""",229.0,269.0,URD0E01E
2026-09-01,Head,Head Speed Pro 2026 Racquet,Grade B,"4 1/2""",219.0,269.0,URD0D01B
2026-09-01,Head,Head Speed Pro 2026 Racquet,Grade C,"4 1/2""",209.0,269.0,URD0D05D
2026-09-01,Head,Head Speed Team 2026 Racquet,Grade A,"4""",189.0,239.0,UR0B23B
2026-09-01,Head,Head Speed Team 2026 Racquet,Grade A,"4 1/4""",189.0,239.0,UR8B11G
2026-09-01,Head,Head Speed Pro Legend 2025 Racquet,Grade C,"4 1/4""",199.0,269.0,UR0C29C
2026-09-01,Head,Head Extreme Pro 2024 Racquet,Grade B,"4 1/2""",149.0,199.0,UR0C11F
2026-09-01,Head,Head Extreme Pro 2024 Racquet,Grade B,"4 1/2""",149.0,199.0,UR0C15A
2026-09-01,Head,Head Extreme Tour Racquet,Grade A,"4 5/8""",159.0,159.0,UR0C15F
2026-09-01,Head,Head Extreme Team Racquet,Grade C,"4 1/4""",119.0,179.0,UR0C29F
2026-09-01,Head,Head Boom MP 2026 Racquet,Grade A,"4 3/8""",219.0,259.0,UR0C03E
2026-09-01,Head,Head Boom Pro Racquet,Grade B,"4 1/2""",139.0,159.0,UR0B37C
2026-09-01,Head,Head Boom MP Racquet,Grade B,"4 3/8""",59.0,99.0,URD0D03E
2026-09-01,Head,Head Gravity Pro 2025 Racquet,Grade B,"4 1/4""",199.0,269.0,UR0C07D
2026-09-01,Head,Head Gravity Pro 2025 Racquet,Grade B,"4 1/4""",199.0,269.0,UR0C09A
2026-09-01,Head,Head Gravity Pro 2025 Racquet,Grade B,"4 1/4""",199.0,269.0,UR0C25A
2026-09-01,Head,Head Gravity Pro 2025 Racquet,Grade B,"4 1/4""",199.0,269.0,UR0C29D
2026-09-01,Head,Head Gravity Pro 2025 Racquet,Grade C,"4 1/4""",179.0,269.0,UR0B37E
2026-09-01,Head,Head Gravity Pro 2025 Racquet,Grade B,"4 3/8""",199.0,269.0,URD0D05C
2026-09-01,Head,Head Gravity Pro 2025 Racquet,Grade B,"4 3/8""",199.0,269.0,URD0D03D
2026-09-01,Head,Head Gravity Pro 2025 Racquet,Grade B,"4 1/2""",199.0,269.0,UR0C31F
2026-09-01,Head,Head Gravity Pro 2025 Racquet,Grade B,"4 1/2""",199.0,269.0,UR8A04G
2026-09-01,Head,Head Gravity Tour 2025 Racquet,Grade B,"4 3/8""",209.0,269.0,URD0D01E
2026-09-01,Head,Head Gravity Tour 2025 Racquet,Grade B,"4 1/2""",209.0,269.0,UR0C29B
2026-09-01,Head,Head Gravity MP 2025 Racquet,Grade A,"4 1/4""",209.0,259.0,UR8B18G
2026-09-01,Head,Head Gravity MP 2025 Racquet,Grade B,"4 1/4""",199.0,259.0,UR0B27A
2026-09-01,Head,Head Gravity MP 2025 Racquet,Grade B,"4 3/8""",199.0,259.0,URD0E01D
2026-09-01,Head,Head Gravity MP L 2025 Racquet,Grade A,"4 1/4""",199.0,239.0,UR8A01C
2026-09-01,Head,Head Gravity MP L 2025 Racquet,Grade A,"4 1/4""",199.0,239.0,UR8A04C
2026-09-01,Head,Head Gravity Team 2025 Racquet,Grade C,"4 1/4""",169.0,229.0,UR8B01G
2026-09-01,Head,Head Gravity Team 2025 Racquet,Grade A,"4 3/8""",189.0,229.0,UR8B20C
2026-09-01,Head,Head Gravity Team 2025 Racquet,Grade A,"4 3/8""",189.0,229.0,UR8B01D
2026-09-01,Head,Head Gravity Team 2025 Racquet,Grade C,"4 3/8""",169.0,229.0,URD0D09B
2026-09-01,Head,Head Radical Pro 2025 Racquet,Grade B,"4 1/4""",219.0,269.0,UR0C31E
2026-09-01,Head,Head Radical Pro 2025 Racquet,Grade B,"4 1/2""",219.0,269.0,UR0B25E
2026-09-01,Head,Head Radical Team 2025 Racquet,Grade B,"4 1/4""",189.0,229.0,UR0B39C
2026-09-01,Head,Head Prestige Pro Racquet,Grade C,"4 3/8""",159.0,269.0,URD0E05B
2026-09-01,Head,Head Prestige Tour Racquet,Grade B,"4 1/2""",199.0,269.0,UR0C03A
2026-09-01,Head,Head Prestige MP L Racquet,Grade B,"4 1/4""",189.0,259.0,UR0B27F
2026-09-01,Head,Head Prestige MP L Racquet,Grade A,"4 3/8""",209.0,259.0,UR8A01D
2026-09-01,Head,Head Prestige MP L Racquet,Grade B,"4 3/8""",189.0,259.0,UR0B29B
2026-09-01,Head,Head Prestige MP L Racquet,Grade B,"4 3/8""",189.0,259.0,URD0D11E
2026-09-01,Head,Head Instinct PWR 110 Racquet,Grade B,"4 1/8""",99.0,139.0,UR8B17B
2026-09-01,Head,Head PWR 110 Racquet,Grade A,"4 1/8""",159.0,199.0,UR0C05C
2026-09-01,Yonex,Yonex EZONE 98+ (2025) Racquet,Grade C,"4 1/4""",229.0,305.0,UR0B29F
2026-09-01,Yonex,Yonex EZONE 98+ (2025) Racquet,Grade C,"4 3/8""",219.0,305.0,UR8B19D
2026-09-01,Yonex,Yonex EZONE 98+ (2025) Racquet,Grade C,"4 3/8""",219.0,305.0,UR8B20D
2026-09-01,Yonex,Yonex Muse 98 Racquet,Grade B,"4 3/8""",239.0,305.0,UR0B31D
2026-09-01,Yonex,Yonex Muse 100 Racquet,Grade A,"4 1/8""",239.0,305.0,UR8B01B
2026-09-01,Yonex,Yonex Muse 100 Racquet,Grade B,"4 1/8""",229.0,305.0,UR0B35D
2026-09-01,Yonex,Yonex Muse 100L Racquet,Grade B,"4 1/8""",239.0,305.0,UR0B29D
2026-09-01,Yonex,Yonex Percept 97D Racquet,Grade B,"4 3/8""",249.0,305.0,URD0E03C
2026-09-01,Tecnifibre,Tecnifibre TFight Blue 305S Racquet,Grade B,"4 1/4""",229.0,279.95,UR0C05B
2026-09-01,Tecnifibre,Tecnifibre TFight 305S Racquet,Grade B,"4 1/4""",229.0,279.0,URD0E03D
2026-09-01,Tecnifibre,Tecnifibre TFight 305S Racquet,Grade C,"4 3/8""",189.0,279.0,UR8B19E
2026-09-01,Tecnifibre,Tecnifibre TFight 305S Racquet,Grade C,"4 3/8""",189.0,279.0,UR8B18C
2026-09-01,Tecnifibre,Tecnifibre TFight 305S Racquet,Grade C,"4 1/2""",189.0,279.0,UR0C39A
2026-09-01,Tecnifibre,Tecnifibre TFight 300 Racquet,Grade B,"4 1/2""",189.0,269.0,UR0B25C
2026-09-01,Tecnifibre,Tecnifibre Fire 285 Racquet,Grade A,"4 3/8""",209.0,249.0,UR0C23B
2026-09-01,Tecnifibre,Tecnifibre Fire 285 Racquet,Grade B,"4 3/8""",199.0,249.0,UR0B27B
2026-09-01,Tecnifibre,Tecnifibre Fire 260 OS Racquet,Grade A,"4 1/4""",209.0,249.0,UR0C01E
2026-09-01,Tecnifibre,Tecnifibre TF40 315g (16x19) Racquet 2024,Grade A,"4 1/4""",239.0,279.0,UR0C01F
2026-09-01,Tecnifibre,Tecnifibre TF40 315g (16x19) Racquet 2024,Grade A,"4 3/8""",239.0,279.0,UR0C05A
2026-09-01,Tecnifibre,Tecnifibre TF40 315g (16x19) Racquet 2024,Grade B,"4 3/8""",229.0,279.0,UR0B35F
2026-09-01,Tecnifibre,Tecnifibre TF40 290g (16x19) Racquet 2024,Grade B,"4 1/4""",209.0,249.0,UR0C07C
2026-09-01,Tecnifibre,Tecnifibre TF40 290g (16x19) Racquet 2024,Grade B,"4 1/4""",199.0,249.0,UR0C09D
2026-09-01,Tecnifibre,Tecnifibre TF40 290g (16x19) Racquet 2024,Grade B,"4 3/8""",199.0,249.0,UR0C03C
2026-09-01,Head,Head Speed MP Racquet,Grade C,"4 3/8""",109.0,164.0,UR8A01B
2026-09-01,Head,Head Speed MP Racquet,Grade C,"4 3/8""",109.0,164.0,UR8A19A
2026-09-01,Head,Head Boom MP 2024 Racquet,Grade A,"4 3/8""",119.0,159.0,UR8A07A
2026-09-01,Head,Head Radical MP 2025 Racquet,Grade B,"4 1/4""",199.0,219.0,UR8A04B
2026-09-01,Yonex,Yonex EZONE 100+ Racquet,Grade C,"4 3/8""",99.0,169.0,UR0C07F
2026-09-02,Wilson,Wilson Blade 100 v10 Racquet,Grade B,"4 1/4""",249.0,299.0,UR0C25D
2026-09-02,Wilson,Wilson Blade 100L v10 Racquet,Grade A,"4 1/4""",249.0,289.0,UR0C19C
2026-09-02,Wilson,Wilson Blade 98 18x20 v9 Racquet,Grade A,"4 1/4""",199.0,249.0,UR0C13E
2026-09-02,Wilson,Wilson Blade 98S v9 Racquet,Grade A,"4 1/8""",209.0,249.0,UR8A15A
2026-09-02,Wilson,Wilson Blade 98S v9 Racquet,Grade A,"4 1/8""",209.0,249.0,UR8A11A
2026-09-02,Wilson,Wilson Blade 104 v9 Racquet,Grade B,"4 1/4""",199.0,249.0,UR8B15D
2026-09-02,Wilson,Wilson Blade 104 v9 Racquet,Grade B,"4 3/8""",199.0,249.0,UR8A15C
2026-09-02,Wilson,Wilson RF 01 Pro Racquet,Grade A,"4 1/4""",269.0,299.0,UR0C27A
2026-09-02,Wilson,Wilson RF 01 Pro Racquet,Grade B,"4 3/8""",259.0,299.0,UR0C17C
2026-09-02,Wilson,Wilson RF 01 Pro Racquet,Grade B,"4 1/2""",259.0,299.0,UR0C29A
2026-09-02,Wilson,Wilson RF 01 Pro Racquet,Grade B,"4 1/2""",259.0,299.0,UR8A17B
2026-09-02,Wilson,Wilson RF 01 Pro Racquet,Grade B,"4 1/2""",259.0,299.0,UR8A18A
2026-09-02,Wilson,Wilson RF 01 Pro Racquet,Grade B,"4 1/2""",259.0,299.0,UR8A05G
2026-09-02,Wilson,Wilson RF 01 Racquet,Grade B,"4 1/8""",249.0,279.0,UR8A20E
2026-09-02,Wilson,Wilson RF 01 Racquet,Grade A,"4 3/8""",259.0,279.0,UR0C25F
2026-09-02,Wilson,Wilson RF 01 Racquet,Grade A,"4 3/8""",259.0,279.0,UR8A10F
2026-09-02,Wilson,Wilson RF 01 Racquet,Grade B,"4 3/8""",249.0,279.0,UR8B14G
2026-09-02,Wilson,Wilson RF 01 Racquet,Grade B,"4 3/8""",249.0,279.0,UR8A03G
2026-09-02,Wilson,Wilson RF 01 Future Racquet,Grade B,"4 1/4""",229.0,269.0,UR8B12D
2026-09-02,Wilson,Wilson Blade Pro 98 16x19 v9 Racquet,Grade C,"4 1/2""",179.0,269.0,UR0C17B
2026-09-02,Wilson,Wilson Blade Pro 98 16x19 v9 Racquet,Grade C,"4 1/2""",179.0,269.0,UR0C17F
2026-09-02,Wilson,Wilson Ultra 99 Pro v5 Racquet,Grade B,"4 1/4""",229.0,299.0,UR8A06A
2026-09-02,Wilson,Wilson Clash 100 Pro v3 Racquet,Grade C,"4 3/8""",239.0,299.0,URD0E01C
2026-09-02,Wilson,Wilson Clash 100L v3 Racquet,Grade B,"4 1/8""",219.0,289.0,UR8A08F
2026-09-02,Wilson,Wilson Clash 100L v3 Racquet,Grade C,"4 1/4""",199.0,289.0,UR8B13F
2026-09-02,Wilson,Wilson Clash 100L v3 Reverse Racquet,Grade B,"4 3/8""",219.0,229.0,UR8A11C
2026-09-02,Wilson,Wilson Clash 108 v3 Racquet,Grade B,"4 3/8""",209.0,299.0,UR0C23C
2026-09-02,Wilson,Wilson Clash 108 v3 Racquet,Grade B,"4 1/2""",209.0,299.0,UR8A12E
2026-09-02,Wilson,Wilson Clash 108 v3 Racquet,Grade B,"4 1/2""",209.0,299.0,UR0C03F
2026-09-02,Wilson,Wilson Pro Staff 97 Classic Racquet,Grade B,"4 1/8""",249.0,299.0,UR0C27C
2026-09-02,Wilson,Wilson Ultra 100 v5 Racquet,Grade B,"4 1/8""",229.0,299.0,UR8B08F
2026-09-02,Wilson,Wilson Ultra 100 v5 Racquet,Grade A,"4 1/4""",239.0,299.0,UR8A05B
2026-09-02,Wilson,Wilson Ultra 100L v5 Racquet,Grade B,"4 3/8""",159.0,289.0,UR8B11A
2026-09-02,Wilson,Wilson Ultra 100UL v5 Racquet,Grade B,"4 3/8""",209.0,279.0,UR0B25F
2026-09-02,Wilson,Wilson Ultra 111 v5 Racquet,Grade A,"4 3/8""",229.0,289.0,UR8A07E
2026-09-02,Wilson,Wilson Ultra 111 v5 Racquet,Grade A,"4 3/8""",229.0,289.0,UR8A03F
2026-09-02,Wilson,Wilson Triad Three Racquet,Grade B,"4 1/4""",219.0,269.0,UR0C01B
2026-09-02,Head,Head Speed Tour 2026 Racquet,Grade C,"4 1/4""",209.0,269.0,UR0C11B
2026-09-02,Head,Head Speed Tour 2026 Racquet,Grade C,"4 3/8""",189.0,269.0,UR0C35E
2026-09-02,Head,Head Speed Pro 2026 Racquet,Grade A,"4 1/2""",229.0,269.0,URD0E01E
2026-09-02,Head,Head Speed Pro 2026 Racquet,Grade B,"4 1/2""",219.0,269.0,URD0D01B
2026-09-02,Head,Head Speed Pro 2026 Racquet,Grade C,"4 1/2""",209.0,269.0,URD0D05D
2026-09-02,Head,Head Speed Team 2026 Racquet,Grade A,"4""",189.0,239.0,UR0B23B
2026-09-02,Head,Head Speed Team 2026 Racquet,Grade A,"4 1/4""",189.0,239.0,UR8B11G
2026-09-02,Head,Head Speed Pro Legend 2025 Racquet,Grade C,"4 1/4""",199.0,269.0,UR0C29C
2026-09-02,Head,Head Speed MP Racquet,Grade C,"4 3/8""",109.0,164.0,UR8A01B
2026-09-02,Head,Head Speed MP Racquet,Grade C,"4 3/8""",109.0,164.0,UR8A19A
2026-09-02,Head,Head Extreme Pro 2024 Racquet,Grade B,"4 1/2""",149.0,199.0,UR0C11F
2026-09-02,Head,Head Extreme Pro 2024 Racquet,Grade B,"4 1/2""",149.0,199.0,UR0C15A
2026-09-02,Head,Head Extreme Tour Racquet,Grade A,"4 5/8""",159.0,159.0,UR0C15F
2026-09-02,Head,Head Extreme Team Racquet,Grade C,"4 1/4""",119.0,179.0,UR0C29F
2026-09-02,Head,Head Boom MP 2026 Racquet,Grade A,"4 3/8""",219.0,259.0,UR0C03E
2026-09-02,Head,Head Boom Pro Racquet,Grade B,"4 1/2""",139.0,159.0,UR0B37C
2026-09-02,Head,Head Gravity Pro 2025 Racquet,Grade B,"4 1/4""",199.0,219.0,UR0C07D
2026-09-02,Head,Head Gravity Pro 2025 Racquet,Grade B,"4 1/4""",199.0,219.0,UR0C09A
2026-09-02,Head,Head Gravity Pro 2025 Racquet,Grade B,"4 1/4""",199.0,219.0,UR0C25A
2026-09-02,Head,Head Gravity Pro 2025 Racquet,Grade B,"4 1/4""",199.0,219.0,UR0C29D
2026-09-02,Head,Head Gravity Pro 2025 Racquet,Grade C,"4 1/4""",179.0,219.0,UR0B37E
2026-09-02,Head,Head Gravity Pro 2025 Racquet,Grade B,"4 3/8""",199.0,219.0,URD0D05C
2026-09-02,Head,Head Gravity Pro 2025 Racquet,Grade B,"4 3/8""",199.0,219.0,URD0D03D
2026-09-02,Head,Head Gravity Pro 2025 Racquet,Grade B,"4 1/2""",199.0,219.0,UR0C31F
2026-09-02,Head,Head Gravity Pro 2025 Racquet,Grade B,"4 1/2""",199.0,219.0,UR8A04G
2026-09-02,Head,Head Gravity Tour 2025 Racquet,Grade B,"4 3/8""",209.0,219.0,URD0D01E
2026-09-02,Head,Head Gravity Tour 2025 Racquet,Grade B,"4 1/2""",209.0,219.0,UR0C29B
2026-09-02,Head,Head Gravity MP 2025 Racquet,Grade A,"4 1/4""",209.0,219.0,UR8B18G
2026-09-02,Head,Head Gravity MP 2025 Racquet,Grade B,"4 1/4""",199.0,219.0,UR0B27A
2026-09-02,Head,Head Gravity MP 2025 Racquet,Grade B,"4 3/8""",199.0,219.0,URD0E01D
2026-09-02,Head,Head Gravity MP L 2025 Racquet,Grade A,"4 1/4""",199.0,199.0,UR8A01C
2026-09-02,Head,Head Gravity MP L 2025 Racquet,Grade A,"4 1/4""",199.0,199.0,UR8A04C
2026-09-02,Head,Head Gravity Team 2025 Racquet,Grade C,"4 1/4""",169.0,199.0,UR8B01G
2026-09-02,Head,Head Gravity Team 2025 Racquet,Grade A,"4 3/8""",189.0,199.0,UR8B20C
2026-09-02,Head,Head Gravity Team 2025 Racquet,Grade A,"4 3/8""",189.0,199.0,UR8B01D
2026-09-02,Head,Head Gravity Team 2025 Racquet,Grade C,"4 3/8""",169.0,199.0,URD0D09B
2026-09-02,Head,Head Radical Pro 2025 Racquet,Grade B,"4 1/4""",219.0,219.0,UR0C31E
2026-09-02,Head,Head Radical Pro 2025 Racquet,Grade B,"4 1/2""",219.0,219.0,UR0B25E
2026-09-02,Head,Head Radical MP 2025 Racquet,Grade B,"4 1/4""",199.0,219.0,UR8A04B
2026-09-02,Head,Head Radical Team 2025 Racquet,Grade B,"4 1/4""",189.0,199.0,UR0B39C
2026-09-02,Head,Head Prestige Pro Racquet,Grade C,"4 3/8""",159.0,269.0,URD0E05B
2026-09-02,Head,Head Prestige Tour Racquet,Grade B,"4 1/2""",199.0,269.0,UR0C03A
2026-09-02,Head,Head Prestige MP L Racquet,Grade B,"4 1/4""",189.0,259.0,UR0B27F
2026-09-02,Head,Head Prestige MP L Racquet,Grade A,"4 3/8""",209.0,259.0,UR8A01D
2026-09-02,Head,Head Prestige MP L Racquet,Grade B,"4 3/8""",189.0,259.0,UR0B29B
2026-09-02,Head,Head Prestige MP L Racquet,Grade B,"4 3/8""",189.0,259.0,URD0D11E
2026-09-02,Head,Head Instinct PWR 110 Racquet,Grade B,"4 1/8""",99.0,139.0,UR8B17B
2026-09-02,Head,Head PWR 110 Racquet,Grade A,"4 1/8""",159.0,199.0,UR0C05C
2026-09-02,Yonex,Yonex EZONE 98+ (2025) Racquet,Grade C,"4 1/4""",229.0,305.0,UR0B29F
2026-09-02,Yonex,Yonex EZONE 98+ (2025) Racquet,Grade C,"4 3/8""",219.0,305.0,UR8B19D
2026-09-02,Yonex,Yonex EZONE 98+ (2025) Racquet,Grade C,"4 3/8""",219.0,305.0,UR8B20D
2026-09-02,Yonex,Yonex Muse 98 Racquet,Grade B,"4 3/8""",239.0,305.0,UR0B31D
2026-09-02,Yonex,Yonex Muse 100 Racquet,Grade A,"4 1/8""",239.0,305.0,UR8B01B
2026-09-02,Yonex,Yonex Muse 100L Racquet,Grade B,"4 1/8""",239.0,305.0,UR0B29D
2026-09-02,Yonex,Yonex Percept 97D Racquet,Grade B,"4 3/8""",249.0,305.0,URD0E03C
2026-09-02,Tecnifibre,Tecnifibre TFight Blue 305S Racquet,Grade B,"4 1/4""",229.0,279.95,UR0C05B
2026-09-02,Tecnifibre,Tecnifibre TFight 305S Racquet,Grade B,"4 1/4""",229.0,279.0,URD0E03D
2026-09-02,Tecnifibre,Tecnifibre TFight 305S Racquet,Grade C,"4 3/8""",189.0,279.0,UR8B19E
2026-09-02,Tecnifibre,Tecnifibre TFight 305S Racquet,Grade C,"4 3/8""",189.0,279.0,UR8B18C
2026-09-02,Tecnifibre,Tecnifibre TFight 305S Racquet,Grade C,"4 1/2""",189.0,279.0,UR0C39A
2026-09-02,Tecnifibre,Tecnifibre TFight 300 Racquet,Grade B,"4 1/2""",189.0,269.0,UR0B25C
2026-09-02,Tecnifibre,Tecnifibre Fire 285 Racquet,Grade A,"4 3/8""",209.0,249.0,UR0C23B
2026-09-02,Tecnifibre,Tecnifibre Fire 285 Racquet,Grade B,"4 3/8""",199.0,249.0,UR0B27B
2026-09-02,Tecnifibre,Tecnifibre Fire 260 OS Racquet,Grade A,"4 1/4""",209.0,249.0,UR0C01E
2026-09-02,Tecnifibre,Tecnifibre TF40 315g (16x19) Racquet 2024,Grade A,"4 1/4""",239.0,279.0,UR0C01F
2026-09-02,Tecnifibre,Tecnifibre TF40 315g (16x19) Racquet 2024,Grade A,"4 3/8""",239.0,279.0,UR0C05A
2026-09-02,Tecnifibre,Tecnifibre TF40 315g (16x19) Racquet 2024,Grade B,"4 3/8""",229.0,279.0,UR0B35F
2026-09-02,Tecnifibre,Tecnifibre TF40 290g (16x19) Racquet 2024,Grade B,"4 1/4""",209.0,249.0,UR0C07C
2026-09-02,Tecnifibre,Tecnifibre TF40 290g (16x19) Racquet 2024,Grade B,"4 1/4""",199.0,249.0,UR0C09D
2026-09-02,Tecnifibre,Tecnifibre TF40 290g (16x19) Racquet 2024,Grade B,"4 3/8""",199.0,249.0,UR0C03C
2026-09-02,Head,Head Squared Racquet,Grade A,"4 1/4""",209.0,259.0,UR8A19B
2026-09-02,Wilson,Wilson Blade 98 18x20 v10 Racquet,Grade A,"4 1/4""",239.0,299.0,UR8A02C
2026-09-02,Wilson,Wilson Pro Staff 97 v14 Racquet,Grade B,"4 3/8""",129.0,169.0,UR8A08C
2026-09-02,Wilson,Wilson Pro Staff 97 v14 Racquet,Grade B,"4 3/8""",129.0,169.0,UR8A07C
2026-09-02,Head,Head Extreme Pro Racquet,Grade A,"4 3/8""",209.0,269.0,UR8A13B
2026-09-02,Yonex,Yonex EZONE 100+ (2025) Racquet,Grade B,"4 1/4""",229.0,305.0,UR8A12A
2026-09-03,Wilson,Wilson Blade 98 16x19 v10 US Open Racquet 2026,Grade A,,259.0,299.0,URD0D01D
2026-09-03,Wilson,Wilson Blade 98 18x20 v10 Racquet,Grade A,"4 1/4""",239.0,299.0,UR8A02C
2026-09-03,Wilson,Wilson Blade 100 v10 Racquet,Grade B,"4 1/4""",249.0,299.0,UR0C25D
2026-09-03,Wilson,Wilson Blade 100L v10 Racquet,Grade A,"4 1/4""",249.0,289.0,UR0C19C
2026-09-03,Wilson,Wilson Blade 98 18x20 v9 Racquet,Grade A,"4 1/4""",199.0,249.0,UR0C13E
2026-09-03,Wilson,Wilson Blade 98S v9 Racquet,Grade A,"4 1/8""",209.0,249.0,UR8A15A
2026-09-03,Wilson,Wilson Blade 98S v9 Racquet,Grade A,"4 1/8""",209.0,249.0,UR8A11A
2026-09-03,Wilson,Wilson Blade 104 v9 Racquet,Grade B,"4 1/4""",199.0,249.0,UR8B15D
2026-09-03,Wilson,Wilson Blade 104 v9 Racquet,Grade B,"4 3/8""",199.0,249.0,UR8A15C
2026-09-03,Wilson,Wilson RF 01 Pro Racquet,Grade A,"4 1/4""",269.0,299.0,UR0C27A
2026-09-03,Wilson,Wilson RF 01 Pro Racquet,Grade B,"4 3/8""",259.0,299.0,UR0C17C
2026-09-03,Wilson,Wilson RF 01 Pro Racquet,Grade B,"4 1/2""",259.0,299.0,UR0C29A
2026-09-03,Wilson,Wilson RF 01 Pro Racquet,Grade B,"4 1/2""",259.0,299.0,UR8A17B
2026-09-03,Wilson,Wilson RF 01 Pro Racquet,Grade B,"4 1/2""",259.0,299.0,UR8A18A
2026-09-03,Wilson,Wilson RF 01 Pro Racquet,Grade B,"4 1/2""",259.0,299.0,UR8A05G
2026-09-03,Wilson,Wilson RF 01 Racquet,Grade B,"4 1/8""",249.0,279.0,UR8A20E
2026-09-03,Wilson,Wilson RF 01 Racquet,Grade A,"4 3/8""",259.0,279.0,UR0C25F
2026-09-03,Wilson,Wilson RF 01 Racquet,Grade A,"4 3/8""",259.0,279.0,UR8A10F
2026-09-03,Wilson,Wilson RF 01 Racquet,Grade B,"4 3/8""",249.0,279.0,UR8B14G
2026-09-03,Wilson,Wilson RF 01 Racquet,Grade B,"4 3/8""",249.0,279.0,UR8A03G
2026-09-03,Wilson,Wilson RF 01 Future Racquet,Grade B,"4 1/4""",229.0,269.0,UR8B12D
2026-09-03,Wilson,Wilson Blade Pro 98 16x19 v9 Racquet,Grade C,"4 1/2""",179.0,269.0,UR0C17B
2026-09-03,Wilson,Wilson Blade Pro 98 16x19 v9 Racquet,Grade C,"4 1/2""",179.0,269.0,UR0C17F
2026-09-03,Wilson,Wilson Ultra 99 Pro v5 Racquet,Grade B,"4 1/4""",229.0,299.0,UR8A06A
2026-09-03,Wilson,Wilson Clash 100 Pro v3 Racquet,Grade C,"4 3/8""",239.0,299.0,URD0E01C
2026-09-03,Wilson,Wilson Clash 100L v3 Racquet,Grade B,"4 1/8""",219.0,289.0,UR8A08F
2026-09-03,Wilson,Wilson Clash 100L v3 Racquet,Grade C,"4 1/4""",199.0,289.0,UR8B13F
2026-09-03,Wilson,Wilson Clash 100L v3 Reverse Racquet,Grade B,"4 3/8""",219.0,229.0,UR8A11C
2026-09-03,Wilson,Wilson Clash 108 v3 Racquet,Grade B,"4 3/8""",209.0,299.0,UR0C23C
2026-09-03,Wilson,Wilson Clash 108 v3 Racquet,Grade B,"4 1/2""",209.0,299.0,UR8A12E
2026-09-03,Wilson,Wilson Clash 108 v3 Racquet,Grade B,"4 1/2""",209.0,299.0,UR0C03F
2026-09-03,Wilson,Wilson Pro Staff 97 Classic Racquet,Grade B,"4 1/8""",249.0,299.0,UR0C27C
2026-09-03,Wilson,Wilson Ultra 100 v5 Racquet,Grade B,"4 1/8""",229.0,299.0,UR8B08F
2026-09-03,Wilson,Wilson Ultra 100 v5 Racquet,Grade A,"4 1/4""",239.0,299.0,UR8A05B
2026-09-03,Wilson,Wilson Ultra 100L v5 Racquet,Grade B,"4 3/8""",159.0,289.0,UR8B11A
2026-09-03,Wilson,Wilson Ultra 100UL v5 Racquet,Grade B,"4 3/8""",209.0,279.0,UR0B25F
2026-09-03,Wilson,Wilson Ultra 111 v5 Racquet,Grade A,"4 3/8""",229.0,289.0,UR8A07E
2026-09-03,Wilson,Wilson Ultra 111 v5 Racquet,Grade A,"4 3/8""",229.0,289.0,UR8A03F
2026-09-03,Wilson,Wilson Triad Three Racquet,Grade B,"4 1/4""",219.0,269.0,UR0C01B
2026-09-03,Head,Head Speed Tour 2026 Racquet,Grade C,"4 1/4""",209.0,269.0,UR0C11B
2026-09-03,Head,Head Speed Tour 2026 Racquet,Grade C,"4 3/8""",189.0,269.0,UR0C35E
2026-09-03,Head,Head Speed Pro 2026 Racquet,Grade A,"4 1/2""",229.0,269.0,URD0E01E
2026-09-03,Head,Head Speed Pro 2026 Racquet,Grade B,"4 1/2""",219.0,269.0,URD0D01B
2026-09-03,Head,Head Speed Pro 2026 Racquet,Grade C,"4 1/2""",209.0,269.0,URD0D05D
2026-09-03,Head,Head Speed Team 2026 Racquet,Grade A,"4""",189.0,239.0,UR0B23B
2026-09-03,Head,Head Speed Team 2026 Racquet,Grade A,"4 1/4""",189.0,239.0,UR8B11G
2026-09-03,Head,Head Speed Pro Legend 2025 Racquet,Grade C,"4 1/4""",199.0,269.0,UR0C29C
2026-09-03,Head,Head Extreme Pro Racquet,Grade A,"4 3/8""",209.0,269.0,UR8A13B
2026-09-03,Head,Head Extreme Pro 2024 Racquet,Grade B,"4 1/2""",149.0,199.0,UR0C11F
2026-09-03,Head,Head Extreme Pro 2024 Racquet,Grade B,"4 1/2""",149.0,199.0,UR0C15A
2026-09-03,Head,Head Extreme Tour Racquet,Grade A,"4 5/8""",159.0,159.0,UR0C15F
2026-09-03,Head,Head Boom MP 2026 Racquet,Grade A,"4 3/8""",219.0,259.0,UR0C03E
2026-09-03,Head,Head Boom Pro Racquet,Grade B,"4 1/2""",139.0,159.0,UR0B37C
2026-09-03,Head,Head Gravity Pro 2025 Racquet,Grade B,"4 1/4""",199.0,219.0,UR0C07D
2026-09-03,Head,Head Gravity Pro 2025 Racquet,Grade B,"4 1/4""",199.0,219.0,UR0C09A
2026-09-03,Head,Head Gravity Pro 2025 Racquet,Grade B,"4 1/4""",199.0,219.0,UR0C25A
2026-09-03,Head,Head Gravity Pro 2025 Racquet,Grade B,"4 1/4""",199.0,219.0,UR0C29D
2026-09-03,Head,Head Gravity Pro 2025 Racquet,Grade C,"4 1/4""",179.0,219.0,UR0B37E
2026-09-03,Head,Head Gravity Pro 2025 Racquet,Grade B,"4 3/8""",199.0,219.0,URD0D05C
2026-09-03,Head,Head Gravity Pro 2025 Racquet,Grade B,"4 3/8""",199.0,219.0,URD0D03D
2026-09-03,Head,Head Gravity Pro 2025 Racquet,Grade B,"4 1/2""",199.0,219.0,UR0C31F
2026-09-03,Head,Head Gravity Pro 2025 Racquet,Grade B,"4 1/2""",199.0,219.0,UR8A04G
2026-09-03,Head,Head Gravity Tour 2025 Racquet,Grade B,"4 3/8""",209.0,219.0,URD0D01E
2026-09-03,Head,Head Gravity Tour 2025 Racquet,Grade B,"4 1/2""",209.0,219.0,UR0C29B
2026-09-03,Head,Head Gravity MP 2025 Racquet,Grade A,"4 1/4""",209.0,219.0,UR8B18G
2026-09-03,Head,Head Gravity MP 2025 Racquet,Grade B,"4 1/4""",199.0,219.0,UR0B27A
2026-09-03,Head,Head Gravity MP 2025 Racquet,Grade B,"4 3/8""",199.0,219.0,URD0E01D
2026-09-03,Head,Head Gravity MP XL 2025 Racquet,Grade B,"4 3/8""",169.0,219.0,UR0C21D
2026-09-03,Head,Head Gravity MP L 2025 Racquet,Grade A,"4 1/4""",199.0,199.0,UR8A01C
2026-09-03,Head,Head Gravity MP L 2025 Racquet,Grade A,"4 1/4""",199.0,199.0,UR8A04C
2026-09-03,Head,Head Gravity Team 2025 Racquet,Grade C,"4 1/4""",169.0,199.0,UR8B01G
2026-09-03,Head,Head Gravity Team 2025 Racquet,Grade A,"4 3/8""",189.0,199.0,UR8B20C
2026-09-03,Head,Head Gravity Team 2025 Racquet,Grade A,"4 3/8""",189.0,199.0,UR8B01D
2026-09-03,Head,Head Gravity Team 2025 Racquet,Grade C,"4 3/8""",169.0,199.0,URD0D09B
2026-09-03,Head,Head Radical Pro 2025 Racquet,Grade B,"4 1/4""",219.0,219.0,UR0C31E
2026-09-03,Head,Head Radical Pro 2025 Racquet,Grade B,"4 1/2""",219.0,219.0,UR0B25E
2026-09-03,Head,Head Radical MP 2025 Racquet,Grade B,"4 1/4""",199.0,219.0,UR8A04B
2026-09-03,Head,Head Radical Team 2025 Racquet,Grade B,"4 1/4""",189.0,199.0,UR0B39C
2026-09-03,Head,Head Squared Racquet,Grade A,"4 1/4""",209.0,259.0,UR8A19B
2026-09-03,Head,Head Prestige Pro Racquet,Grade C,"4 3/8""",159.0,269.0,URD0E05B
2026-09-03,Head,Head Prestige Tour Racquet,Grade B,"4 1/2""",199.0,269.0,UR0C03A
2026-09-03,Head,Head Prestige MP L Racquet,Grade B,"4 1/4""",189.0,259.0,UR0B27F
2026-09-03,Head,Head Prestige MP L Racquet,Grade A,"4 3/8""",209.0,259.0,UR8A01D
2026-09-03,Head,Head Prestige MP L Racquet,Grade B,"4 3/8""",189.0,259.0,UR0B29B
2026-09-03,Head,Head Prestige MP L Racquet,Grade B,"4 3/8""",189.0,259.0,URD0D11E
2026-09-03,Head,Head Instinct PWR 110 Racquet,Grade B,"4 1/8""",99.0,139.0,UR8B17B
2026-09-03,Head,Head PWR 110 Racquet,Grade A,"4 1/8""",159.0,199.0,UR0C05C
2026-09-03,Yonex,Yonex EZONE 100+ (2025) Racquet,Grade B,"4 1/4""",229.0,305.0,UR8A12A
2026-09-03,Yonex,Yonex EZONE 98+ (2025) Racquet,Grade C,"4 1/4""",229.0,305.0,UR0B29F
2026-09-03,Yonex,Yonex EZONE 98+ (2025) Racquet,Grade C,"4 3/8""",219.0,305.0,UR8B19D
2026-09-03,Yonex,Yonex EZONE 98+ (2025) Racquet,Grade C,"4 3/8""",219.0,305.0,UR8B20D
2026-09-03,Yonex,Yonex Muse 98 Racquet,Grade B,"4 3/8""",239.0,305.0,UR0B31D
2026-09-03,Yonex,Yonex Muse 100 Racquet,Grade A,"4 1/8""",239.0,305.0,UR8B01B
2026-09-03,Yonex,Yonex Muse 100L Racquet,Grade B,"4 1/8""",239.0,305.0,UR0B29D
2026-09-03,Yonex,Yonex Percept 97D Midnight Navy Racquet,Grade B,"4 3/8""",249.0,305.0,UR0C07F
2026-09-03,Yonex,Yonex Percept 97D Racquet,Grade B,"4 3/8""",249.0,305.0,URD0E03C
2026-09-03,Tecnifibre,Tecnifibre TFight Blue 305S Racquet,Grade B,"4 1/4""",229.0,279.95,UR0C05B
2026-09-03,Tecnifibre,Tecnifibre TFight 305S Racquet,Grade B,"4 1/4""",229.0,279.0,URD0E03D
2026-09-03,Tecnifibre,Tecnifibre TFight 305S Racquet,Grade C,"4 3/8""",189.0,279.0,UR8B18C
2026-09-03,Tecnifibre,Tecnifibre TFight 305S Racquet,Grade C,"4 3/8""",189.0,279.0,UR8B19E
2026-09-03,Tecnifibre,Tecnifibre TFight 300 Racquet,Grade B,"4 1/2""",189.0,269.0,UR0B25C
2026-09-03,Tecnifibre,Tecnifibre Fire 285 Racquet,Grade A,"4 3/8""",209.0,249.0,UR0C23B
2026-09-03,Tecnifibre,Tecnifibre Fire 285 Racquet,Grade B,"4 3/8""",199.0,249.0,UR0B27B
2026-09-03,Tecnifibre,Tecnifibre Fire 260 OS Racquet,Grade A,"4 1/4""",209.0,249.0,UR0C01E
2026-09-03,Tecnifibre,Tecnifibre TF40 315g (16x19) Racquet 2024,Grade A,"4 1/4""",239.0,279.0,UR0C01F
2026-09-03,Tecnifibre,Tecnifibre TF40 315g (16x19) Racquet 2024,Grade A,"4 3/8""",239.0,279.0,UR0C05A
2026-09-03,Tecnifibre,Tecnifibre TF40 315g (16x19) Racquet 2024,Grade B,"4 3/8""",229.0,279.0,UR0B35F
2026-09-03,Tecnifibre,Tecnifibre TF40 290g (16x19) Racquet 2024,Grade B,"4 1/4""",209.0,249.0,UR0C07C
2026-09-03,Tecnifibre,Tecnifibre TF40 290g (16x19) Racquet 2024,Grade B,"4 1/4""",199.0,249.0,UR0C09D
2026-09-03,Tecnifibre,Tecnifibre TF40 290g (16x19) Racquet 2024,Grade B,"4 3/8""",199.0,249.0,UR0C03C
2026-09-04,Wilson,Wilson Blade 98 16x19 v10 US Open Racquet 2026,Grade A,,259.0,299.0,URD0D01D
2026-09-04,Wilson,Wilson Blade 98 18x20 v10 Racquet,Grade A,"4 1/4""",239.0,299.0,UR8A02C
2026-09-04,Wilson,Wilson Blade 100 v10 Racquet,Grade B,"4 1/4""",249.0,299.0,UR0C25D
2026-09-04,Wilson,Wilson Blade 100L v10 Racquet,Grade A,"4 1/4""",249.0,289.0,UR0C19C
2026-09-04,Wilson,Wilson Blade 98 18x20 v9 Racquet,Grade A,"4 1/4""",199.0,249.0,UR0C13E
2026-09-04,Wilson,Wilson Blade 104 v9 Racquet,Grade B,"4 1/4""",199.0,249.0,UR8B15D
2026-09-04,Wilson,Wilson Blade 104 v9 Racquet,Grade B,"4 3/8""",199.0,249.0,UR8A15C
2026-09-04,Wilson,Wilson RF 01 Pro Racquet,Grade A,"4 1/4""",269.0,299.0,UR0C27A
2026-09-04,Wilson,Wilson RF 01 Pro Racquet,Grade B,"4 3/8""",259.0,299.0,UR0C17C
2026-09-04,Wilson,Wilson RF 01 Pro Racquet,Grade B,"4 1/2""",259.0,299.0,UR0C29A
2026-09-04,Wilson,Wilson RF 01 Pro Racquet,Grade B,"4 1/2""",259.0,299.0,UR8A17B
2026-09-04,Wilson,Wilson RF 01 Pro Racquet,Grade B,"4 1/2""",259.0,299.0,UR8A18A
2026-09-04,Wilson,Wilson RF 01 Pro Racquet,Grade B,"4 1/2""",259.0,299.0,UR8A05G
2026-09-04,Wilson,Wilson RF 01 Racquet,Grade B,"4 1/8""",249.0,279.0,UR8A20E
2026-09-04,Wilson,Wilson RF 01 Racquet,Grade A,"4 3/8""",259.0,279.0,UR0C25F
2026-09-04,Wilson,Wilson RF 01 Racquet,Grade A,"4 3/8""",259.0,279.0,UR8A10F
2026-09-04,Wilson,Wilson RF 01 Racquet,Grade B,"4 3/8""",249.0,279.0,UR8B14G
2026-09-04,Wilson,Wilson RF 01 Racquet,Grade B,"4 3/8""",249.0,279.0,UR8A03G
2026-09-04,Wilson,Wilson RF 01 Future Racquet,Grade B,"4 1/4""",229.0,269.0,UR8B12D
2026-09-04,Wilson,Wilson Blade Pro 98 16x19 v9 Racquet,Grade C,"4 1/2""",179.0,269.0,UR0C17B
2026-09-04,Wilson,Wilson Blade Pro 98 16x19 v9 Racquet,Grade C,"4 1/2""",179.0,269.0,UR0C17F
2026-09-04,Wilson,Wilson Ultra 99 Pro v5 Racquet,Grade B,"4 1/4""",229.0,299.0,UR8A06A
2026-09-04,Wilson,Wilson Clash 100 Pro v3 Racquet,Grade C,"4 3/8""",239.0,299.0,URD0E01C
2026-09-04,Wilson,Wilson Clash 100L v3 Racquet,Grade B,"4 1/8""",219.0,289.0,UR8A08F
2026-09-04,Wilson,Wilson Clash 100L v3 Racquet,Grade C,"4 1/4""",199.0,289.0,UR8B13F
2026-09-04,Wilson,Wilson Clash 100L v3 Reverse Racquet,Grade B,"4 3/8""",219.0,229.0,UR8A11C
2026-09-04,Wilson,Wilson Clash 108 v3 Racquet,Grade B,"4 3/8""",209.0,299.0,UR0C23C
2026-09-04,Wilson,Wilson Clash 108 v3 Racquet,Grade B,"4 1/2""",209.0,299.0,UR8A12E
2026-09-04,Wilson,Wilson Clash 108 v3 Racquet,Grade B,"4 1/2""",209.0,299.0,UR0C03F
2026-09-04,Wilson,Wilson Pro Staff 97 Classic Racquet,Grade B,"4 1/8""",249.0,299.0,UR0C27C
2026-09-04,Wilson,Wilson Ultra 100 v5 Racquet,Grade B,"4 1/8""",229.0,299.0,UR8B08F
2026-09-04,Wilson,Wilson Ultra 100 v5 Racquet,Grade A,"4 1/4""",239.0,299.0,UR8A05B
2026-09-04,Wilson,Wilson Ultra 100L v5 Racquet,Grade B,"4 3/8""",159.0,289.0,UR8B11A
2026-09-04,Wilson,Wilson Ultra 100UL v5 Racquet,Grade B,"4 3/8""",209.0,279.0,UR0B25F
2026-09-04,Wilson,Wilson Ultra 111 v5 Racquet,Grade A,"4 3/8""",229.0,289.0,UR8A07E
2026-09-04,Wilson,Wilson Ultra 111 v5 Racquet,Grade A,"4 3/8""",229.0,289.0,UR8A03F
2026-09-04,Wilson,Wilson Triad Three Racquet,Grade B,"4 1/4""",219.0,269.0,UR0C01B
2026-09-04,Head,Head Speed Tour 2026 Racquet,Grade C,"4 1/4""",209.0,269.0,UR0C11B
2026-09-04,Head,Head Speed Tour 2026 Racquet,Grade C,"4 3/8""",189.0,269.0,UR0C35E
2026-09-04,Head,Head Speed Pro 2026 Racquet,Grade A,"4 1/2""",229.0,269.0,URD0E01E
2026-09-04,Head,Head Speed Pro 2026 Racquet,Grade B,"4 1/2""",219.0,269.0,URD0D01B
2026-09-04,Head,Head Speed Pro 2026 Racquet,Grade C,"4 1/2""",209.0,269.0,URD0D05D
2026-09-04,Head,Head Speed Team 2026 Racquet,Grade A,"4""",189.0,239.0,UR0B23B
2026-09-04,Head,Head Speed Team 2026 Racquet,Grade A,"4 1/4""",189.0,239.0,UR8B11G
2026-09-04,Head,Head Speed Pro Legend 2025 Racquet,Grade C,"4 1/4""",199.0,269.0,UR0C29C
2026-09-04,Head,Head Extreme Pro Racquet,Grade A,"4 3/8""",209.0,269.0,UR8A13B
2026-09-04,Head,Head Extreme Pro 2024 Racquet,Grade B,"4 1/2""",149.0,199.0,UR0C11F
2026-09-04,Head,Head Extreme Pro 2024 Racquet,Grade B,"4 1/2""",149.0,199.0,UR0C15A
2026-09-04,Head,Head Extreme Tour Racquet,Grade A,"4 5/8""",159.0,159.0,UR0C15F
2026-09-04,Head,Head Boom MP 2026 Racquet,Grade A,"4 3/8""",219.0,259.0,UR0C03E
2026-09-04,Head,Head Boom Pro Racquet,Grade B,"4 1/2""",139.0,159.0,UR0B37C
2026-09-04,Head,Head Gravity Pro 2025 Racquet,Grade B,"4 1/4""",199.0,219.0,UR0C07D
2026-09-04,Head,Head Gravity Pro 2025 Racquet,Grade B,"4 1/4""",199.0,219.0,UR0C09A
2026-09-04,Head,Head Gravity Pro 2025 Racquet,Grade B,"4 1/4""",199.0,219.0,UR0C25A
2026-09-04,Head,Head Gravity Pro 2025 Racquet,Grade B,"4 1/4""",199.0,219.0,UR0C29D
2026-09-04,Head,Head Gravity Pro 2025 Racquet,Grade C,"4 1/4""",179.0,219.0,UR0B37E
2026-09-04,Head,Head Gravity Pro 2025 Racquet,Grade B,"4 3/8""",199.0,219.0,URD0D05C
2026-09-04,Head,Head Gravity Pro 2025 Racquet,Grade B,"4 3/8""",199.0,219.0,URD0D03D
2026-09-04,Head,Head Gravity Pro 2025 Racquet,Grade B,"4 1/2""",199.0,219.0,UR0C31F
2026-09-04,Head,Head Gravity Pro 2025 Racquet,Grade B,"4 1/2""",199.0,219.0,UR8A04G
2026-09-04,Head,Head Gravity Tour 2025 Racquet,Grade B,"4 3/8""",209.0,219.0,URD0D01E
2026-09-04,Head,Head Gravity Tour 2025 Racquet,Grade B,"4 1/2""",209.0,219.0,UR0C29B
2026-09-04,Head,Head Gravity MP 2025 Racquet,Grade A,"4 1/4""",209.0,219.0,UR8B18G
2026-09-04,Head,Head Gravity MP 2025 Racquet,Grade B,"4 1/4""",199.0,219.0,UR0B27A
2026-09-04,Head,Head Gravity MP 2025 Racquet,Grade B,"4 3/8""",199.0,219.0,URD0E01D
2026-09-04,Head,Head Gravity MP XL 2025 Racquet,Grade B,"4 3/8""",169.0,219.0,UR0C21D
2026-09-04,Head,Head Gravity MP L 2025 Racquet,Grade A,"4 1/4""",199.0,199.0,UR8A01C
2026-09-04,Head,Head Gravity MP L 2025 Racquet,Grade A,"4 1/4""",199.0,199.0,UR8A04C
2026-09-04,Head,Head Gravity Team 2025 Racquet,Grade C,"4 1/4""",169.0,199.0,UR8B01G
2026-09-04,Head,Head Gravity Team 2025 Racquet,Grade A,"4 3/8""",189.0,199.0,UR8B20C
2026-09-04,Head,Head Gravity Team 2025 Racquet,Grade A,"4 3/8""",189.0,199.0,UR8B01D
2026-09-04,Head,Head Gravity Team 2025 Racquet,Grade C,"4 3/8""",169.0,199.0,URD0D09B
2026-09-04,Head,Head Radical Pro 2025 Racquet,Grade B,"4 1/4""",219.0,219.0,UR0C31E
2026-09-04,Head,Head Radical Pro 2025 Racquet,Grade B,"4 1/2""",219.0,219.0,UR0B25E
2026-09-04,Head,Head Radical MP 2025 Racquet,Grade B,"4 1/4""",199.0,219.0,UR8A04B
2026-09-04,Head,Head Radical Team 2025 Racquet,Grade B,"4 1/4""",189.0,199.0,UR0B39C
2026-09-04,Head,Head Squared Racquet,Grade A,"4 1/4""",209.0,259.0,UR8A19B
2026-09-04,Head,Head Prestige Pro Racquet,Grade C,"4 3/8""",159.0,269.0,URD0E05B
2026-09-04,Head,Head Prestige Tour Racquet,Grade B,"4 1/2""",199.0,269.0,UR0C03A
2026-09-04,Head,Head Prestige MP L Racquet,Grade B,"4 1/4""",189.0,259.0,UR0B27F
2026-09-04,Head,Head Prestige MP L Racquet,Grade A,"4 3/8""",209.0,259.0,UR8A01D
2026-09-04,Head,Head Prestige MP L Racquet,Grade B,"4 3/8""",189.0,259.0,UR0B29B
2026-09-04,Head,Head Prestige MP L Racquet,Grade B,"4 3/8""",189.0,259.0,URD0D11E
2026-09-04,Head,Head Instinct PWR 110 Racquet,Grade B,"4 1/8""",99.0,139.0,UR8B17B
2026-09-04,Head,Head PWR 110 Racquet,Grade A,"4 1/8""",159.0,199.0,UR0C05C
2026-09-04,Yonex,Yonex EZONE 100+ (2025) Racquet,Grade B,"4 1/4""",229.0,305.0,UR8A12A
2026-09-04,Yonex,Yonex EZONE 98+ (2025) Racquet,Grade C,"4 1/4""",229.0,305.0,UR0B29F
2026-09-04,Yonex,Yonex EZONE 98+ (2025) Racquet,Grade C,"4 3/8""",219.0,305.0,UR8B19D
2026-09-04,Yonex,Yonex EZONE 98+ (2025) Racquet,Grade C,"4 3/8""",219.0,305.0,UR8B20D
2026-09-04,Yonex,Yonex Muse 98 Racquet,Grade B,"4 3/8""",239.0,305.0,UR0B31D
2026-09-04,Yonex,Yonex Muse 100 Racquet,Grade A,"4 1/8""",239.0,305.0,UR8B01B
2026-09-04,Yonex,Yonex Muse 100L Racquet,Grade B,"4 1/8""",239.0,305.0,UR0B29D
2026-09-04,Yonex,Yonex Percept 97D Midnight Navy Racquet,Grade B,"4 3/8""",249.0,305.0,UR0C07F
2026-09-04,Yonex,Yonex Percept 97D Racquet,Grade B,"4 3/8""",249.0,305.0,URD0E03C
2026-09-04,Tecnifibre,Tecnifibre TFight 305S Racquet,Grade B,"4 1/4""",229.0,279.0,URD0E03D
2026-09-04,Tecnifibre,Tecnifibre TFight 305S Racquet,Grade C,"4 3/8""",189.0,279.0,UR8B18C
2026-09-04,Tecnifibre,Tecnifibre TFight 305S Racquet,Grade C,"4 3/8""",189.0,279.0,UR8B19E
2026-09-04,Tecnifibre,Tecnifibre TFight 300 Racquet,Grade B,"4 1/2""",189.0,269.0,UR0B25C
2026-09-04,Tecnifibre,Tecnifibre Fire 285 Racquet,Grade A,"4 3/8""",209.0,249.0,UR0C23B
2026-09-04,Tecnifibre,Tecnifibre Fire 285 Racquet,Grade B,"4 3/8""",199.0,249.0,UR0B27B
2026-09-04,Tecnifibre,Tecnifibre Fire 260 OS Racquet,Grade A,"4 1/4""",209.0,249.0,UR0C01E
2026-09-04,Tecnifibre,Tecnifibre TF40 315g (16x19) Racquet 2024,Grade A,"4 1/4""",239.0,279.0,UR0C01F
2026-09-04,Tecnifibre,Tecnifibre TF40 315g (16x19) Racquet 2024,Grade A,"4 3/8""",239.0,279.0,UR0C05A
2026-09-04,Tecnifibre,Tecnifibre TF40 315g (16x19) Racquet 2024,Grade B,"4 3/8""",229.0,279.0,UR0B35F
2026-09-04,Tecnifibre,Tecnifibre TF40 290g (16x19) Racquet 2024,Grade B,"4 1/4""",209.0,249.0,UR0C07C
2026-09-04,Tecnifibre,Tecnifibre TF40 290g (16x19) Racquet 2024,Grade B,"4 1/4""",199.0,249.0,UR0C09D
2026-09-04,Tecnifibre,Tecnifibre TF40 290g (16x19) Racquet 2024,Grade B,"4 3/8""",199.0,249.0,UR0C03C
2026-09-04,Tecnifibre,Tecnifibre TFight 300 ID Racquet,Grade B,"4 3/8""",149.0,201.75,UR0B27C
2026-09-04,Tecnifibre,Tecnifibre TFight 300 ID Racquet,Grade C,"4 3/8""",139.0,201.75,UR0C05B
2026-09-04,Head,Head Graphene 360+ Extreme MP Racquet,Grade A,"4 3/8""",119.0,139.0,UR8A16C
2026-09-05,Wilson,Wilson Blade 98 16x19 v10 US Open Racquet 2026,Grade A,,259.0,299.0,URD0D01D
2026-09-05,Wilson,Wilson Blade 98 18x20 v10 Racquet,Grade A,"4 1/4""",239.0,299.0,UR8A02C
2026-09-05,Wilson,Wilson Blade 100 v10 Racquet,Grade B,"4 1/4""",249.0,299.0,UR0C25D
2026-09-05,Wilson,Wilson Blade 100L v10 Racquet,Grade A,"4 1/4""",249.0,289.0,UR0C19C
2026-09-05,Wilson,Wilson Blade 98 18x20 v9 Racquet,Grade A,"4 1/4""",199.0,249.0,UR0C13E
2026-09-05,Wilson,Wilson Blade 104 v9 Racquet,Grade B,"4 1/4""",199.0,249.0,UR8B15D
2026-09-05,Wilson,Wilson Blade 104 v9 Racquet,Grade B,"4 3/8""",199.0,249.0,UR8A15C
2026-09-05,Wilson,Wilson RF 01 Pro Racquet,Grade A,"4 1/4""",269.0,299.0,UR0C27A
2026-09-05,Wilson,Wilson RF 01 Pro Racquet,Grade B,"4 3/8""",259.0,299.0,UR0C17C
2026-09-05,Wilson,Wilson RF 01 Pro Racquet,Grade B,"4 1/2""",259.0,299.0,UR0C29A
2026-09-05,Wilson,Wilson RF 01 Pro Racquet,Grade B,"4 1/2""",259.0,299.0,UR8A17B
2026-09-05,Wilson,Wilson RF 01 Pro Racquet,Grade B,"4 1/2""",259.0,299.0,UR8A18A
2026-09-05,Wilson,Wilson RF 01 Pro Racquet,Grade B,"4 1/2""",259.0,299.0,UR8A05G
2026-09-05,Wilson,Wilson RF 01 Racquet,Grade B,"4 1/8""",249.0,279.0,UR8A20E
2026-09-05,Wilson,Wilson RF 01 Racquet,Grade A,"4 3/8""",259.0,279.0,UR0C25F
2026-09-05,Wilson,Wilson RF 01 Racquet,Grade A,"4 3/8""",259.0,279.0,UR8A10F
2026-09-05,Wilson,Wilson RF 01 Racquet,Grade B,"4 3/8""",249.0,279.0,UR8B14G
2026-09-05,Wilson,Wilson RF 01 Racquet,Grade B,"4 3/8""",249.0,279.0,UR8A03G
2026-09-05,Wilson,Wilson RF 01 Future Racquet,Grade B,"4 1/4""",229.0,269.0,UR8B12D
2026-09-05,Wilson,Wilson Blade Pro 98 16x19 v9 Racquet,Grade C,"4 1/2""",179.0,269.0,UR0C17B
2026-09-05,Wilson,Wilson Blade Pro 98 16x19 v9 Racquet,Grade C,"4 1/2""",179.0,269.0,UR0C17F
2026-09-05,Wilson,Wilson Ultra 99 Pro v5 Racquet,Grade B,"4 1/4""",229.0,299.0,UR8A06A
2026-09-05,Wilson,Wilson Clash 100 Pro v3 Racquet,Grade C,"4 3/8""",239.0,299.0,URD0E01C
2026-09-05,Wilson,Wilson Clash 100L v3 Racquet,Grade B,"4 1/8""",219.0,289.0,UR8A08F
2026-09-05,Wilson,Wilson Clash 100L v3 Racquet,Grade C,"4 1/4""",199.0,289.0,UR8B13F
2026-09-05,Wilson,Wilson Clash 100L v3 Reverse Racquet,Grade B,"4 3/8""",219.0,229.0,UR8A11C
2026-09-05,Wilson,Wilson Clash 108 v3 Racquet,Grade B,"4 3/8""",209.0,299.0,UR0C23C
2026-09-05,Wilson,Wilson Clash 108 v3 Racquet,Grade B,"4 1/2""",209.0,299.0,UR8A12E
2026-09-05,Wilson,Wilson Clash 108 v3 Racquet,Grade B,"4 1/2""",209.0,299.0,UR0C03F
2026-09-05,Wilson,Wilson Pro Staff 97 Classic Racquet,Grade B,"4 1/8""",249.0,299.0,UR0C27C
2026-09-05,Wilson,Wilson Ultra 100 v5 Racquet,Grade B,"4 1/8""",229.0,299.0,UR8B08F
2026-09-05,Wilson,Wilson Ultra 100 v5 Racquet,Grade A,"4 1/4""",239.0,299.0,UR8A05B
2026-09-05,Wilson,Wilson Ultra 100L v5 Racquet,Grade B,"4 3/8""",159.0,289.0,UR8B11A
2026-09-05,Wilson,Wilson Ultra 100UL v5 Racquet,Grade B,"4 3/8""",209.0,279.0,UR0B25F
2026-09-05,Wilson,Wilson Ultra 111 v5 Racquet,Grade A,"4 3/8""",229.0,289.0,UR8A07E
2026-09-05,Wilson,Wilson Ultra 111 v5 Racquet,Grade A,"4 3/8""",229.0,289.0,UR8A03F
2026-09-05,Wilson,Wilson Triad Three Racquet,Grade B,"4 1/4""",219.0,269.0,UR0C01B
2026-09-05,Head,Head Speed Tour 2026 Racquet,Grade C,"4 1/4""",209.0,269.0,UR0C11B
2026-09-05,Head,Head Speed Tour 2026 Racquet,Grade C,"4 3/8""",189.0,269.0,UR0C35E
2026-09-05,Head,Head Speed Pro 2026 Racquet,Grade A,"4 1/2""",229.0,269.0,URD0E01E
2026-09-05,Head,Head Speed Pro 2026 Racquet,Grade B,"4 1/2""",219.0,269.0,URD0D01B
2026-09-05,Head,Head Speed Pro 2026 Racquet,Grade C,"4 1/2""",209.0,269.0,URD0D05D
2026-09-05,Head,Head Speed Team 2026 Racquet,Grade A,"4""",189.0,239.0,UR0B23B
2026-09-05,Head,Head Speed Team 2026 Racquet,Grade A,"4 1/4""",189.0,239.0,UR8B11G
2026-09-05,Head,Head Speed Pro Legend 2025 Racquet,Grade C,"4 1/4""",199.0,269.0,UR0C29C
2026-09-05,Head,Head Extreme Pro Racquet,Grade A,"4 3/8""",209.0,269.0,UR8A13B
2026-09-05,Head,Head Extreme Pro 2024 Racquet,Grade B,"4 1/2""",149.0,199.0,UR0C11F
2026-09-05,Head,Head Extreme Pro 2024 Racquet,Grade B,"4 1/2""",149.0,199.0,UR0C15A
2026-09-05,Head,Head Extreme Tour Racquet,Grade A,"4 5/8""",159.0,159.0,UR0C15F
2026-09-05,Head,Head Graphene 360+ Extreme MP Racquet,Grade A,"4 3/8""",119.0,139.0,UR8A16C
2026-09-05,Head,Head Boom MP 2026 Racquet,Grade A,"4 3/8""",219.0,259.0,UR0C03E
2026-09-05,Head,Head Boom Pro Racquet,Grade B,"4 1/2""",139.0,159.0,UR0B37C
2026-09-05,Head,Head Gravity Pro 2025 Racquet,Grade B,"4 1/4""",199.0,219.0,UR0C07D
2026-09-05,Head,Head Gravity Pro 2025 Racquet,Grade B,"4 1/4""",199.0,219.0,UR0C09A
2026-09-05,Head,Head Gravity Pro 2025 Racquet,Grade B,"4 1/4""",199.0,219.0,UR0C25A
2026-09-05,Head,Head Gravity Pro 2025 Racquet,Grade B,"4 1/4""",199.0,219.0,UR0C29D
2026-09-05,Head,Head Gravity Pro 2025 Racquet,Grade C,"4 1/4""",179.0,219.0,UR0B37E
2026-09-05,Head,Head Gravity Pro 2025 Racquet,Grade B,"4 3/8""",199.0,219.0,URD0D05C
2026-09-05,Head,Head Gravity Pro 2025 Racquet,Grade B,"4 3/8""",199.0,219.0,URD0D03D
2026-09-05,Head,Head Gravity Pro 2025 Racquet,Grade B,"4 1/2""",199.0,219.0,UR0C31F
2026-09-05,Head,Head Gravity Pro 2025 Racquet,Grade B,"4 1/2""",199.0,219.0,UR8A04G
2026-09-05,Head,Head Gravity Tour 2025 Racquet,Grade B,"4 3/8""",209.0,219.0,URD0D01E
2026-09-05,Head,Head Gravity Tour 2025 Racquet,Grade B,"4 1/2""",209.0,219.0,UR0C29B
2026-09-05,Head,Head Gravity MP 2025 Racquet,Grade A,"4 1/4""",209.0,219.0,UR8B18G
2026-09-05,Head,Head Gravity MP 2025 Racquet,Grade B,"4 1/4""",199.0,219.0,UR0B27A
2026-09-05,Head,Head Gravity MP 2025 Racquet,Grade B,"4 3/8""",199.0,219.0,URD0E01D
2026-09-05,Head,Head Gravity MP XL 2025 Racquet,Grade B,"4 3/8""",169.0,219.0,UR0C21D
2026-09-05,Head,Head Gravity MP L 2025 Racquet,Grade A,"4 1/4""",199.0,199.0,UR8A01C
2026-09-05,Head,Head Gravity MP L 2025 Racquet,Grade A,"4 1/4""",199.0,199.0,UR8A04C
2026-09-05,Head,Head Gravity Team 2025 Racquet,Grade C,"4 1/4""",169.0,199.0,UR8B01G
2026-09-05,Head,Head Gravity Team 2025 Racquet,Grade A,"4 3/8""",189.0,199.0,UR8B20C
2026-09-05,Head,Head Gravity Team 2025 Racquet,Grade A,"4 3/8""",189.0,199.0,UR8B01D
2026-09-05,Head,Head Gravity Team 2025 Racquet,Grade C,"4 3/8""",169.0,199.0,URD0D09B
2026-09-05,Head,Head Radical Pro 2025 Racquet,Grade B,"4 1/4""",219.0,219.0,UR0C31E
2026-09-05,Head,Head Radical Pro 2025 Racquet,Grade B,"4 1/2""",219.0,219.0,UR0B25E
2026-09-05,Head,Head Radical MP 2025 Racquet,Grade B,"4 1/4""",199.0,219.0,UR8A04B
2026-09-05,Head,Head Radical Team 2025 Racquet,Grade B,"4 1/4""",189.0,199.0,UR0B39C
2026-09-05,Head,Head Prestige Pro Racquet,Grade C,"4 3/8""",159.0,269.0,URD0E05B
2026-09-05,Head,Head Prestige Tour Racquet,Grade B,"4 1/2""",199.0,269.0,UR0C03A
2026-09-05,Head,Head Prestige MP L Racquet,Grade B,"4 1/4""",189.0,259.0,UR0B27F
2026-09-05,Head,Head Prestige MP L Racquet,Grade A,"4 3/8""",209.0,259.0,UR8A01D
2026-09-05,Head,Head Prestige MP L Racquet,Grade B,"4 3/8""",189.0,259.0,UR0B29B
2026-09-05,Head,Head Prestige MP L Racquet,Grade B,"4 3/8""",189.0,259.0,URD0D11E
2026-09-05,Head,Head Instinct PWR 110 Racquet,Grade B,"4 1/8""",99.0,139.0,UR8B17B
2026-09-05,Head,Head PWR 110 Racquet,Grade A,"4 1/8""",159.0,199.0,UR0C05C
2026-09-05,Yonex,Yonex EZONE 98+ (2025) Racquet,Grade C,"4 1/4""",229.0,305.0,UR0B29F
2026-09-05,Yonex,Yonex EZONE 98+ (2025) Racquet,Grade C,"4 3/8""",219.0,305.0,UR8B19D
2026-09-05,Yonex,Yonex EZONE 98+ (2025) Racquet,Grade C,"4 3/8""",219.0,305.0,UR8B20D
2026-09-05,Yonex,Yonex Muse 98 Racquet,Grade B,"4 3/8""",239.0,305.0,UR0B31D
2026-09-05,Yonex,Yonex Muse 100 Racquet,Grade A,"4 1/8""",239.0,305.0,UR8B01B
2026-09-05,Yonex,Yonex Muse 100L Racquet,Grade B,"4 1/8""",239.0,305.0,UR0B29D
2026-09-05,Yonex,Yonex Percept 97D Midnight Navy Racquet,Grade B,"4 3/8""",249.0,305.0,UR0C07F
2026-09-05,Tecnifibre,Tecnifibre TFight 300 ID Racquet,Grade B,"4 3/8""",149.0,201.75,UR0B27C
2026-09-05,Tecnifibre,Tecnifibre TFight 300 ID Racquet,Grade C,"4 3/8""",139.0,201.75,UR0C05B
2026-09-05,Tecnifibre,Tecnifibre TFight 305S Racquet,Grade B,"4 1/4""",229.0,279.0,URD0E03D
2026-09-05,Tecnifibre,Tecnifibre TFight 305S Racquet,Grade C,"4 3/8""",189.0,279.0,UR8B18C
2026-09-05,Tecnifibre,Tecnifibre TFight 300 Racquet,Grade B,"4 1/2""",189.0,269.0,UR0B25C
2026-09-05,Tecnifibre,Tecnifibre Fire 285 Racquet,Grade A,"4 3/8""",209.0,249.0,UR0C23B
2026-09-05,Tecnifibre,Tecnifibre Fire 285 Racquet,Grade B,"4 3/8""",199.0,249.0,UR0B27B
2026-09-05,Tecnifibre,Tecnifibre Fire 260 OS Racquet,Grade A,"4 1/4""",209.0,249.0,UR0C01E
2026-09-05,Tecnifibre,Tecnifibre TF40 315g (16x19) Racquet 2024,Grade A,"4 1/4""",239.0,199.0,UR0C01F
2026-09-05,Tecnifibre,Tecnifibre TF40 315g (16x19) Racquet 2024,Grade A,"4 3/8""",239.0,199.0,UR0C05A
2026-09-05,Tecnifibre,Tecnifibre TF40 315g (16x19) Racquet 2024,Grade B,"4 3/8""",229.0,199.0,UR0B35F
2026-09-05,Tecnifibre,Tecnifibre TF40 290g (16x19) Racquet 2024,Grade B,"4 1/4""",209.0,199.0,UR0C07C
2026-09-05,Tecnifibre,Tecnifibre TF40 290g (16x19) Racquet 2024,Grade B,"4 1/4""",199.0,199.0,UR0C09D
2026-09-05,Tecnifibre,Tecnifibre TF40 290g (16x19) Racquet 2024,Grade B,"4 3/8""",199.0,199.0,UR0C03C
